Date,USD_PKR_Rate,Open_USD_per_oz,High_USD_per_oz,Low_USD_per_oz,Close_USD_per_oz,Open_PKR_per_oz,High_PKR_per_oz,Low_PKR_per_oz,Close_PKR_per_oz,Open_PKR_per_tola,High_PKR_per_tola,Low_PKR_per_tola,Close_PKR_per_tola,Volume,Close_PKR_per_gram,Close_USD_per_gram
2020-11-29 21:30:06.374644,158.9354437346086,1811.0810154413002,1839.419957997786,1799.178871064937,1822.5721544452929,287844.9648284886,292349.02723867324,285953.292230638,289671.31410510425,107941.86181068321,109630.88521450246,107232.48458648924,108626.7427894141,37149,9312.992351630153,58.59701173325487
2020-11-30 21:30:06.374644,160.26438063015,1802.1066548315846,1834.1649014577117,1781.7745829004357,1798.4033467364766,288813.50686605537,293951.3019056803,285554.99995108217,288219.9984879103,108305.06507477077,110231.73821463011,107083.12498165581,108082.49943296638,46853,9266.332255912755,57.81996710133832
2020-12-01 21:30:06.374644,162.4605343971641,1787.940883639737,1802.817445748477,1779.652590408281,1780.3341071767313,290469.83142664947,292886.685656828,289123.3108790267,289234.0304574298,108926.18678499355,109832.5071213105,108421.24157963501,108462.76142153618,43613,9298.93359238136,57.23902799288605
2020-12-02 21:30:06.374644,160.78823591118743,1800.6564984378097,1806.2104583869304,1776.2989653869283,1802.5975780180252,289524.3818658312,290417.39328837174,285607.9770954316,289836.4846272973,108571.6431996867,108906.5224831394,107102.99141078684,108688.68173523649,33188,9318.302617904363,57.954814667739164
2020-12-03 21:30:06.374644,164.2010751102447,1776.7458979424086,1787.360566579762,1763.0602422237528,1775.5399038484604,291743.5866398606,293486.526642053,289496.3872572686,291545.56111305766,109403.84498994771,110057.44749076988,108561.14522147572,109329.58541739662,20519,9373.249778583388,57.084890891650794
2020-12-04 21:30:06.374644,162.14278711937231,1807.6668533586992,1838.7239299328735,1790.5871700458695,1806.2907647612603,293100.14178688516,298135.82274240156,290330.79433142673,292877.01894637325,109912.55317008193,111800.93352840058,108874.04787428502,109828.88210488997,46076,9416.056421887,58.07355329018472
2020-12-05 21:30:06.374644,162.19644821605132,1808.632909506584,1816.4833534326242,1794.0279623327904,1807.1527406595765,293353.8340486309,294627.1481703539,290984.9634906585,293113.7559188862,110007.68776823659,110485.18056388272,109119.36130899694,109917.65846958233,32497,9423.667564264602,58.10126643816858
2020-12-06 21:30:06.374644,157.6175200118108,1847.0785070457139,1850.7445057547218,1833.8284475436017,1848.2893049353638,291131.93354766344,291709.75917254377,289043.49202893156,291322.7765082656,109174.47508037378,109391.15968970391,108391.30951084933,109246.04119059959,8133,9366.087207698867,59.42383670440188
2020-12-07 21:30:06.374644,160.6683544958124,1823.4230400498823,1823.4649793044155,1777.5577419543815,1815.503778552251,292966.3793945664,292973.117705581,285597.2774211024,291694.00468092,109862.3922729624,109864.91913959288,107098.9790329134,109385.251755345,47862,9378.022269834106,58.36975834077358
2020-12-08 21:30:06.374644,161.8481557257958,1844.760574623698,1858.3502654037675,1832.9020302548379,1846.2161785161256,298571.0967585048,300770.56314814294,296651.8132228123,298806.68356396153,111964.1612844393,112788.9611805536,111244.42995855463,112052.50633648557,30096,9606.696359438063,59.357184192008155
2020-12-09 21:30:06.374644,160.49469892293064,1826.9074363585237,1874.3295864116408,1826.8852438338358,1844.9157297055579,293208.95895842434,300819.9626534774,293205.3971758562,296099.1945772724,109953.35960940912,112807.48599505401,109952.02394094609,111037.19796647715,5531,9519.65003141951,59.315373823060355
2020-12-10 21:30:06.374644,163.28265770393733,1860.7727671955406,1860.7727671955406,1819.6028509796724,1846.8545508748402,303831.92281079775,302625.3140163778,297109.5894736223,301559.31945945544,113936.97105404915,113936.97105404915,111416.09605260837,113084.74479729579,25393,9695.19416986418,59.377708324620706
2020-12-11 21:30:06.374644,159.7436960089444,1856.610539065622,1887.1294314236338,1856.610539065622,1856.7970253133535,296581.82955950114,301457.03022286907,296589.0271816831,296611.6195619686,111218.18608481293,113046.38633357591,111218.18608481293,111229.35733573823,14476,9536.124600114732,59.69736606212656
2020-12-12 21:30:06.374644,162.71550434508697,1873.8935767329838,1877.0957091280416,1853.972507886748,1868.37076122384,304911.53842712636,305432.57501476794,301670.0716627179,304012.89071615116,114341.82691017239,114537.21563053798,113126.27687351921,114004.83401855669,9850,9774.076990617,60.06947003468548
2020-12-13 21:30:06.374644,163.17947020967236,1856.847377643198,1889.0440912246095,1844.533096609639,1866.8284134179537,302999.3713440364,308253.21400874376,300989.9334889673,304628.0714739049,113624.76425401366,115594.95525327891,112871.22505836273,114235.52680271433,37409,9793.855178559184,60.01988243824501
2020-12-14 21:30:06.374644,164.48868615435322,1831.4351067166906,1857.5899260033143,1829.2610263329605,1829.938337552184,301250.35448078613,305552.5263418474,300892.74285487237,301004.1528874401,112968.8829302948,114582.19737819277,112834.77857057714,112876.55733279005,15097,9677.345450342083,58.83383984285319
2020-12-15 21:30:06.374644,162.6766431559333,1859.4965229335116,1907.4913525498616,1859.4965229335116,1885.7696503302247,302496.65231095365,310304.29008178244,304223.90439525235,306770.6764810591,113436.24461660761,116364.10878066841,113436.24461660761,115039.00368039717,26875,9862.740370404423,60.62885689167536
2020-12-16 21:30:06.374644,160.2995268659093,1876.146507949375,1889.6242284039022,1848.962119727652,1872.0570314879585,300745.3975554128,302905.86976750445,296387.7529853314,300089.8564135184,112779.5240832798,113589.70116281416,111145.40736949927,112533.69615506941,23925,9647.950630578653,60.18798628732967
2020-12-17 21:30:06.374644,162.0507436005058,1924.4948335773677,1925.913487995622,1897.0568887507943,1919.28141561147,311865.81883654406,312095.71283993433,307419.4794745282,311020.98057847016,116949.68206370402,117035.89231497538,115282.30480294809,116632.86771692631,47009,9999.388521684356,61.70628436064977
2020-12-18 21:30:06.374644,167.20035684819038,1881.5697500615474,1900.2319716471197,1865.5790760406308,1879.3620472701448,314599.1336450511,317719.4637537388,311925.4872425108,314230.00495051383,117974.67511689416,119144.79890765205,116972.05771594154,117836.25185644269,24492,10102.55931553864,60.422847823239984
2020-12-19 21:30:06.374644,167.51948217733988,1904.7216831025792,1922.1717372218193,1879.260632924759,1897.1557536898745,319077.99004529533,322001.21407531697,314812.7681038156,317810.5494678887,119654.24626698575,120750.45527824387,118054.78803893086,119178.95605045828,35620,10217.674558509798,60.99492834214395
2020-12-20 21:30:06.374644,164.48697960731496,1933.1818438866655,1947.3597212046693,1908.4877532402654,1935.4279832880839,317983.24253261747,320315.318749899,313921.3861480419,318352.7032185338,119243.71594973156,120118.24453121211,117720.51980551571,119382.26370695017,15579,10235.104913147305,62.22540817876071
2020-12-21 21:30:06.374644,164.36751005289725,1945.7327928997067,1958.9200848956102,1928.243538836361,1937.1989077856415,319815.25439719437,321982.81674690155,316940.5892541197,318412.560949918,119930.72039894789,120743.55628008809,118852.7209702949,119404.71035621925,27034,10237.029351527714,62.28234468100508
2020-12-22 21:30:06.374644,164.96891040848564,1931.0577382426247,1965.3602274187372,1927.8964193854993,1938.2454098013138,318564.4910137605,324223.3352774426,318042.9716864467,319750.2333591715,119461.6841301602,121583.75072904097,119266.11438241751,119906.3375096893,10774,10280.03579472645,62.31599047699821
2020-12-23 21:30:06.374644,167.35285864730827,1948.0132981617137,1963.0616594558971,1918.8938601796701,1939.3079181712023,326005.59413033404,328523.98041087313,321132.3729418361,324548.7239033109,122252.09779887527,123196.49265407742,120424.63985318854,121705.77146374158,33394,10434.308253064264,62.350150888845384
2020-12-24 21:30:06.374644,164.54163752142856,1904.7359522452875,1908.6720347836404,1883.1653976222476,1898.6125705676316,313408.37262837717,314056.02209465724,309859.11824845674,312400.8213799669,117528.13973564144,117771.00828549647,116197.16934317128,117150.3080174876,25405,10043.750687370335,61.04176605744149
2020-12-25 21:30:06.374644,166.42352023803926,1933.6714200961446,1939.823002394226,1915.2769788123962,1928.9750655271316,321808.40471608884,322832.17269716953,318747.1370448355,321026.8208564277,120678.15176853331,121062.06476143858,119530.17639181331,120385.05782116039,38639,10321.078345435562,62.01794220994845
2020-12-26 21:30:06.374644,168.7408521720452,1892.928682476695,1901.6664837569654,1890.057181980373,1896.3108822324027,319414.3989820243,320888.8230161671,318929.85954126244,319985.1142510185,119780.3996182591,120333.30863106265,119598.69732797341,119994.41784413194,39524,10287.587263728732,60.96776511429269
2020-12-27 21:30:06.374644,168.04447165813107,1902.7452812537135,1929.2264295485506,1898.0007004859765,1907.5541643972647,319745.8254882823,324195.83606238884,318948.5249199286,320553.93171540607,119904.68455810586,121573.43852339582,119605.69684497322,120207.72439327728,47527,10305.874862249424,61.32924476014804
2020-12-28 21:30:06.374644,164.2452924568923,1933.0078041403842,1933.0078041403842,1910.6792465635076,1920.0791310671275,317487.43211249256,315974.89420130284,313820.0716431379,315363.958422496,119057.7870421847,119057.7870421847,117682.52686617672,118261.484408436,9218,10139.016152986625,61.731931488968364
2020-12-29 21:30:06.374644,165.7967348001865,1905.2461996263742,1928.1217370565869,1898.1690157686128,1918.4261615838032,315883.5988885171,319676.28830124583,314710.2249133197,318068.79354584956,118456.34958319392,119878.6081129672,118016.33434249488,119275.79757969358,17631,10225.97715875288,61.678787325664416
2020-12-30 21:30:06.374644,166.3710329868894,1925.1103364238134,1961.7107413669657,1911.4587252704046,1931.1401636754551,320282.595284568,326371.8424626987,318011.36263504,321285.7838731561,120105.973231713,122389.44092351201,119254.26098814001,120482.16895243354,10728,10329.404059707951,62.087551679889884
2020-12-31 21:30:06.374644,165.49773797154387,1896.9079668298116,1905.089389275931,1890.6107836489637,1893.3314997963837,313933.9776505342,315287.9845587565,312891.8080785114,313342.0804465721,117725.24161895033,118232.9942095337,117334.42802944177,117503.28016746455,21303,10074.012360036399,60.8719758161102
2021-01-01 21:30:06.374644,168.88581704241466,1864.1737006231274,1868.4591994950054,1843.577127183278,1854.059180272541,314832.49853871856,315556.25851713005,311354.0294050555,313124.29950531764,118062.18695201946,118333.59694392377,116757.76102689581,117421.61231449412,6400,10067.010657964174,59.60934236573186
2021-01-02 21:30:06.374644,166.48771497812393,1922.427865034364,1933.4706136624345,1889.3396638165457,1917.2563300646082,320060.6224598445,321899.1044460098,314551.84344635357,319199.6254198004,120022.7334224417,120712.16416725368,117956.94129238259,119699.85953242515,13188,10262.333636181855,61.64117639701667
2021-01-03 21:30:06.374644,167.00911737700667,1938.7826978957658,1944.8544199712692,1920.6291134105109,1926.206477392968,323794.38716138364,324808.4201061719,320762.5730392723,321694.0436752728,121422.89518551886,121803.15753981448,120285.9648897271,120635.2663782273,34592,10342.529696350077,61.92893010088794
2021-01-04 21:30:06.374644,165.64209059469908,1939.3922201050516,1939.3922201050516,1913.7136294450165,1921.322298422693,321244.9818212955,319971.1681822941,316991.5263808418,318251.8422169472,120466.86818298581,120466.86818298581,118871.82239281567,119344.4408313552,19766,10231.862211193004,61.77190021774697
2021-01-05 21:30:06.374644,166.05826501321795,1946.2951468528395,1962.6461870447204,1898.6411242884046,1943.0649326760852,323198.39529002877,325913.6206554539,315285.05098207796,322661.9915282158,121199.39823376079,122217.6077457952,118231.89411827923,120998.24682308093,45578,10373.64941898842,62.470941619949045
2021-01-06 21:30:06.374644,171.19791592863365,1965.9046983996407,1972.3363883862587,1963.1443363229914,1965.465600705177,336558.7872803276,337659.87920193566,336086.2190455968,336483.6146701463,126209.54523012284,126622.45470072588,126032.33214209879,126181.35550130488,12618,10818.017446956865,63.19113928352684
2021-01-07 21:30:06.374644,169.0829385376069,1913.314945554331,1935.617258584601,1901.2036300281625,1921.6472948117218,323508.91334224766,327279.85396559123,321461.09652352694,324917.77143960894,121315.84250334286,122729.94523709672,120547.9111963226,121844.16428985336,5927,10446.173207291955,61.78234908649257
2021-01-08 21:30:06.374644,167.05535073542532,1975.1910792569481,1983.5198413343226,1954.71107542683,1968.8099581220888,329966.23851475277,331357.60278478044,326544.9442918495,328900.2380854836,123737.33944303228,124259.10104429266,122454.35410944356,123337.58928205635,14485,10574.210329394406,63.298662791071386
2021-01-09 21:30:06.374644,168.2001618274852,1983.896852568502,1983.896852568502,1964.2363356006476,1972.2325300050634,333691.7716510606,333325.13888763357,330384.86951545544,331729.83070828224,125134.41436914774,125134.41436914774,123894.32606829579,124398.68651560583,34918,10665.182314438087,63.40870095021664
2021-01-10 21:30:06.374644,171.19491639389418,2018.6273542657325,2045.6265784976076,2013.4156539386925,2029.819365112658,345578.74114394985,350200.87107902573,344686.52454219223,347494.75650516886,129592.0279289812,131325.32665463464,129257.44670332209,130310.53368943832,43767,11172.027922619884,65.26015931045245
2021-01-11 21:30:06.374644,171.15313584454148,1977.7018964689084,2010.8602713413163,1973.7250589576659,1985.9992953941412,338489.8813463504,344165.04118527187,337809.23313555703,339910.0071917571,126933.7055048814,129061.89044447694,126678.46242583389,127466.25269690891,46303,10928.176671545689,63.851312405167945
2021-01-12 21:30:06.374644,171.85643406733752,2020.5522348848833,2050.357523999753,2000.2578152809178,2020.8030734020454,347244.90193410544,352367.13263773295,343757.17534950166,347288.01014719164,130216.83822528954,132137.67473914986,128908.94075606312,130233.00380519687,37782,11165.380984670513,64.97027901689667
2021-01-13 21:30:06.374644,167.64819169996503,1995.6936841351844,2018.542321425492,1983.6140511653412,1997.9531603423122,334574.43733230483,338404.9700568333,332549.30870851135,334953.23443261895,125465.4139996143,126901.86377131249,124705.99076569176,125607.4629122321,12265,10768.815407427306,64.23563780096491
2021-01-14 21:30:06.374644,172.01821008178504,1985.9866414380513,2002.081770158155,1959.7133578844123,1981.5787265854576,341625.8673065094,344394.52253997757,337106.3840966412,340867.6256833733,128109.70023994103,129147.94595249159,126414.89403624045,127825.35963126499,41898,10958.964303091992,63.709187923721046
2021-01-15 21:30:06.374644,168.13721916705197,1986.9224354222292,2010.289784840192,1986.9224354222292,2000.515941298915,334075.61299252004,338004.5341429611,336067.0408383726,336361.187269357,125278.35487219502,126751.70030361041,125278.35487219502,126135.44522600886,20921,10814.081380830663,64.31803306055316
2021-01-16 21:30:06.374644,168.37953183982773,2018.4066175490684,2030.734777328971,1999.8813628177093,2018.028445172885,339858.36132532236,341934.1710975089,336739.08760644257,339794.6848376659,127446.88549699588,128225.31416156585,126277.15785241596,127423.0068141247,43696,10924.469034132777,64.88107271441751
2021-01-17 21:30:06.374644,171.51649916349967,1998.4363393978495,2009.7095802624856,1985.9694194576368,2001.837308884696,342764.8047346386,344698.3515419679,340626.5222711417,343348.12711478444,128536.80177548947,129261.88182823797,127734.94585167815,128755.54766804416,45138,11038.7129345031,64.36051598323971
2021-01-18 21:30:06.374644,171.38555610438894,2024.7418548470664,2042.3763470501115,2016.7039998352336,2032.8344140978081,347011.50876079645,350033.8060136338,345633.936509707,348398.4565282925,130129.31578529868,131262.67725511268,129612.72619114013,130649.42119810969,47403,11201.082064309816,65.35709531396171
2021-01-19 21:30:06.374644,171.3234642789654,1984.540546386119,2013.9129671983117,1974.0193436953184,1994.8571588727687,339998.36140894075,345030.54629674513,338195.83251557156,341765.83919977717,127499.38552835278,129386.45486127943,126823.43719333934,128162.18969991643,45772,10987.84205246197,64.13609911658716
2021-01-20 21:30:06.374644,174.76792013826204,2040.6957125115398,2061.75121068499,2015.8194174759183,2049.8535513360707,356648.14531071053,360327.9709339594,352300.5669665892,358248.64175503526,133743.05449151644,135122.9891002348,132112.71261247096,134343.24065813824,6250,11517.76754613668,65.90427287398751
2021-01-21 21:30:06.374644,171.66724766410758,2007.6187319144979,2009.544681150142,1987.4335086172564,2001.8876155862567,344642.3820666677,344973.0044710915,341177.24033974484,343658.5371005557,129240.89327500039,129364.8766766593,127941.46512740431,128871.9514127084,41912,11048.692679416015,64.36213338004588
2021-01-22 21:30:06.374644,171.4429630595963,1994.5617705121726,2005.755103427956,1990.3327783807867,2001.8539724418024,341953.57994200144,343872.59810359584,341228.5490002409,343203.77664804604,128232.59247825053,128952.22428884843,127960.70587509035,128701.41624301727,48878,11034.07203729572,64.36105172864154
2021-01-23 21:30:06.374644,169.94890111714076,2043.4363923266587,2062.497844238885,2026.2354287845822,2044.9219660704289,347279.76937869017,350519.2421848703,344356.48452655826,347532.2410039724,130229.91351700881,131444.71581932635,129133.68169745934,130324.59037648965,21535,11173.233056969277,65.74571884419531
2021-01-24 21:30:06.374644,168.90200604275367,2005.536572153378,2030.8778709353815,1978.7246782267039,2001.750212013044,338739.15022881335,343019.3464288225,334210.56755879254,338099.6264055106,127027.18133580501,128632.25491080843,125328.9628345472,126787.35990206647,41255,10869.97255676153,64.35771575588097
2021-01-25 21:30:06.374644,170.3841152061552,2008.072046557043,2026.4693728819254,2004.4691367642024,2011.5232960848484,342143.57892283506,345278.19109085907,341529.7003256143,342731.61701998586,128303.84209606315,129479.32165907216,128073.63762210537,128524.3563824947,35623,11018.892008101398,64.67192747069778
2021-01-26 21:30:06.374644,173.4193905402408,2019.4494451493472,2020.6796078568216,1984.053964161233,2010.7833398154496,350211.69200462726,350425.0260716228,344073.4292637898,348708.8212992652,131329.3845017352,131409.38477685855,129027.53597392117,130765.80798722446,13427,11211.060355557653,64.64813734195346
2021-01-27 21:30:06.374644,173.024537711605,1991.092455727061,2014.8545041153807,1959.1051250552002,1986.0053100040154,344507.85169323906,348619.2691307089,338973.25859111216,343627.65065623756,129190.44438496465,130732.22592401583,127114.97197166705,128860.36899608909,12594,11047.699673875952,63.85150577922148
2021-01-28 21:30:06.374644,172.78127903161837,1994.225270799409,2018.5368089009794,1973.5153746968497,1995.6460702362078,344564.79296589736,348765.37161431264,340986.51062868524,344810.2805098349,129211.79736221151,130787.01435536724,127869.94148575696,129303.85519118808,11722,11085.72146700858,64.1614631869792
2021-01-29 21:30:06.374644,169.86251922598385,1989.6438964858128,1996.550883051657,1982.5523371491056,1995.6282728878773,337965.9246196828,339139.1627580171,336761.33448550914,338982.445871334,126737.22173238103,127177.1860342564,126285.50043206592,127118.41720175024,21301,10898.355384237846,64.16089098937024
2021-01-30 21:30:06.374644,170.3930949678934,1941.6745166221879,1988.6471531686336,1941.6745166221879,1956.211226257996,330847.93030754296,338851.74322749383,331820.977193285,333324.8852530379,124067.97386532862,127069.40371031019,124067.97386532862,124996.83196988922,5405,10716.463646252505,62.893604457954766
2021-01-31 21:30:06.374644,174.1512603966901,1973.5416509812264,2014.8440268290362,1973.5416509812264,1994.7081767040263,343694.76596374525,350887.62677501916,345965.68191547337,347380.9430965898,128885.53723640446,131582.8600406322,128885.53723640446,130267.85366122119,47177,11168.36879811567,64.13130923220943
2021-02-01 21:30:06.374644,172.15598928095358,2017.7368988879696,2017.7368988879696,1998.14685378097,2007.0941817421658,347365.4919367418,346162.3350043226,343992.9483412878,345533.28443786857,130262.05947627817,130262.05947627817,128997.35562798292,129574.98166420072,15321,11108.966192061105,64.52952824415792
2021-02-02 21:30:06.374644,179.03781435745276,2025.6756540404213,2031.1070442860555,2001.900810620315,2008.5975308792085,362672.5416965006,363644.9659350014,358415.94569387415,359614.91185238975,136002.20313618775,136366.86222562552,134405.9796352028,134855.59194464615,5690,11561.69341089216,64.57786200521512
2021-02-03 21:30:06.374644,172.0122408240173,1993.8585493348912,2007.7554552032418,1979.0438083275426,1983.105089158971,342968.0769572191,345358.51487615454,340419.76015931764,341118.35017574724,128613.02885895717,129509.44307855796,127657.41005974411,127919.38131590522,19856,10967.025147111217,63.75826158339
2021-02-04 21:30:06.374644,174.9049827288505,2011.0006010407053,2059.716540663683,2011.0006010407053,2031.5619210229925,351734.0253927326,360254.68597110925,352719.09927318303,355330.3027091169,131900.25952227472,135095.50723916598,131900.25952227472,133248.86351591884,26483,11423.942345329118,65.31618374211881
2021-02-05 21:30:06.374644,173.85357222322997,2031.3537309424773,2031.3537309424773,2005.6606466353674,2020.6397814276984,353158.10257333564,352963.3046775296,348691.268085112,351295.444177572,132434.28846500086,132434.28846500086,130759.22553191699,131735.7915665895,12651,11294.220813322145,64.96502906192867
2021-02-06 21:30:06.374644,174.63076111997032,2014.8184031010605,2039.4121895452538,2012.2554159712115,2026.212185776216,351849.27125206136,356144.10289763287,351401.69485883514,353838.9761926593,131943.47671952302,133554.03858661233,131775.63557206318,132689.61607224724,38425,11375.995890967699,65.14418588828319
2021-02-07 21:30:06.374644,174.96258320218323,1984.7664550162378,1987.4375873575318,1964.873409152969,1969.8204986175072,347259.86602268077,347727.21423718845,343779.32733068377,344644.8828827316,130222.44975850529,130397.70533894567,128917.2477490064,129241.83108102436,17376,11080.403899264777,63.331152398203
2021-02-08 21:30:06.374644,173.36952483176466,2056.9045784119944,2057.3358565493254,2031.7714224515344,2052.1919836853467,356604.5693835687,356679.3398693081,352247.2460771811,355787.5490750851,133726.71351883828,133754.75245099055,132092.7172789429,133420.3309031569,13907,11438.64291007861,65.9794551637387
2021-02-09 21:30:06.374644,173.77922539926632,2028.2477719245246,2051.5361878158924,2018.2334054435255,2036.2740499734605,352467.3267228317,356514.36959720956,350727.03787289927,353862.12710501486,132175.2475210619,133692.88859895358,131522.63920233722,132698.29766438057,9875,11376.740197563493,65.4676820928018
2021-02-10 21:30:06.374644,176.26037066565115,2022.968744984969,2034.201436025785,2004.7735917693637,2025.1114235231607,356569.22083607776,358549.0991225047,353362.13638597686,356946.8901494368,133713.45781352915,134455.91217093926,132510.80114474133,133855.08380603878,11963,11475.915964166563,65.10879558645043
2021-02-11 21:30:06.374644,178.21253698399047,2014.6233944600353,2067.633814541545,2004.915061517202,2021.2245165413306,359031.1461940215,368478.26764333434,357300.9995503939,360207.54890707013,134636.67982275807,138179.35036625038,133987.87483139773,135077.8308401513,48084,11580.746814141914,64.98382871835422
2021-02-12 21:30:06.374644,176.1990544644142,2078.1156729425247,2093.8691548429656,2067.365875522369,2071.8167092724116,366162.01664015267,368937.7652555326,364267.9124990372,365052.145197373,137310.75624005724,138351.6619708247,136600.46718713897,136894.5544490149,38833,11736.501581705666,66.61040427194405
2021-02-13 21:30:06.374644,174.88655837424625,2017.198686780214,2019.5726361371096,2001.3976217115887,2015.610270322349,352780.9358880408,353196.107720823,350017.5419995414,352503.1432004597,132292.8509580153,132448.54039530864,131256.57824982802,132188.6787001724,14247,11333.048585405728,64.80332664562988
2021-02-14 21:30:06.374644,176.89270088921066,2015.8304083492794,2045.7950109867825,2008.4415862115313,2021.4032867398698,356585.6854675045,361886.2049591243,355278.6567631682,357571.4869777431,133719.6320503142,135707.32685967162,133229.49628618808,134089.30761665368,13874,11495.99688071448,64.98957630941437
2021-02-15 21:30:06.374644,178.5639679100271,2064.1051994529057,2067.51014048786,2038.9857460341186,2056.62064990834,368574.8145980287,369182.81437972985,364089.385323839,367238.3437333319,138215.55547426076,138443.5553923987,136533.5194964396,137714.37889999946,34439,11806.788314471833,66.12183998290675
2021-02-16 21:30:06.374644,174.05281766843015,2025.730738657501,2044.9150511283992,2021.6602076148934,2029.0464956513988,352584.14290088834,355923.2265414798,351875.6555035157,353161.25974838005,132219.05358783313,133471.20995305493,131953.3708138184,132435.4724056425,12820,11354.207167836292,65.23531099880717
2021-02-17 21:30:06.374644,175.27444040072874,2072.012679638361,2094.3418834808112,2069.722865097118,2081.5419219905402,363170.86292682815,367084.6016349074,362769.5169644903,364841.0955475493,136189.07359756055,137656.72561309027,136038.56886168386,136815.41083033098,42803,11729.716292037978,66.92307688814893
2021-02-18 21:30:06.374644,176.1094157236753,2041.295853430554,2042.1751241551656,2032.3624664110064,2039.3326031505378,359491.42006681603,359646.2679203903,357918.16649837,359145.673207083,134809.282525056,134867.35047014637,134219.31243688875,134679.62745265613,28660,11546.607291894388,65.56601678751709
2021-02-19 21:30:06.374644,172.79564849642077,2034.735221447874,2054.299236577092,2001.4775310331593,2039.8554353817622,351593.3921085937,354973.9687900407,345846.6079258899,352478.14279574034,131847.52204072266,133115.23829626525,129692.47797220871,132179.30354840262,47917,11332.244817249883,65.58282622154299
2021-02-20 21:30:06.374644,177.07228165124076,2014.4918486084982,2043.3422441252371,2010.0626265855822,2021.0102655811509,356710.66800093267,361819.27336162236,355926.375551395,357864.8989670344,133766.50050034974,135682.22751060838,133472.3908317731,134199.3371126379,17917,11505.430136543031,64.97694039516938
2021-02-21 21:30:06.374644,177.04792482538005,2026.0508884599608,2037.6568139501978,2010.585132805101,2029.9870184095673,358708.1053924536,360762.91041617806,355969.9254479043,359404.98903187446,134515.5395221701,135286.0914060668,133488.7220429641,134776.8708869529,29383,11554.944349018597,65.26554948509227
2021-02-22 21:30:06.374644,178.56688315855865,2047.1123153093347,2057.122269536712,2036.3522283051416,2045.5032776629268,365546.46562028845,367333.91194723104,363625.07042143476,365259.1447828846,137079.92460760818,137750.21698021164,136359.40140803804,136972.17929358175,40924,11743.156660972372,65.7644084319426
2021-02-23 21:30:06.374644,172.0039014712873,2016.5239927897462,2023.4509586537934,1990.615163964912,2012.410319833174,346849.9941702944,348041.4593242689,342393.5745298711,346142.42637238704,130068.74781386039,130515.54724660085,128397.59044870167,129803.40988964515,28964,11128.55023059372,64.70044592515872
2021-02-24 21:30:06.374644,172.6475789325542,2059.5608793782767,2091.407361511364,2046.2046798921303,2057.0327512945805,355578.1994888618,361076.41752665816,353272.2839838384,355141.72429598024,133341.82480832317,135403.6565724968,132477.1064939394,133178.14661099258,35474,11417.879510544632,66.13508934025369
2021-02-25 21:30:06.374644,176.63029414613692,2038.5389379470662,2050.5162522886726,2022.0380497253523,2041.651868804235,360067.73223794386,362183.2887931825,357153.17549767,360617.57013090217,135025.39958922894,135818.73329744345,133932.44081162626,135231.58879908832,30880,11593.929080854623,65.6405828541558
2021-02-26 21:30:06.374644,175.82920510510138,2045.3868237974434,2065.6750049750767,2045.3868237974434,2049.7863006997895,359638.7393607525,363205.9941302441,360089.445733244,360412.2958873703,134864.5272602822,136202.24779884153,134864.5272602822,135154.61095776386,16217,11587.329471687573,65.90211071743661
2021-02-27 21:30:06.374644,174.84013562723246,2086.0736693251497,2099.203778688445,2074.5121837668767,2092.7479444024657,364729.40327320766,367025.07337508653,362707.99157014687,365896.334432939,136773.52622745288,137634.40251565745,136015.4968388051,137211.12541235212,13432,11763.6424393306,67.28335860602394
2021-02-28 21:30:06.374644,176.42965612510085,2050.397776434235,2091.6620816418513,2022.6892219804795,2055.9841881621924,361750.97461596347,369031.2217939844,356862.36388196377,362736.58331610024,135656.6154809863,138386.70817274414,133823.3864557364,136026.21874353758,21852,11662.055790769684,66.1013772778688
2021-03-01 21:30:06.374644,176.20772204385946,2014.8606612326298,2056.7702351563803,2014.8606612326298,2025.9010111710195,355034.00735158613,362418.7979045189,356436.73291486356,356979.40226479684,133137.7527568448,135907.0492141946,133137.7527568448,133867.2758492988,20592,11476.961235365125,65.13418139987523
2021-03-02 21:30:06.374644,176.5513259219975,2055.70434873359,2088.203965212328,2038.4971062386185,2069.33829774331,362937.32847253163,368675.17885380925,359899.36699458305,365344.4202477506,136101.49817719936,138253.19207017845,134962.26262296864,137004.15759290647,47051,11745.898284714203,66.53072155041426
2021-03-03 21:30:06.374644,179.86978586216367,2080.8782217490298,2080.8782217490298,2031.030450440957,2056.5501967844375,374287.12015123793,371478.74309448357,365321.0122003488,369911.24351040734,140357.6700567142,140357.6700567142,136995.3795751308,138716.71631640274,11431,11892.722592284186,66.11957486406473
2021-03-04 21:30:06.374644,180.46409640425838,2029.1302693848872,2054.361931248183,2015.0659893725172,2029.840016112028,366185.1605510731,370738.5696100105,363647.0629670642,366313.2443528624,137319.43520665242,139026.96360375395,136367.64861264906,137367.4666323234,6439,11777.046179040071,65.26082325500435
2021-03-05 21:30:06.374644,179.1477654093009,2078.305073469636,2087.805713475164,2063.7864606038797,2082.666235833584,372323.70975089824,374025.7281778467,369722.7326991552,373105.0022429866,139621.39115658685,140259.64806669252,138646.0247621832,139914.37584111997,20311,11995.402592688612,66.9592243906179
2021-03-06 21:30:06.374644,174.21722891318913,2107.9584207558373,2107.9584207558373,2080.999189771463,2092.4062175325334,367242.6747283044,364565.46752094274,362545.9122125761,364533.2129792456,137716.00302311414,137716.00302311414,135954.71707971604,136699.9548672171,6680,11719.817804116694,67.27237184022806
2021-03-07 21:30:06.374644,174.73112289293533,2108.43763218478,2140.2414331269897,2102.088440672969,2111.2207072189235,368409.67502136837,373966.7888722641,367300.2736590474,368895.9648471796,138153.62813301315,140237.54582709903,137737.60262214276,138335.98681769235,42561,11860.08117435634,67.87727127876038
2021-03-08 21:30:06.374644,174.45424357779092,2100.1531449077456,2119.990032811356,2100.1531449077456,2115.6538132547153,366380.62829239946,369841.2575665612,367488.99205708614,369084.7856638203,137392.7356096498,138690.47158746046,137392.7356096498,138406.7946239326,5512,11866.151802463357,68.01979884111805
2021-03-09 21:30:06.374644,173.80909026506265,2107.1244815228947,2107.1244815228947,2078.8245738803703,2093.9507063794017,366237.38920873613,366182.3492981675,361318.60800680367,363947.6673356891,137339.02095327605,137339.02095327605,135494.47800255136,136480.37525088343,20441,11700.99239119371,67.3220282726832
2021-03-10 21:30:06.374644,177.04746153233717,2074.117168672561,2095.190575655219,2050.7529151947588,2073.151664374004,367217.1796341153,370948.1728462328,363080.5978652724,367046.23954895727,137706.44236279326,139105.5648173373,136155.22419947715,137642.33983085898,49903,11800.61212541658,66.65332404308211
2021-03-11 21:30:06.374644,176.09482759358255,2094.6492394033226,2100.4755117731224,2080.2964374517396,2086.5081859517472,368856.8966817569,369882.8731102301,366329.44249660807,367423.2992777716,138321.33625565883,138706.07741633628,137373.54093622803,137783.73722916434,11224,11812.734673282266,67.08274586306194
2021-03-12 21:30:06.374644,176.58131036936894,2101.7647037400484,2101.7647037400484,2080.494807594272,2098.224055056521,371132.3654745062,370878.66020724084,367376.49934166466,370507.1530904114,139174.63705293983,139174.63705293983,137766.18725312426,138940.18240890428,20766,11911.881207896458,67.45941952052088
2021-03-13 21:30:06.374644,177.4181480780519,2118.77027344754,2129.979895406825,2105.9299120866303,2117.850663794645,375908.2981178902,377897.0884865616,373630.1849845846,375745.1426763188,140965.61179420882,141711.4081824606,140111.3193692192,140904.42850361957,30058,12080.283650859017,68.0904291733935
2021-03-14 21:30:06.374644,175.81654050059075,2083.9477019342385,2108.6409222619586,2081.2675468981697,2100.310555203168,366392.47553823405,370733.95211007266,365921.2599517872,369269.33579269605,137397.17832683778,139025.23204127725,137220.4724819202,138476.000922261,26335,11872.08512707999,67.52650200791447
2021-03-15 21:30:06.374644,175.62648871679232,2090.815099570672,2114.9457149630193,2060.7676317757105,2077.7888449053803,367202.5144936476,371440.489745581,361925.38322998764,364914.75912565173,137700.94293511787,139290.18365459287,135722.01871124536,136843.0346721194,25786,11732.084591231087,66.80241274793448
2021-03-16 21:30:06.374644,176.9771855561625,2045.2065682824887,2052.3054516120806,2018.415872824795,2045.4009329210742,361954.90233561234,363211.24272787507,357213.5604544175,361989.3004423209,135733.08837585463,136204.21602295316,133955.08517040656,135745.98766587034,8813,11638.03049261577,65.761117974539
2021-03-17 21:30:06.374644,177.5311965986258,2059.181264773671,2059.181264773671,2040.0594592080697,2054.2775935211234,365568.9139487415,365386.17337836436,362174.1969255541,364698.3593235505,137088.34273077807,137088.34273077807,135815.3238470828,136761.88474633143,22702,11725.127293066824,66.0465090269945
2021-03-18 21:30:06.374644,176.48491579497068,2068.276119117456,2083.9487635376167,2039.4621960628733,2060.8839421671255,365019.53672319296,367785.52205396956,359934.31393918215,363714.92899657233,136882.32627119735,137919.57077023858,134975.3677271933,136393.09837371463,34738,11693.509805702557,66.25890790962835
2021-03-19 21:30:06.374644,177.36116946862043,2027.193193297031,2052.9356820153184,2027.193193297031,2041.747853314587,359545.35550198855,364111.0734060968,361829.3009630861,362126.78702392045,134829.50831324572,136541.6525272863,134829.50831324572,135797.54513397015,12303,11642.450714503615,65.64366882552082
2021-03-20 21:30:06.374644,174.77514760892694,2066.7790248450947,2078.9289726599327,2042.824378816092,2062.010140029384,361221.6091423355,363345.1180651146,357034.93234669697,360388.1265947397,135458.1034283758,136254.41927441797,133888.09963001136,135145.54747302737,44492,11586.552423956393,66.29511598467644
2021-03-21 21:30:06.374644,176.32865879657732,2074.9933465269078,2096.4014719570728,2068.9438334745755,2072.0565603041427,365880.79380491126,369655.6598493611,364814.0912820211,365362.95422907884,137205.29767684173,138620.87244351042,136805.2842307579,137011.10783590458,48736,11746.494156027486,66.61811565592755
2021-03-22 21:30:06.374644,175.65667543658097,2061.248084843721,2072.399403131749,2040.1107193626672,2057.159653303921,362071.98583366757,364030.7893308777,358359.06648577773,361353.82554163627,135776.99468762532,136511.54599907913,134384.64993216665,135507.6845781136,16928,11617.599843802607,66.13916933155178
2021-03-23 21:30:06.374644,178.8559148667546,2071.7847086761194,2086.7165325355772,2052.83390913216,2066.995760585429,370550.94947722,373221.59449423256,367161.4868873287,369694.4177852101,138956.6060539575,139958.09793533722,137685.55758274824,138635.4066694538,18253,11885.75160060475,66.45540728810033
2021-03-24 21:30:06.374644,177.20304348449204,2083.048125020415,2117.027218796748,2046.885089387563,2081.3216586735766,369122.46747828217,375143.66631029337,362714.2675025027,368816.5323871489,138420.9253043558,140678.87486636,136017.8503134385,138306.19964518084,24195,11857.527404422226,66.91599526334903
2021-03-25 21:30:06.374644,174.7904723973946,2085.945721265302,2097.196324056768,2071.733956859388,2086.8221392904684,364603.43801528617,366569.9361919619,362119.357001176,364756.62753592257,136726.28925573232,137463.72607198573,135794.75887544098,136783.73532597098,34983,11727.000628083932,67.09283968976058
2021-03-26 21:30:06.374644,173.45018506572373,2067.7995766817767,2097.4727474349897,2067.7995766817767,2083.2634767529958,358660.21925427933,363807.03621291096,359927.3356921505,361342.43558347016,134497.58222035476,136427.63857984162,134497.58222035476,135503.4133438013,20491,11617.233654303953,66.97842611773581
2021-03-27 21:30:06.374644,173.70494042418758,2037.3123416371716,2051.712496512,2028.8153236244748,2033.5176937956448,353891.218929547,356392.59697417816,352415.24492186826,353232.06985230383,132709.20709858014,133647.2238653168,132155.7168457006,132462.02619461395,9947,11356.483727247423,65.37906324997653
2021-03-28 21:30:06.374644,178.08736297074338,2078.5523474824563,2090.067806012643,2060.4772640951574,2082.858016306315,370163.9063597989,372214.66400283884,366944.96242387855,370930.6915664653,138811.4648849246,139580.49900106457,137604.36090895446,139099.00933742448,22927,11925.498057049424,66.96539027139438
2021-03-29 21:30:06.374644,176.3207764227208,2098.231905618681,2110.0947395908515,2075.0338980278566,2090.817580560558,369961.8787136109,372053.5428101578,365871.5880037365,368654.57916271215,138735.70451760408,139520.07855380917,137201.8455014012,138245.46718601705,14679,11852.320574932875,67.22129601364985
2021-03-30 21:30:06.374644,178.1722944656544,2011.7637859663457,2037.1409493015556,2009.5087429133198,2019.3745720299164,358440.5696685355,362962.0770869995,358038.783473659,359796.6008841691,134415.2136257008,136110.7789076248,134264.54380262212,134923.72533156342,21386,11567.534750648441,64.9243516655655
2021-03-31 21:30:06.374644,179.0465438930538,2057.192835414747,2082.186553795831,2051.680561294744,2053.692183448162,368333.26730256237,372808.3061977317,367346.3136723847,367706.4876665728,138124.97523846087,139803.11482414938,137754.86762714427,137889.93287496478,19675,11821.83923825144,66.02768767013879
2021-04-01 21:30:06.374644,175.45361480873606,2075.907654315352,2081.1587703082373,2048.0815686432297,2064.7387546706022,364225.5019587526,365146.8292414843,359343.3146416012,362265.87814264523,136584.56323453222,136930.0609655566,134753.74299060044,135849.70430349198,13999,11646.92252259019,66.38284291705442
2021-04-02 21:30:06.374644,177.37261201342358,2079.5233043391117,2100.543370375977,2060.155834297865,2088.7121257084423,368850.4802334138,372578.8642510672,365415.2214841062,370480.3254810168,138318.93008753017,139717.07409415022,137030.70805653982,138930.1220553813,12354,11911.018694734337,67.15360411877899
2021-04-03 21:30:06.374644,179.87835360442074,2083.8511290791316,2087.742246144308,2065.2050114085723,2075.2223662783367,374839.71025546745,375539.6379868334,371485.6773077729,373287.5826092174,140564.8913458003,140827.36424506252,139307.12899041484,139982.84347845652,23144,12001.272589030908,66.71989860556968
2021-04-04 21:30:06.374644,174.68379520772223,2027.9129346260888,2052.8773384551982,2009.8772895527925,2028.543087360857,354243.52777131466,358604.40457728173,351092.9928408918,354353.60524258454,132841.322914243,134476.65171648064,131659.87231533445,132882.6019659692,15536,11392.541320813545,65.21912605850972
2021-04-05 21:30:06.374644,171.95020840388142,2043.9793167785956,2099.5593099183634,2035.7073737156788,2052.4833891107082,351462.66949330264,361019.66089677205,350040.30715972907,352924.94650309114,131798.50105998848,135382.37283628952,131265.1151848984,132346.85493865918,15097,11346.60964837613,65.98882405872999
2021-04-06 21:30:06.374644,175.88602022728432,2063.916446832148,2104.4377254983456,2061.494624400302,2073.5354676559705,363014.0499149439,370141.1763540622,362588.08520570945,364705.90120612946,136130.26871810397,138802.94113277333,135970.53195214103,136764.71295229855,39902,11725.369766143565,66.66566359592876
2021-04-07 21:30:06.374644,176.10748464950856,2111.1487432683775,2117.0230701037367,2081.286680737399,2101.6559219459273,371789.0948979651,372823.6078209493,366530.1621791881,370117.3380126412,139420.91058673692,139808.85293285598,137448.81081719554,138794.00175474043,35880,11899.34857293728,67.56975652083936
2021-04-08 21:30:06.374644,176.56505444274472,2033.590466700412,2065.9257727748563,2015.8569457596593,2043.0220867711703,359061.0114672049,364770.296544662,355929.89137683937,360726.3059784816,134647.87930020184,136788.86120424824,133473.70926631475,135272.3647419306,43698,11597.424960727933,65.68463635189514
2021-04-09 21:30:06.374644,176.7110294544967,2015.1679549984292,2029.9142510274194,2015.1679549984292,2022.360616065621,356102.4038514853,358708.2370034089,356691.66868102166,357373.42639318603,133538.40144430698,134515.58887627834,133538.40144430698,134015.03489744477,11941,11489.629192167762,65.02035513899146
2021-04-10 21:30:06.374644,177.94891647331116,2023.430040524464,2035.471174384087,2008.560404258312,2019.530506376621,360067.18327087647,362209.88999430643,357421.14760896243,359373.2653945171,135025.19372657867,135828.7087478649,134032.93035336092,134764.9745229439,35512,11553.92442755006,64.92936506748825
2021-04-11 21:30:06.374644,177.10045643840604,2032.9385491715796,2044.2801038195882,2017.3300638921512,2037.5752889904982,360034.3449695177,362042.9394744012,357270.0751022188,360855.5137078343,135012.87936356914,135766.10230290046,133976.27816333203,135320.81764043786,49793,11601.579015812575,65.50951786745858
2021-04-12 21:30:06.374644,176.7370178111433,2077.595587425901,2084.8181165536434,2067.2960175267995,2071.769251920938,367188.0483392442,368464.5365983355,365367.73307053954,366158.31917732983,137695.51812721658,138174.2012243758,137012.89990145233,137309.3696914987,31258,11772.065302769093,66.60887848380209
2021-04-13 21:30:06.374644,177.93922527122714,2025.7139699910565,2057.6321371366794,2016.6839412096654,2027.4850957585347,360453.97444131045,366133.46837528015,358847.17811577284,360769.1271882334,135170.24041549143,137300.05064073007,134567.69179341482,135288.42269558753,6883,11598.801671432402,65.18511086400356
2021-04-14 21:30:06.374644,179.66381479941066,2047.644327709051,2063.0910385878765,2047.644327709051,2057.1577605388206,367887.5912685827,370662.806271176,369125.6827595936,369596.81090261706,137957.8467257185,138998.552351691,137957.8467257185,138598.8040884814,27013,11882.613519245662,66.13910847778612
2021-04-15 21:30:06.374644,176.92008800470074,2010.2689233187975,2062.9319985800257,2003.8274377967055,2032.9612205101037,355656.9548266767,364974.11073649133,354517.3266412271,359671.6780427914,133371.35806000375,136865.29152618424,132943.99749046017,134876.87926604677,22475,11563.51845559386,65.36117223174574
2021-04-16 21:30:06.374644,175.62324391282266,2029.495400241735,2041.8588564156182,2009.1290878770233,2028.6647306122443,356426.5656966059,358597.87597583723,352849.76785257336,356280.6808016549,133659.9621362272,134474.20349093896,132318.662944715,133605.25530062057,20032,11454.497196555261,65.22303697693971
2021-04-17 21:30:06.374644,175.20407226382042,2024.6655116142197,2060.556174773107,2024.6655116142197,2028.021482867041,354729.6426069227,361017.83294860885,354821.18103568803,355317.62243681727,133023.61597759603,135381.68735572833,133023.61597759603,133244.10841380648,48339,11423.534671965575,65.20235609712864
2021-04-18 21:30:06.374644,176.00523747379032,2090.4711056234464,2131.3165053187818,2071.8368332645323,2090.2214500065534,367933.86337735166,375122.86765044107,364654.13384566974,367889.92268121376,137975.19876650686,140671.0753689154,136745.30019212616,137958.72100545515,26792,11827.736711715977,67.20212998558212
2021-04-19 21:30:06.374644,175.7269310493104,2044.579196146101,2057.120609435491,2039.834203803596,2042.2231881521157,359287.62742602034,361491.49149438593,358453.80448381946,358873.61337170965,134732.86028475763,135559.30931039472,134420.1766814323,134577.60501439113,20342,11537.860512207744,65.65895118401838
2021-04-20 21:30:06.374644,173.73068208708804,2056.509618012955,2072.8225525597636,2056.509618012955,2065.002168581371,357278.8186560475,360112.87590170663,358631.02161133674,358754.23525895755,133979.5569960178,135042.32846314,133979.5569960178,134532.83822210907,21050,11534.022481319365,66.39131186462522
2021-04-21 21:30:06.374644,177.23654413836238,2063.3855327684714,2076.081763912441,2041.5573889699504,2058.973350777948,365707.3210529775,367957.55718451657,361838.57628117246,364925.32116486767,137140.24539486656,137984.08394419373,135689.46610543967,136846.99543682538,37161,11732.424162965139,66.19748101589686
2021-04-22 21:30:06.374644,173.6313533315035,2074.486642704695,2074.486642704695,2054.1313925104578,2066.4142999146666,360195.92324094335,358823.4900103308,356661.6136023166,358794.31143775495,135073.47121535375,135073.47121535375,133748.10510086874,134547.8667891581,25633,11535.31093871383,66.43671290737912
2021-04-23 21:30:06.374644,178.10465135308547,2073.3332268852996,2073.3332268852996,2043.9082717449974,2061.669112706714,369270.29151317396,368759.1963900045,364029.5701368302,367192.85852405435,138476.35931744025,138476.35931744025,136511.08880131133,137697.3219465204,27743,11805.325955634464,66.28415170983052
2021-04-24 21:30:06.374644,174.4212760944056,2041.485320740138,2072.2533657139056,2022.8488237817276,2049.8619321662677,356078.4747714918,361445.0764387464,352827.8731900763,357539.53402578435,133529.42803930942,135541.9036645299,132310.45244627862,134077.32525966913,21634,11494.969586734322,65.90454232373423
2021-04-25 21:30:06.374644,172.98843126644465,2113.580499459979,2129.4359960778306,2070.528769541497,2099.9778233086818,365624.9749569303,368367.79244380293,358177.52373502543,363271.86934849195,137109.36560884886,138137.92216642608,134316.57140063454,136226.95100568447,25205,11679.265346852235,67.51580443707884
2021-04-26 21:30:06.374644,176.7450082376467,2044.7587106695682,2044.7587106695682,2036.691918527508,2039.8547262369655,361400.89516129263,361278.78507962474,359975.12991769286,360534.140392355,135525.33568548475,135525.33568548475,134990.67371913482,135200.30264713312,6634,11591.246797593718,65.58280342202535
2021-04-27 21:30:06.374644,172.88053822654973,2001.3332338975933,2025.9131653898783,1985.4736906561131,2018.0945827825935,345991.5666468973,350240.9584328552,343249.76027528296,348889.2776635391,129746.83749258649,131340.35941232071,128718.66010323112,130833.47912382716,16459,11216.862064799996,64.88319908635985
2021-04-28 21:30:06.374644,171.45672067310343,2069.782557060872,2112.816952220316,2069.782557060872,2088.8166133959303,354878.1297400477,362256.6660102365,356892.3671210342,358141.6466203639,133079.29865251787,135846.2497538387,133079.29865251787,134303.11748263647,19071,11514.327630541537,67.15696347343322
2021-04-29 21:30:06.374644,172.93609506442942,2067.3882764381865,2082.603115004635,2035.7791062861556,2065.6951510084714,357526.05550920113,360157.2502779184,352059.6890548818,357233.2530089319,134072.2708159504,135058.96885421942,132022.3833955807,133962.46987834945,14188,11485.12258902173,66.41359175039695
2021-04-30 21:30:06.374644,174.16983436175659,2043.778811550344,2073.0531192976887,2043.778811550344,2054.4536932843444,355964.61707979115,361063.31841120124,356256.1885246933,357823.8594632333,133486.73140492168,135398.74440420046,133486.73140492168,134183.9472987125,14133,11504.110708051483,66.05217076162954
2021-05-01 21:30:06.374644,176.19276865848948,2019.6932601417043,2030.4965886977943,2019.6932601417043,2029.3843141144048,355855.3473452577,357758.81571428257,356888.50261801406,357562.84097592667,133445.75525447165,134159.55589285598,133445.75525447165,134086.0653659725,39067,11495.718909977066,65.2461721064962
2021-05-02 21:30:06.374644,175.25956454122033,2012.1304653095794,2032.327349182779,2012.1304653095794,2017.0506252817754,352645.10915027995,356184.8062229865,353287.33941670385,353507.41424448014,132241.91593135498,133569.30233361994,132241.91593135498,132565.28034168005,35035,11365.336106111115,64.84963509835791
2021-05-03 21:30:06.374644,173.48642832546474,2054.152037918778,2061.843720043338,2018.8186211795996,2048.5438662453735,356367.5002960035,357701.9027556082,350237.6320253882,355394.5586229484,133637.8126110013,134138.21353335306,131339.11200952058,133272.95948360566,40528,11426.008186180185,65.86216555195954
2021-05-04 21:30:06.374644,174.5439788711514,2023.085537303787,2036.681409992832,2023.085537303787,2031.5167866865356,353117.3992776842,355490.4769930557,353954.019987846,354589.02309180406,132419.02472913158,133308.9288723959,132419.02472913158,132970.88365942653,31561,11400.110053105842,65.31473264058822
2021-05-05 21:30:06.374644,173.952073718022,2044.2482152402042,2053.680679184507,2034.0557182686182,2053.54493522811,355601.2162353989,357242.0128987809,353828.2102508269,357218.3999560709,133350.4560882746,133965.75483704283,132685.57884406007,133956.8999835266,5837,11484.645060316067,66.02295353346439
2021-05-06 21:30:06.374644,171.51104216993687,2077.8824733892443,2100.7348010876854,2049.661958886864,2072.3312199267584,356379.78851763543,360299.21505720395,351539.65866476035,355427.687250935,133642.4206941133,135112.20564645148,131827.37199928513,133285.38271910063,21056,11427.073278386542,66.62694616126025
2021-05-07 21:30:06.374644,174.20480592543066,2009.931492772793,2029.6591755132176,1987.8382916827254,2008.2022094313268,350139.7256218956,353576.3827650497,346290.9838137288,349838.4761530053,131302.39710821083,132591.14353689365,129859.1189301483,131189.428557377,45697,11247.378991544667,64.56515213501139
2021-05-08 21:30:06.374644,172.0886912392186,2014.0583641827484,2029.050765566272,2009.5769563380895,2017.7409270805686,346596.6679716107,349176.69070423435,345825.46836071415,347230.39540110267,129973.750489354,130941.25901408787,129684.5506352678,130211.39827541349,29462,11163.528658728867,64.87182879999256
2021-05-09 21:30:06.374644,171.5445006967848,2047.8500136553362,2060.536858826709,2037.0278043833516,2041.1694156437193,351297.4080944086,353473.76661474915,349440.9176084099,350151.38824414986,131736.52803540323,132552.66248053094,131040.34410315371,131306.7705915562,21230,11257.439179660169,65.6250716364306
2021-05-10 21:30:06.374644,174.00130544108347,2052.706905422583,2072.549768201441,2031.4997538481189,2056.8587073395615,357173.6812314561,360626.3652586657,353483.60917281243,357896.1001849432,133940.13046179604,135234.88697199963,132556.35343980466,134211.0375693537,42241,11506.433262118802,66.12949370133784
2021-05-11 21:30:06.374644,176.23037558453632,2063.914299433131,2080.8318343404017,2032.9085683119868,2062.7089129362907,363724.3921633958,366705.77569406864,358260.24052264343,363511.9664483331,136396.64706127343,137514.66588527575,134347.59019599127,136316.98741812492,43541,11686.984518014826,66.31758203855806
2021-05-12 21:30:06.374644,173.55009455062702,2045.4363003755977,2045.4363003755977,2010.5613686165757,2037.8520810733553,354985.6633274697,353857.7931201492,348933.1156232448,353669.42135047284,133119.62374780115,133119.62374780115,130849.9183587168,132626.03300642731,5375,11370.544667903576,65.51841693292894
2021-05-13 21:30:06.374644,174.88139837677917,2023.8665118999636,2039.912800886993,2001.4394059401043,2023.628807521035,353936.605729,356742.80318580964,350014.52207719564,353895.0356548127,132726.227148375,133778.5511946786,131255.44577894837,132710.63837055478,42821,11377.798214210801,65.0611284106623
2021-05-14 21:30:06.374644,173.62476851808574,2042.4322168629574,2047.7414865694825,2015.986262930934,2024.1693383169195,354616.82086671167,355538.6415905072,350025.14823702414,351445.93280668196,132981.30782501688,133326.99059644018,131259.43058888405,131792.22480250575,42058,11299.05905371277,65.07850686633078
2021-05-15 21:30:06.374644,174.28204811176374,2052.728558432617,2060.581272508753,2037.364119895979,2045.2870712990436,357753.7373811448,359122.32447356987,355075.99156489223,356456.81976250827,134157.65151792928,134670.8716775887,133153.4968368346,133671.3074109406,35089,11460.160100389283,65.75745724111574
2021-05-16 21:30:06.374644,178.55189057514863,2032.1929129635978,2062.179537991797,2028.4545687426937,2029.744652519645,362851.8866230689,368206.05521382194,362184.3981948058,362414.74509218073,136069.45748365083,138077.2707051832,135819.14932305217,135905.52940956777,42505,11651.708625648815,65.2577572466007
2021-05-17 21:30:06.374644,172.18711076832398,2024.3500450637328,2043.6297458480149,2000.9061860638442,2027.980598891038,348566.98544325057,351886.7014177739,344530.2550967998,349192.12001726317,130712.61954121897,131957.5130316652,129198.84566129993,130947.0450064737,16722,11226.598508785468,65.2010416477579
2021-05-18 21:30:06.374644,173.1654596309785,2063.9392729826,2081.142717974815,2056.084668882905,2065.674449688491,357402.9928564595,360382.03531577263,356042.8467273165,357703.4655282761,134026.12232117233,135143.26324341475,133516.0675227437,134138.79957310355,8483,11500.240018270195,66.41292618800107
2021-05-19 21:30:06.374644,174.22239552957132,2019.3846550716817,2034.113565599978,1986.2101712597669,2012.1384430791861,351822.0321022455,354388.138178026,346042.29406207666,350559.5796903978,131933.26203834207,132895.55181675975,129765.86027327875,131459.84238389917,33858,11270.562618647049,64.69170489106325
2021-05-20 21:30:06.374644,170.20331468650008,2002.2235448562556,2062.9754974907196,1989.9586781085027,2019.1149227506303,340785.084077889,351125.267789952,338697.5631032332,343660.0525851338,127794.40652920837,131671.975421232,127011.58616371243,128872.51971942518,18398,11048.741402557029,64.91600375361712
2021-05-21 21:30:06.374644,167.3446130712142,2038.2356765610216,2053.913338972301,2019.7767483197904,2035.7195464706765,341087.76064204867,343711.33299212536,337998.7584378105,340666.69982564304,127907.91024076825,128891.74987204702,126749.53441417895,127750.01243461613,6365,10952.504495423194,65.44985440450999
2021-05-22 21:30:06.374644,173.26832019328162,2055.2807988730538,2066.9011105659183,2028.1600182044356,2041.788381660434,356115.05154623993,358128.4834333849,351415.879437458,353777.2430804624,133543.14432983997,134298.18128751934,131780.95478904675,132666.4661551734,18701,11374.011158708283,65.64497184112508
2021-05-23 21:30:06.374644,175.46002996944807,1987.9330650110119,2007.5944580585087,1966.1372580412508,1985.8591562691738,348802.7951640889,352252.5837774438,344978.5022199663,348438.9070740921,130801.04818653333,132094.71891654143,129366.93833248736,130664.59015278453,13028,11202.38255768043,63.84680683103746
2021-05-24 21:30:06.374644,173.62579639436518,2068.2896495006303,2092.5257037965735,2034.5748803044728,2066.70509154657,359108.4375687694,363316.44179735956,353254.6839168343,358833.31743206264,134665.66408828853,136243.66567400983,132470.50646881288,134562.49403702348,29209,11536.564989456747,66.44606206846721
2021-05-25 21:30:06.374644,170.86590117173617,2029.2452595591353,2053.2031801343883,2016.4442127762625,2035.615363214157,346728.8199730453,350822.4116623368,344541.5575785482,347817.25347461796,130023.307489892,131558.40437337628,129203.08409195558,130431.47005298173,8522,11182.396266545073,65.44650483753136
2021-05-26 21:30:06.374644,173.46235154925668,2027.787766311025,2050.462657113387,2017.557139333596,2025.2203754302916,351744.834387125,355678.07426682534,349970.2057737969,351299.48872760683,131904.31289517187,133379.2778500595,131238.82716517383,131737.30827285256,12792,11294.350846437977,65.11229846899197
2021-05-27 21:30:06.374644,170.08252507726297,2010.6356330583794,2027.7961900597063,2010.6356330583794,2023.7859840717365,341973.9854808903,344892.6963474083,343844.64601825376,344210.63038689445,128240.24455533386,129334.76113027812,128240.24455533386,129078.98639508542,12276,11066.442592171246,65.06618175034117
2021-05-28 21:30:06.374644,171.98877068030998,2003.5349936160017,2021.697935505096,1982.191417758725,1998.283038724337,344585.5205669988,347709.34261444205,340914.6651933839,343682.243301513,129219.57021262456,130391.00348041576,127842.99944751896,128880.84123806738,46519,11049.454838654612,64.246243629313
2021-05-29 21:30:06.374644,173.11653619862568,1951.2555750848778,1992.9278218430406,1951.2555750848778,1967.9395381279983,337794.6063969514,345008.761411339,339305.782318239,340682.8762890423,126672.97739885678,129378.28552925211,126672.97739885678,127756.07860839086,20235,10953.024572049972,63.270678159306776
2021-05-30 21:30:06.374644,171.11356146352816,1967.5634808093405,1967.855935469776,1942.393563049334,1966.2276583909436,336676.7946068625,336726.83756537625,332369.8803372037,336448.21727536776,126253.79797757343,126272.5640870161,124638.70512645139,126168.0814782629,48360,10816.87941343132,63.21563998877758
2021-05-31 21:30:06.374644,170.04800879729785,1994.0250762459395,1994.0250762459395,1973.2139027869734,1984.6129011253124,339079.993707502,338624.9645703698,335541.0951000697,337479.47206978797,127154.99764031326,127154.99764031326,125827.91066252615,126554.80202617048,26382,10850.034467264273,63.80673882763394
2021-06-01 21:30:06.374644,170.03301122517684,2006.892999633487,2021.9392449672905,1987.8685161640315,1991.9860045477335,341238.0599344095,343796.4183361489,338003.26972309436,338703.3786716599,127964.27247540356,128923.65687605584,126751.22614616039,127013.76700187247,39031,10889.383316347092,64.04378943037707
2021-06-02 21:30:06.374644,169.89164788670092,1973.3196873736129,1990.8261703258559,1946.9128386550037,1962.427120389473,335250.53349517257,338224.7387326296,330764.23045087326,333399.97734052077,125718.9500606897,126834.27702473609,124036.58641907747,125024.99150269528,16516,10718.877872316125,63.093449945809084
2021-06-03 21:30:06.374644,171.4610631168941,1997.5947862996302,2015.5087470648255,1976.2188056924408,1992.5147942717817,342509.72573569947,345581.2724931342,338844.5773756247,341638.70490197925,128441.1471508873,129592.97718492532,127066.71651585925,128114.51433824221,18400,10983.754658628448,64.06079040210207
2021-06-04 21:30:06.374644,171.54751078583158,1933.3623097800012,1944.4938182626006,1933.3623097800012,1940.7845175267796,331663.491689905,333573.0742613863,331695.8505918956,332936.75295340014,124373.80938371437,125089.90284801986,124373.80938371437,124851.28235752505,23377,10703.985112956538,62.39762462509941
2021-06-05 21:30:06.374644,169.38672190607807,2023.059845265502,2030.1940732807946,2010.9274412805032,2019.1205429707172,342679.4754093409,343887.9189061818,340624.40726948174,342012.2099070302,128504.80327850285,128957.96958981818,127734.15272605565,128254.57871513633,46457,10995.762921393718,64.91618444775402
2021-06-06 21:30:06.374644,171.12875150151245,2000.8505364088667,2031.2303864402295,2000.8505364088667,2010.982554946671,342403.05423678085,347601.92004345113,343950.58370220766,344136.93391934544,128401.14533879282,130350.72001629417,128401.14533879282,129051.35021975453,42438,11064.073235575663,64.6545422523726
2021-06-07 21:30:06.374644,168.4194792824403,2004.0279428884148,2030.6731954504646,1982.3822574502356,2013.1237525503395,337517.3426087269,342004.9221705764,333871.7875385172,339049.2541356404,126569.00347827259,128251.84581396615,125201.92032694395,127143.47030086516,11543,10900.503283681855,64.72338330253314
2021-06-08 21:30:06.374644,167.1055628427382,2012.7664173178607,2022.4217201251831,1971.5228551420896,2002.9077926124514,336344.4650368628,337957.9198468975,329452.43636584113,334697.03400661005,126129.17438882357,126734.21994258655,123544.66363719042,125511.38775247877,31088,10760.578511014985,64.39493280860519
2021-06-09 21:30:06.374644,172.9377478158971,1960.0319865147906,1976.7303597467323,1947.3324135870475,1962.9027816418422,338963.51739498664,341851.29645390797,336767.28185463906,339459.9862386998,127111.31902311998,128194.23617021549,126287.73069548965,127297.49483951242,14953,10913.708405307993,63.10874279877963
2021-06-10 21:30:06.374644,174.05162331418916,1970.2827098074217,1979.2487706898405,1955.546979697759,1968.231790050609,342930.9040298612,344491.4614811801,340366.12628355465,342573.93811690086,128599.08901119795,129184.29805544254,127637.297356333,128465.22679383782,30930,11013.822598922996,63.280074269796295
2021-06-11 21:30:06.374644,171.73158657979815,1953.407046489476,1965.5905728880334,1941.554656195652,1958.3139852478364,335461.6913297952,337553.98764835636,333426.26153987384,336304.36770801834,125798.13424867322,126582.74536813363,125034.84807745268,126114.13789050689,34322,10812.25462024236,62.961209678905476
2021-06-12 21:30:06.374644,169.79387479377453,1934.926686993777,1934.926686993777,1904.8867429305442,1924.9246851835062,328538.6996265543,327593.9472626533,323438.1011254698,326840.42098349414,123202.01235995788,123202.01235995788,121289.28792205117,122565.1578688103,28241,10507.986785734765,61.887719555146724
2021-06-13 21:30:06.374644,169.22482173340188,1961.6329532604545,1978.6864199883107,1950.1981753074817,1952.8570449444999,331956.98682186706,334842.85668882506,330021.93856121425,330471.88530155097,124483.87005820015,125566.0712583094,123758.22696045534,123926.95698808161,14723,10624.739110775174,62.785765105036404
2021-06-14 21:30:06.374644,171.45707240962003,1939.8484933178652,1946.8505836478212,1931.2667906263778,1941.131118875003,332600.7435824935,333801.3014912155,331129.34996272135,332820.6588055181,124725.27884343507,125175.4880592058,124173.5062360205,124807.74705206929,16417,10700.252662214445,62.40876810889459
2021-06-15 21:30:06.374644,169.6386719880636,1940.0877665938394,1957.2097835674017,1917.6072300250678,1935.83997301841,329113.9122652672,332018.4684864194,325300.3438961617,328393.32220425195,123417.71709947521,124506.92568240728,121987.62896106063,123147.49582659447,34536,10557.91287950913,62.238653946289325
2021-06-16 21:30:06.374644,168.58964262628177,1943.3693040457067,1946.2109080985408,1925.3277907933755,1944.6737504371295,327631.9364599516,328111.00147170434,324590.3241883038,327851.8526109067,122861.97617248187,123041.62555188913,121721.37157061392,122944.44472909001,20443,10540.504520669583,62.52266627347821
2021-06-17 21:30:06.374644,169.82955950194184,1937.1248971478324,1950.1861379022137,1906.144175936237,1925.413424955921,328981.0679828608,331199.25274672615,323719.62574644305,326992.11381938925,123367.90049357279,124199.71978002231,121394.85965491614,122622.04268227097,8410,10512.863741621311,61.90343289198711
2021-06-18 21:30:06.374644,164.94599895040622,1888.2761684737281,1888.2761684737281,1859.7759619689043,1882.3095921375598,311463.59890314465,311272.3798753217,306762.6038709136,310479.4360090615,116798.84958867924,116798.84958867924,115035.9764515926,116429.78850339807,44196,9981.977752348943,60.51761352058642
2021-06-19 21:30:06.374644,167.76113026928041,1895.6635629148616,1899.263903955704,1866.52735997063,1884.5847578110122,318018.6619248883,318622.65920725494,313130.7395872089,316160.0690586335,119256.99822183311,119483.49720272061,117424.02734520333,118560.02589698757,32567,10164.61127374722,60.59076174099417
2021-06-20 21:30:06.374644,170.6274767655695,1913.1036054541582,1925.0730160588473,1891.0818745271088,1898.521347842397,326428.04098975664,328470.3513196058,322670.5286076639,323939.9071679163,122410.51537115875,123176.38174485217,121001.44822787395,121477.46518796861,19215,10414.734669750396,61.0388331809088
2021-06-21 21:30:06.374644,170.45108557399416,1900.195854939387,1917.2091728585028,1866.663400234516,1892.9474410268424,323890.4462776224,326790.38478615123,318174.80297121644,322654.94625753956,121458.91735410842,122546.39429480671,119315.55111420617,120995.60484657733,16593,10373.422912086535,60.859628049153386
2021-06-22 21:30:06.374644,170.82438054180375,1892.5955421932194,1892.5955421932194,1850.8415164163641,1867.538861148997,323301.4611113359,319054.44457005616,316168.8555228781,319021.16909352306,121238.04791675096,121238.04791675096,118563.3208210793,119632.93841007115,38971,10256.59622857263,60.042723846158694
2021-06-23 21:30:06.374644,167.6051881382197,1855.1941614121422,1868.575696669436,1855.1941614121422,1865.831472950655,310940.1664564088,313182.98119078577,311803.5790858404,312723.0350581061,116602.5624211533,117443.61794654466,116602.5624211533,117271.1381467898,18571,10054.109923421622,59.98783008184465
2021-06-24 21:30:06.374644,170.2787940109957,1848.1533564529116,1858.6386839768156,1844.7534934752744,1847.6953135519764,314701.32468417566,316486.75360975636,314122.40011654096,314623.3296913991,118012.99675656587,118682.53260365863,117795.90004370286,117983.74863427467,19886,10115.204786889119,59.404739452215225
2021-06-25 21:30:06.374644,168.02479181111332,1832.4599691815959,1844.2421475594433,1797.359727578787,1838.3362290197153,307898.70482393674,309878.402892956,302000.99403610505,308886.0621598648,115462.01430897627,116204.40108485849,113250.3727635394,115832.2733099493,13237,9930.750455242567,59.10383812174563
2021-06-26 21:30:06.374644,168.06091277231394,1865.7727516748917,1870.9117958650195,1844.0637159228854,1861.6515583866312,313563.47167219414,314427.1441295643,309915.03130830516,312870.86016645795,117586.30187707281,117910.17904858661,116218.13674061443,117326.57256242173,42840,10058.862531071822,59.853442808257306
2021-06-27 21:30:06.374644,171.79912203562793,1825.903291886953,1874.1391745008211,1825.903291886953,1852.8730311526845,313688.5824681414,321975.4647518176,315556.08674225514,318321.95999552385,117633.21842555303,120740.7992819316,117633.21842555303,119370.73499832145,23873,10234.11651220177,59.57120681443196
2021-06-28 21:30:06.374644,169.07200623282748,1803.7221482027483,1811.3435374058788,1770.0940837382602,1797.3342583555564,304958.922283224,306247.4858460785,299273.3579584862,303878.908931165,114359.595856209,114842.80719227943,112227.50923443232,113954.59084918688,46683,9769.769448661427,57.78559513738185
2021-06-29 21:30:06.374644,168.2633861772688,1867.357773244029,1876.3582080630536,1861.8701422614943,1875.485482444318,314207.9421304848,315722.3857702017,313284.5747592722,315575.5380023896,117827.97829893179,118395.89466382563,117481.71553472709,118340.8267508961,49288,10145.818480015098,60.2982134629324
2021-06-30 21:30:06.374644,171.25344832677038,1806.6033620389317,1831.9603514641249,1786.265759483391,1813.7336729177111,309387.0555079038,313729.52738615364,305904.17093956814,310608.1458335367,116020.14581546393,117648.57276980762,114714.06410233804,116478.05468757625,31682,9986.115799689322,58.31284816556693
2021-07-01 21:30:06.374644,165.5357970772468,1805.2516079346672,1826.7737571902085,1805.2516079346672,1823.184085212123,298833.76384444657,302396.44997627806,301374.5965183571,301802.2307641398,112062.66144166747,113398.66874110428,112062.66144166747,113175.83653655242,38939,9703.003818291532,58.616685749581976
2021-07-02 21:30:06.374644,169.04689717875138,1840.1886398883546,1853.4631819674835,1821.3990475367616,1828.2291671866212,311078.17979671306,313322.1999466585,307901.85751042265,309056.468044591,116654.3174237674,117495.82497999695,115463.1965664085,115896.17551672163,36929,9936.229039499454,58.778888780575215
2021-07-03 21:30:06.374644,165.35188818450874,1874.0244043381958,1876.9920421965887,1838.2765262019404,1862.5464585857235,309873.47376116994,310364.17828450305,303962.4946127504,307975.5737585193,116202.55266043873,116386.56685668865,113985.93547978142,115490.84015944475,15305,9901.478065796018,59.88221449630181
2021-07-04 21:30:06.374644,169.32306172771825,1859.4247925910431,1878.0654331752735,1846.0906028299403,1846.3549336334981,314843.49893394293,317999.78927023074,312585.7130979346,312630.47039890196,118066.31210022859,119249.92097633652,117219.64241172548,117236.42639958824,22513,10051.133950581981,59.36164526929439
2021-07-05 21:30:06.374644,169.9958915605082,1875.6297204541615,1918.4408836907985,1866.4419552762693,1883.89349943599,318849.34656599193,326127.0684291465,317287.46423312754,320254.1550416669,119568.50496224698,122297.65066092994,118982.79908742283,120095.30814062507,36706,10296.236980506264,60.568537284742554
2021-07-06 21:30:06.374644,168.76446912132704,1826.2223459284342,1855.902496208428,1826.2223459284342,1847.2806494305757,308201.44470811664,313210.399513561,308467.09178061265,311755.33811925136,115575.54176554375,117453.89981758536,115575.54176554375,116908.25179471925,46568,10022.998267722844,59.39140770108109
2021-07-07 21:30:06.374644,169.18268102046665,1846.95883633673,1865.7098101782226,1824.494945227906,1846.4859026932581,312473.4476658892,315645.7876921376,308672.9463419466,312393.4354841419,117177.54287470845,118367.1703845516,115752.35487822998,117147.53830655322,12216,10043.513229299831,59.36585601920228
2021-07-08 21:30:06.374644,169.15801682541976,1812.1213071529587,1831.6752703884288,1784.9384747837707,1800.2966763717734,306534.84656508185,309842.5562070711,301936.65254981216,304534.61547244375,114950.5674619057,116190.95857765168,113226.24470617957,114200.4808021664,10435,9790.85054888258,57.880839017209425
2021-07-09 21:30:06.374644,165.11008744983442,1822.160479160316,1837.12491072694,1820.7808155916402,1826.6362891376011,300857.076061792,303327.8546663943,300629.2796893166,301596.07743855036,112821.40352317199,113747.94549989786,112735.97988349371,113098.52903945639,41874,9696.375946455451,58.727676600305465
2021-07-10 21:30:06.374644,171.97085457753658,1833.6717581088426,1841.0756547479232,1817.5526709918215,1835.0767932233432,315338.0992566716,316611.35368889803,312566.08607014775,315579.72434602375,118251.78722125186,118729.25763333676,117212.2822763054,118342.3966297589,16548,10145.953071824324,58.99904490566474
2021-07-11 21:30:06.374644,166.0176923034066,1850.312059819505,1875.1980395337441,1849.100829417831,1864.9385406275992,307184.538212397,311316.0511352644,306983.4525362634,309612.7928026769,115194.20182964888,116743.51917572416,115118.79470109877,116104.79730100384,43740,9954.11499494203,59.95912166243668
2021-07-12 21:30:06.374644,168.28457737795887,1802.970119071526,1827.607551543167,1796.4612444180004,1817.1889580975924,303412.0645130399,307558.164424208,302316.7212927653,305804.8758293467,113779.52419238996,115334.311659078,113368.77048478698,114676.82843600502,30153,9831.689680727453,58.423938080845964
2021-07-13 21:30:06.374644,169.39338932120776,1803.452530501329,1803.452530501329,1777.6503983099215,1792.972539654463,305492.93662152893,304742.9398132228,301122.2259979126,303717.69545192306,114559.85123307335,114559.85123307335,112920.83474921722,113894.13579447115,27409,9764.5864021323,57.64536272941832
2021-07-14 21:30:06.374644,166.8265543377249,1767.722447034091,1776.610483488264,1761.06313424336,1774.136561198874,294903.0448641488,296385.8053606266,293792.094657014,295973.08942938835,110588.64182405578,111144.67701023497,110172.03549638025,110989.90853602064,43874,9515.595724967476,57.03977241142874
2021-07-15 21:30:06.374644,171.0534529748531,1743.7061868535075,1763.1208114826834,1730.732830603108,1755.4469311911107,298266.96423490683,301587.902815938,296047.8268516031,300275.2590943488,111850.11158809006,113095.46355597675,111017.93506935117,112603.2221603808,37019,9653.91136491605,56.438887301786316
2021-07-16 21:30:06.374644,170.18900749744404,1773.431591942393,1813.8104164200965,1754.8230739448547,1776.4604908148667,301818.56249728805,308690.5945590619,298651.5972882887,302334.04779020447,113181.96093648302,115758.97295964822,111994.34898310827,113375.26792132668,45349,9720.101845106883,57.11448842782538
2021-07-17 21:30:06.374644,167.24936150358707,1845.7695415432154,1850.2387406942953,1821.4176203096117,1840.1383747561492,308703.7773058714,309451.24801032187,304630.93402816553,307761.9682562144,115763.91648970178,116044.2180038707,114236.60026056207,115410.7380960804,45103,9894.610604945165,59.16177840937995
2021-07-18 21:30:06.374644,170.34818801764868,1820.5234207850826,1830.7593809142784,1800.3312211616826,1821.2671524396837,310122.8659744302,311866.5432350596,306683.16135649337,310249.5593141629,116296.07474041134,116949.95371314735,115006.18550868501,116343.58474281107,11731,9974.587169308219,58.55505497579641
2021-07-19 21:30:06.374644,166.69747819013674,1820.0055481624374,1850.9252870524563,1811.8637492636144,1826.6407184999605,303390.3351707358,308544.5776699994,302033.11782637076,304496.40133336285,113771.37568902591,115704.21662624978,113262.41918488903,114186.15050001108,24800,9789.621956448138,58.72781900750592
2021-07-20 21:30:06.374644,170.37120422320066,1804.702331469037,1832.4841505347763,1804.702331469037,1814.5219853115973,307469.3094767977,312202.53144653875,307623.619557604,309142.29572700965,115300.99105379914,117075.94929245203,115300.99105379914,115928.36089762862,41125,9938.98841714923,58.338192978655044
2021-07-21 21:30:06.374644,171.47657989399653,1811.8668791915989,1829.4033664862027,1811.8668791915989,1816.5872331509022,310692.73566698434,313699.83253161755,311029.57387709245,311502.1658198148,116509.77587511913,117637.43719935659,116509.77587511913,116813.31218243054,39939,10014.858726202892,58.404592189010955
2021-07-22 21:30:06.374644,168.05755100821452,1806.857741266531,1814.340016164062,1805.9815539505064,1809.5585440252796,303656.0870174873,304913.5398127366,303508.8371229317,304109.97731487884,113871.03263155775,114342.57742977623,113815.8139210994,114041.24149307956,23596,9777.198344742761,58.17861475477935
2021-07-23 21:30:06.374644,169.21268883451367,1749.1751753663298,1783.6127689843372,1744.6146332707146,1764.1880875008442,295982.63466631866,301809.912479412,295210.9330757766,298523.0098958361,110993.4879998695,113178.71717977949,110704.09990341624,111946.12871093854,25729,9597.576192638764,56.71992179339445
2021-07-24 21:30:06.374644,165.66285486594086,1768.5977875908518,1791.660700220656,1759.7447759681036,1772.2282208081763,292990.9586018874,296811.62654966454,291524.3434223016,293592.3865330695,109871.60947570778,111304.3599561242,109321.62878336309,110097.14494990106,40659,9439.055636994262,56.97841788892492
2021-07-25 21:30:06.374644,168.1341582349505,1747.8359467188113,1751.774435487939,1732.0390328190097,1744.9394071235104,293870.9256343551,294533.1201282702,291214.924813102,293383.918387705,110201.59711288317,110449.92004810131,109205.59680491325,110018.96939538937,41763,9432.353343226112,56.10106281040752
2021-07-26 21:30:06.374644,166.05058190133718,1814.6237298824997,1814.6237298824997,1769.8077284088522,1796.7775511504587,301319.326278964,298494.2975254659,293877.6031557736,298355.9579157933,112994.74735461149,112994.74735461149,110204.1011834151,111883.48421842248,15595,9592.205437107552,57.7676965984683
2021-07-27 21:30:06.374644,168.2941020596696,1791.1578235695586,1796.5628097189701,1758.7164611006742,1776.5971807024455,301441.29756479093,302350.92485545116,295981.6075984978,298990.82724805863,113040.4865867966,113381.59682079419,110993.10284943669,112121.56021802199,42689,9612.616616771433,57.11888310648144
2021-07-28 21:30:06.374644,166.4597465004837,1762.0005115572692,1790.5527393688035,1745.3859982415738,1773.0039481808535,293302.1584875456,298054.9550910777,290536.51081278606,295133.78775854164,109988.30943282961,111770.60815915414,108951.19155479477,110675.17040945312,13987,9488.612003553937,57.00335808448739
2021-07-29 21:30:06.374644,170.32995518603795,1813.025146992766,1817.8509939234136,1773.019249411693,1798.9927112461498,308812.4920384377,309634.47832986957,301998.2892962763,306422.3478865656,115804.68451441414,116112.92937370109,113249.3584861036,114908.3804574621,24643,9851.541534418904,57.83891559619174
2021-07-30 21:30:06.374644,167.9377697422425,1756.2699712125936,1774.0857600834654,1737.5188259407332,1765.537949518869,294944.0620307154,297936.00587988825,291795.03651364637,296500.5056374908,110604.02326151828,111726.00220495809,109423.13869261739,111187.68961405904,18689,9532.552264579823,56.763320832667354
2021-07-31 21:30:06.374644,166.8094574082523,1775.0829986354336,1787.2348032615116,1753.858673493903,1768.7895042031946,296100.63185699016,298127.6677931973,292560.21369627514,295050.81746554654,111037.73694637131,111797.875422449,109710.08013610318,110644.05654957995,20170,9485.944491562068,56.86786066530116
2021-08-01 21:30:06.374644,169.10323598758507,1771.377626066127,1778.2743275483379,1755.498145362881,1757.8724239459239,299545.6887237885,300711.9432620707,296860.4171510672,297261.9153425957,112329.63327142068,112766.97872327652,111322.65643165019,111473.2182534734,26098,9557.03174326761,56.51686864648428
2021-08-02 21:30:06.374644,167.4968063429218,1809.6460687960916,1821.55045050442,1781.8299876952751,1807.6863496512508,303109.9371343687,305103.8830520008,298450.8323850062,302781.69043627876,113666.22642538826,114413.95614450029,111919.06214437733,113543.13391360454,35474,9734.493648285712,58.118422352830095
2021-08-03 21:30:06.374644,164.78730079391005,1802.6420091241098,1805.8013705196975,1765.5181615433578,1785.509540736913,297052.510981273,297573.1336178844,290934.97234335635,294229.2977598099,111394.69161797738,111589.92510670665,109100.61462875863,110335.9866599287,21012,9459.532463985657,57.40542192154944
2021-08-04 21:30:06.374644,166.00268669301568,1791.4368788260363,1791.4368788260363,1780.5736848488712,1785.8724519013815,297383.3349260724,296760.9218076429,295580.01553979557,296459.62510667276,111518.75059727715,111518.75059727715,110842.50582742333,111172.35941500228,15975,9531.23794710239,57.41708977772217
2021-08-05 21:30:06.374644,169.04717027347758,1808.1208435919843,1820.8798039547771,1776.4304391212759,1801.9322021225864,305657.7121217181,307814.57826667966,300300.53892112285,304611.53979347926,114621.64204564429,115430.46685000487,112612.70209542106,114229.32742255472,23930,9793.32368163192,57.93342235190851
2021-08-06 21:30:06.374644,169.48700242441944,1840.5539215159565,1844.2633204749873,1834.9158850031854,1836.5470586304746,311949.9669582496,312578.66186861205,310994.39305014064,311270.85577866365,116981.2376093436,117216.99820072952,116622.89739380273,116726.57091699887,29601,10007.422060785226,59.046315000899405
2021-08-07 21:30:06.374644,165.5400503404488,1863.1988001180066,1873.7204067004918,1863.1988001180066,1872.2262826301894,308434.02316579863,310175.7704491256,309204.96798352845,309928.4330753129,115662.75868717449,116315.9139184221,115662.75868717449,116223.16240324233,47327,9964.262894653835,60.19342783385115
2021-08-08 21:30:06.374644,167.5021235170085,1825.8291310099512,1864.9388599570086,1825.8291310099512,1839.3703747249128,305830.25662338117,312381.21927218785,307050.7995378714,308098.44370069855,114686.34623376794,117142.95722707044,114686.34623376794,115536.91638776196,39438,9905.42835971896,59.13708665342848
2021-08-09 21:30:06.374644,169.2968544544787,1833.7050497451924,1842.4487193862446,1811.8177007277434,1831.227476210269,310440.4969191545,311920.7726857737,306735.037578153,310021.05151301227,116415.18634468294,116970.28975716516,115025.63909180739,116257.8943173796,7680,9967.240596483161,58.87528658222608
2021-08-10 21:30:06.374644,164.72555566764657,1851.0543875562769,1888.1690369128055,1844.90978692457,1861.086323612984,304915.9625612429,311029.69379990693,303903.78980782925,306568.4788026063,114343.48596046609,116636.13517496511,113963.92117793596,114963.17955097737,23548,9856.239673437703,59.83527010185297
2021-08-11 21:30:06.374644,164.2269225604586,1882.2236720419808,1886.0717030255998,1854.8193192402246,1872.3833559345296,309111.8012299004,309743.7515162575,304611.2687045069,307495.7563985516,115916.92546121264,116153.90681859656,114229.2257641901,115310.90864945683,12021,9886.051838945203,60.1984778540849
2021-08-12 21:30:06.374644,169.88062822663377,1860.9385873879362,1865.9438525688236,1830.0283481109648,1845.5087096462648,316137.416316647,316987.71391001705,310886.36544963956,313516.1789924317,118551.53111874263,118870.39271625639,116582.38704361484,117568.5671221619,36161,10079.609664108531,59.33443855663398
2021-08-13 21:30:06.374644,169.78714669956258,1894.056187834561,1905.3637802515966,1876.8487881439883,1886.9482305757026,321586.39582108083,323506.27967361093,318664.80052549957,320379.55603923684,120594.89843290532,121314.8548776041,119499.30019706234,120142.33351471381,23428,10300.268648380814,60.66674909819482
2021-08-14 21:30:06.374644,169.7530065072251,1883.138353108976,1905.5579991594834,1862.717317848906,1888.9167001242313,319668.39710931317,323474.19943121466,316201.86497792625,320649.2888877948,119875.64891599244,121302.82478670549,118575.69936672234,120243.48333292306,20466,10308.94061496254,60.730036816571484
2021-08-15 21:30:06.374644,168.64578672089374,1833.440242028909,1839.8525373856362,1795.7814679442574,1814.6749852983376,309201.9720227112,310283.3786178332,302850.9784402607,306037.29053836444,115950.7395085167,116356.26698168745,113569.11691509775,114763.98395188666,26824,9839.16186144433,58.343112038784625
2021-08-16 21:30:06.374644,168.02750547923563,1860.8092193578007,1870.7366467792099,1838.7417991803284,1870.0689854552256,312667.131301455,314335.2121669006,308959.1977366722,314223.02670012653,117250.17423804564,117875.70456258772,115859.69915125208,117833.63501254746,33381,10102.334963352834,60.124069170840116
2021-08-17 21:30:06.374644,168.33551512866612,1874.1815326529018,1907.8746930223547,1874.1815326529018,1887.5371576731425,315491.3137437592,321163.0692508638,317047.51967438514,317739.5397614067,118309.24265390969,120436.15096907393,118309.24265390969,119152.32741052752,39209,10215.39158183535,60.685683529928866
2021-08-18 21:30:06.374644,168.04849698954055,1872.4449475056858,1873.9850383705693,1843.8520450124677,1848.947912260923,314661.55912398966,314920.3690790607,309856.5648354359,310712.917667397,117998.08467149612,118095.13840464776,116196.21181328845,116517.34412527387,33155,9989.484235705922,59.44501140582002
2021-08-19 21:30:06.374644,163.1295336740254,1927.507202121253,1945.6882075813721,1917.3437386551418,1923.9401084559522,314433.3510353654,317399.20997779956,312775.3899796257,313851.4527091733,117912.50663826204,119024.70374167484,117290.77124235964,117694.29476594,37417,10090.388783088134,61.85606470191304
2021-08-20 21:30:06.374644,168.1312276794854,1890.620732600442,1890.6492255208661,1879.5595737657568,1889.7141377006565,317872.38484840037,317877.1753980915,316012.658633967,317719.95793489146,119202.14431815014,119203.9407742843,118504.74698773763,119144.9842255843,38446,10214.762022083702,60.755675010871975
2021-08-21 21:30:06.374644,170.32703306096832,1908.793326489319,1930.5626890651845,1892.1201522777533,1910.6520302707888,325119.10402750195,328827.0149666776,322279.2117323373,325435.6915279389,121919.66401031322,123310.13061250409,120854.7043996265,122038.38432297707,43226,10462.824444699681,61.42884338646097
2021-08-22 21:30:06.374644,167.86544466625955,1896.1188087838193,1905.4472603622785,1866.6877732689854,1893.3915900082511,318292.8269765542,319858.7516488199,313352.3731128681,317835.0211840913,119359.81011620781,119947.03186830746,117507.13991732555,119188.13294403424,9323,10218.461329221043,60.873907759842176
2021-08-23 21:30:06.374644,167.1789737534572,1888.094543954771,1906.4825403398258,1872.7897540609526,1885.8989036950156,315649.7082078604,318723.79457289615,313091.06913989957,315282.6433225027,118368.64057794766,119521.42296483606,117409.15092746234,118230.99124593852,16095,10136.40185579034,60.63301248075026
2021-08-24 21:30:06.374644,167.74400216452818,1864.8218239131368,1878.1591038345166,1851.3252614061737,1868.0452561021098,312812.6760669446,315049.92477894545,310548.7086565629,313353.3874830289,117304.75352510423,118143.72179210454,116455.76574621108,117507.52030613585,32191,10074.375883585035,60.05900480981593
2021-08-25 21:30:06.374644,170.6186194776298,1824.5588321747753,1833.067452089847,1814.5639443110244,1827.917519027543,311303.7091013766,312755.438084946,309598.3951322297,311876.7636154535,116738.89091301622,117283.28928185476,116099.39817458615,116953.78635579506,41244,10026.902122410414,58.76886906706779
2021-08-26 21:30:06.374644,168.91010394193594,1896.6502784400188,1920.083309635111,1896.6502784400188,1907.6894839895117,320363.3956728053,324321.47140764294,321030.0591931953,322228.02902960655,120136.27337730199,121620.5517778661,120136.27337730199,120835.51088610245,27977,10359.697435365437,61.33359538281903
2021-08-27 21:30:06.374644,165.798768699577,1886.403094588197,1914.989312771826,1869.410488538437,1887.436322878883,312763.3103537948,317502.8701304179,309945.95719374757,312934.61833217606,117286.24138267303,119063.57629890673,116229.73394765533,117350.48187456603,46791,10060.912369218624,60.68244161843146
2021-08-28 21:30:06.374644,168.55024887098256,1901.6387492199306,1919.5210793457718,1884.5535765978373,1895.0215992873814,320521.6844437233,323535.7556368269,317641.9743462658,319406.3621757755,120195.63166639624,121325.9083638101,119115.74037984967,119777.38581591583,17025,10268.980265424883,60.926313735990526
2021-08-29 21:30:06.374644,166.71118977458187,1907.0993155211702,1927.0912135271174,1892.5190862178474,1914.9906615812022,317934.795908825,321267.6690112485,315504.10853448184,319250.3715994159,119225.54846580938,120475.37587921819,118314.04070043069,119718.88934978096,47312,10263.965136298093,61.56833351813147
2021-08-30 21:30:06.374644,167.0999305731979,1894.7760706182758,1903.5248684923083,1858.395268438137,1892.8131323406685,316616.9498520706,318078.87336942035,310537.7203335722,316288.94300216297,118731.35619452648,119279.57751353263,116451.64512508956,118608.35362581111,38590,10168.754597548965,60.85530992784312
2021-08-31 21:30:06.374644,166.55260034896398,1876.7706658490056,1898.9955094077718,1861.207487805477,1871.527940918498,312581.0346558085,316282.6401428699,309988.94688296487,311707.84518571803,117217.88799592818,118605.99005357621,116245.85508111183,116890.44194464426,42665,10021.47136013754,60.17097564320729
2021-09-01 21:30:06.374644,169.49366785946833,1906.8906262043563,1944.5811376217137,1906.8906262043563,1918.4524915609265,323205.8864422147,329594.1894658418,324423.32028601214,325165.5494087972,121202.20741583052,123597.82104969068,121202.20741583052,121937.08102829894,17224,10454.139319984477,61.679633853454646
2021-09-02 21:30:06.374644,169.7667132965946,1854.2805705287763,1860.212455013856,1820.7988028844875,1854.4749243020412,314795.1179884046,315802.15452109167,309111.0283400734,314828.1127897086,118048.16924565172,118425.80794540938,115916.63562752753,118060.54229614072,34601,10121.788605636208,59.62270883669173
2021-09-03 21:30:06.374644,166.95180288730634,1884.4714424435972,1906.39419350932,1867.2651912878628,1880.8860419568796,314615.9048056013,318275.94762027333,311743.29015421966,314017.31573027076,117980.96430210047,119353.4803576025,116903.73380783238,117756.49339885154,10923,10095.721313344611,60.471845353638
2021-09-04 21:30:06.374644,172.01315079506873,1871.1760707402632,1881.7097842666453,1842.2162539517033,1870.659325435608,321866.8916203691,323678.8288736147,316885.42228812096,321778.0046323568,120700.0843576384,121379.56082760551,118832.03335804536,120666.7517371338,10588,10345.229058396246,60.1430490277817
2021-09-05 21:30:06.374644,171.6447365429628,1867.02920763085,1873.2652768172063,1833.770458263839,1867.2049064692928,320465.7364618138,321536.12491436966,314757.0471889648,320495.89424264926,120174.65117318017,120576.04684288862,118033.8926958618,120185.96034099348,31477,10304.008945558426,60.03198696189473
2021-09-06 21:30:06.374644,167.89632436345414,1882.230634889211,1909.5197006703083,1860.634191013781,1887.7311150400421,316019.6052021892,320601.33904214797,312393.6416561829,316943.1156017479,118507.35195082094,120225.50214080549,117147.61562106857,118853.66835065545,38551,10189.786381229034,60.691919399425856
2021-09-07 21:30:06.374644,169.82187843126354,1839.2349783787085,1867.517711704195,1839.2349783787085,1849.759698341159,312342.33890475665,317145.3658052613,313742.3959944929,314129.66661874304,117128.37708928375,118929.51217697299,117128.37708928375,117798.62498202865,18978,10099.33341752646,59.471110914886076
2021-09-08 21:30:06.374644,167.6799829522931,1855.5967233550255,1871.6154255226566,1846.7648995556135,1870.1858050403682,311146.4269385016,313832.44264488784,309665.50687437854,313592.7239067895,116679.91010193809,117687.16599183294,116124.56507789195,117597.27146504607,11322,10082.070598855116,60.127825004914826
2021-09-09 21:30:06.374644,170.88524580341178,1842.9811160654426,1859.4770273623428,1822.6595759127133,1839.109112038331,314938.28102988936,317757.1888866114,311465.6296457863,314276.61266996455,118101.85538620851,119158.94583247926,116799.61111716987,117853.72975123671,23315,10104.057763309045,59.12868686926973
2021-09-10 21:30:06.374644,168.35214722586053,1885.6609184252743,1899.8583740840859,1845.0353873783197,1871.3044123382283,317455.0645567832,319845.23670208803,310615.6691728375,315038.11593036784,119045.6492087937,119941.96376328301,116480.87593981407,118139.29347388794,12874,10128.540249818925,60.163789037832665
2021-09-11 21:30:06.374644,168.00846668424907,1897.0832057408459,1897.0832057408459,1886.1649160366092,1887.5425627521672,318726.0405689593,318362.77635420486,316891.6754569361,317123.1317692496,119522.26521335974,119522.26521335974,118834.37829635105,118921.1744134686,36918,10195.573938054578,60.685857307125154
2021-09-12 21:30:06.374644,170.84792983940068,1851.0529947782911,1892.5519070396035,1848.965351230742,1863.8701052246506,316248.57218089397,323338.5754313261,315891.90260255267,318438.34896717744,118593.21456783524,121251.96578674729,118459.46347595725,119414.38086269154,43059,10237.858441588782,59.924770692193825
2021-09-13 21:30:06.374644,170.6437378453108,1841.116776008567,1843.049191259255,1836.0396831130276,1839.7773656688753,314175.04846780974,314504.80302925635,313308.674358727,313946.48648093606,117815.64317542865,117939.30113597112,117490.75288452263,117729.93243035102,37232,10093.44413840458,59.15017170636344
2021-09-14 21:30:06.374644,168.88456763628074,1908.8704150322903,1922.2549908479232,1891.2991572789774,1900.3726310153525,322378.7547164161,324639.20301603427,319411.2404479222,320943.61013684905,120892.03301865605,121739.70113101284,119779.21516797083,120353.85380131839,8065,10318.40310367956,61.09835327263338
2021-09-15 21:30:06.374644,166.8511541857378,1890.765114943249,1890.765114943249,1874.2947224002726,1890.327209559919,315476.34172241035,315457.10829420824,312728.23771672253,315403.27670377755,118303.62814590387,118303.62814590387,117273.08914377095,118276.22876391659,43973,10140.280243820009,60.77538571414532
2021-09-16 21:30:06.374644,170.45681764894402,1830.1819717208775,1837.8069767085678,1813.7082913105392,1837.3794919193244,311966.9946180105,313266.72870276944,309158.94348029845,313193.8610060017,116987.62298175393,117475.02326353855,115934.60380511192,117447.69787725064,21457,10069.247074524232,59.073078332641806
2021-09-17 21:30:06.374644,169.32789964794702,1842.5597422114947,1850.036445920692,1828.0851692752585,1830.4937795614428,311996.7711245351,313262.7856599035,309545.8220909412,309953.66701177123,116998.78917170067,117473.54462246381,116079.68328410294,116232.62512941421,32415,9965.074170903139,58.8516977048063
2021-09-18 21:30:06.374644,171.46340422060064,1858.547667357191,1882.6249899957115,1851.318425968873,1870.172684340038,318672.90995132044,322801.2896554389,317433.359612947,320666.1749373217,119502.34123174517,121050.4836207896,119037.50985485512,120249.81560149563,45048,10309.483504929323,60.12740316491835
2021-09-19 21:30:06.374644,167.47096813748635,1902.3600579809672,1906.687330165861,1887.2240994880967,1892.3185278799904,318590.0806561572,319314.77311835584,316055.2470336674,316908.41588856495,119471.28024605896,119743.03991938345,118520.71763762528,118840.65595821186,24142,10188.670778310345,60.83940803703732
2021-09-20 21:30:06.374644,170.41623082495238,1853.6690717394158,1853.6690717394158,1799.6987561970182,1827.6816319138115,315895.2964026195,311904.86650057964,306697.87865145074,311466.61485874973,118460.73615098232,118460.73615098232,115011.70449429403,116799.98057203114,44496,10013.715755489638,58.761285125912245
2021-09-21 21:30:06.374644,167.86237803088272,1862.2144278009093,1872.5294124291179,1854.933322505978,1861.1956518117922,312595.7422540802,314327.2401031233,311373.5186045798,312424.72809386626,117223.40334528006,117872.71503867125,116765.06947671741,117159.27303519985,26246,10044.519293141277,59.83878508244385
2021-09-22 21:30:06.374644,168.98588101630978,1869.619953831974,1888.509481631752,1853.9453529118025,1871.7471772927988,315939.37506396853,319131.4385611961,313290.5888178943,316298.8457946146,118477.26564898819,119674.28946044853,117483.97080671036,118612.06717298046,28323,10169.072974363895,60.178024251058524
2021-09-23 21:30:06.374644,170.88349901307188,1861.5190852590836,1881.0272276141986,1861.257713794497,1871.8949901021128,318102.8947686851,321436.51439357223,318058.2306982744,319875.9656936886,119288.58553825691,120538.69289758959,119271.83651185289,119953.48713513323,5294,10284.078115152026,60.182776539685655
2021-09-24 21:30:06.374644,172.5679685336893,1832.5986039633679,1865.0917405166933,1824.331610673709,1846.657176912798,316247.8182236334,321855.09278992855,314821.1999857554,318673.87759799924,118592.93183386253,120695.6597962232,118057.94999465827,119502.7040992497,43952,10245.430735532382,59.37136260912109
2021-09-25 21:30:06.374644,169.99455346792558,1835.7280417404265,1868.9157071633288,1835.7280417404265,1855.095671936096,312063.7687442133,317705.49110842246,314846.16452258197,315356.160391058,117023.91327907998,119139.55916565843,117023.91327907998,118258.56014664675,20877,10138.76544467136,59.642666321671065
2021-09-26 21:30:06.374644,168.74222986787316,1860.861284282991,1890.5220951264312,1838.450486260503,1860.9574704107679,314005.8825847061,319010.91394611745,310224.234553273,314022.11324638955,117752.20596926479,119629.09272979404,116334.08795747737,117758.29246739608,31184,10095.875554474973,59.83112737829401
2021-09-27 21:30:06.374644,171.3543310182784,1935.6973693170876,1936.2126608529566,1912.0163345232615,1924.960220153086,331690.12777317094,331778.4252095791,327632.2798982543,329850.27076112997,124383.7979149391,124416.90945359218,122862.10496184537,123693.85153542375,44572,10604.754075396411,61.888862030095844
2021-09-28 21:30:06.374644,170.9216946544548,1835.5156145878334,1835.5156145878334,1810.216541794043,1828.545289385422,313729.4394100656,313598.1762201499,309405.27901496453,312538.05961417675,117648.5397787746,117648.5397787746,116026.97963061169,117201.77235531628,28856,10048.162924838502,58.7890523376926
2021-09-29 21:30:06.374644,171.07528929976115,1857.910956150437,1883.9907557520305,1857.910956150437,1860.1382644681144,317842.65431663184,322304.26357835426,317961.5035278018,318223.6917314383,119190.99536873694,120864.09884188285,119190.99536873694,119333.88439928935,47683,10230.957167291612,59.80478931528974
2021-09-30 21:30:06.374644,170.30388148844688,1864.2855002757,1882.391159429535,1846.9328516949515,1858.062053999567,317495.05689958273,320578.52093038766,314539.83349217626,316435.1798425224,119060.64633734353,120216.94534889537,117952.4375595661,118663.19244094592,12593,10173.456142056406,59.73803764848223
2021-10-01 21:30:06.374644,170.4617381099507,1834.0178580170864,1853.1542890769094,1822.6211589324762,1843.9078305543776,312629.8718022813,315891.90110196,310687.17066760256,314315.7337108476,117236.20192585548,118459.462913235,116507.68900035096,117868.40014156786,5390,10105.315512823034,59.28296913705459
2021-10-02 21:30:06.374644,171.71613799189754,1844.2639845504134,1856.4690252513249,1844.2639845504134,1851.3908859976912,316689.88886454556,318785.69131774,317822.99783390266,317913.692856921,118758.70832420458,119544.6342441525,118758.70832420458,119217.63482134537,34851,10220.990639690104,59.52355477671938
2021-10-03 21:30:06.374644,174.33252543355007,1840.9526764809223,1848.8636844345783,1813.9779450314054,1837.0314776285811,320937.92929457244,322317.0752898582,316235.35623808636,320254.33679591666,120351.72348546467,120868.90323369682,118588.25858928238,120095.37629846875,33855,10296.242823942794,59.061889421723635
2021-10-04 21:30:06.374644,171.0843354841759,1862.7699102418742,1872.8394876263771,1831.9300223306834,1853.1578897585484,318690.75225364906,320413.4992090832,313414.5305239565,317046.286116599,119509.0320951184,120155.06220340621,117530.4489464837,118892.35729372462,33501,10193.103334509999,59.58036522444575
2021-10-05 21:30:06.374644,176.44552091412461,1825.0041317517987,1847.3971269827541,1813.223618127636,1832.069114203212,322013.8046973758,325964.94840572926,319935.1858343245,323260.3892062646,120755.17676151593,122236.85565214847,119975.6946878717,121222.64595234921,14101,10392.888027464782,58.90234585185628
2021-10-06 21:30:06.374644,173.66227020527825,1876.1541203384315,1880.6885773555932,1844.641848630059,1857.290829642081,325817.1837929588,326604.6478927074,320344.6911487573,322541.34190708847,122181.44392235955,122476.74295976527,120129.25918078399,120953.00321515818,36057,10369.770508844153,59.71324222811198
2021-10-07 21:30:06.374644,168.8947864938134,1825.0374611748057,1842.529759468515,1824.845414705019,1836.6469965915283,308239.31234833004,311193.6703339322,308206.87670081854,310200.1023538298,115589.74213062377,116697.62637522459,115577.57876280695,116325.03838268617,6945,9972.997117857181,59.049528078561195
2021-10-08 21:30:06.374644,173.46881051747837,1866.4476867045228,1880.3147065084665,1865.432892680629,1870.6996544375777,323770.4601057327,326175.95553654514,323594.4249934876,324508.04389074445,121413.92253964976,122315.98332620443,121347.90937255786,121690.51645902917,5830,10433.000382289882,60.144345634336254
2021-10-09 21:30:06.374644,173.23538442229966,1872.5363698029028,1906.923798127788,1872.273590314913,1886.6946000332764,324389.5578675433,330346.67723269906,324344.03516192315,326842.26432424155,121646.08420032874,123880.00396226216,121629.01318572118,122565.84912159058,22773,10508.046049519084,60.65859469298556
2021-10-10 21:30:06.374644,172.39515706014674,1854.6727034934272,1861.884973434663,1826.6399304247777,1856.8678362096146,319736.59201391635,320979.9524231959,314903.8776979151,320115.02226329135,119901.22200521863,120367.48215869846,118088.95413671815,120043.13334873426,7747,10291.76383305335,59.699642683608424
2021-10-11 21:30:06.374644,174.52919185435866,1875.4561298735134,1892.5143326862974,1849.2567665930062,1862.4905787187133,327321.84270512743,330298.9970565303,322749.28900468175,325058.9755401338,122745.69101442279,123862.12389619887,121030.98337675566,121897.11582755017,48427,10450.71294817817,59.88041791819934
2021-10-12 21:30:06.374644,172.00481856150458,1870.2064881151014,1870.2064881151014,1833.3083514780271,1855.624481926113,321684.5276607867,320005.3921566412,315337.8703632691,319176.352331987,120631.69787279502,120631.69787279502,118251.70138622592,119691.13212449513,23404,10261.585401619952,59.6596679449616
2021-10-13 21:30:06.374644,171.29216523477461,1885.5303577118643,1896.3917742558972,1879.0695553723344,1883.8755270247846,322976.57758836437,324837.0531457085,321869.89276647236,322693.1180568775,121116.21659563664,121813.8949296407,120701.20978742713,121009.91927132907,29245,10374.65014328953,60.56795945873566
2021-10-14 21:30:06.374644,171.47333534972722,1926.4097493941963,1940.9998478682976,1907.1021851870396,1915.9411202660701,330327.904978855,332829.7178272901,327017.17254677485,328532.8142257159,123872.96436707061,124811.1441852338,122631.43970504057,123199.80533464346,6332,10562.397576701258,61.59889145163953
2021-10-15 21:30:06.374644,170.42625121851364,1926.0181447522807,1931.74313770374,1884.408107604806,1911.2148101425516,328244.05218896776,329219.7412759374,321152.60954486055,325721.17536589835,123091.5195708629,123457.40297847653,120432.2285793227,122145.44076221189,5837,10472.002808831608,61.44693716599584
2021-10-16 21:30:06.374644,173.55094039078537,1928.0751736647314,1948.9479273473976,1919.8039783828779,1933.9837709861918,334619.259533641,338241.7455638129,333183.78581431945,335644.70215517085,125482.22232511538,126840.65458642984,124943.91968036979,125866.76330818907,23724,10791.04623698466,62.17897570968514
2021-10-17 21:30:06.374644,171.8978219603088,1873.6109489488556,1886.592445935182,1873.6109489488556,1881.2939664483101,322069.64132529555,324301.1323830294,323218.1992362096,323390.3352995347,120776.11549698583,121612.92464363601,120776.11549698583,121271.37573732552,15145,10397.065821101296,60.48496042079863
2021-10-18 21:30:06.374644,177.00006009578453,1909.8355053819528,1923.4288693240244,1904.6698558357762,1909.600437984128,338040.99922566867,340447.0254603192,337126.67894556164,337999.3922821271,126765.37470962576,127667.6345476197,126422.50460458561,126749.77210579766,42475,10866.750009070445,61.39503393457739
2021-10-19 21:30:06.374644,174.89623514607695,1880.0793000105768,1883.4825870880147,1864.8784426124155,1873.1914713348526,328818.7913479216,329414.0134448868,326160.2186179908,327614.1360442062,123307.0467554706,123530.25504183254,122310.08198174654,122855.30101657733,49393,10532.861884137288,60.22445934813936
2021-10-20 21:30:06.374644,173.79207011578364,1902.1851314687449,1922.827729456967,1902.1851314687449,1909.3506140238983,330584.6917414172,334172.21157835826,331683.8183954047,331829.9957880559,123969.25940303146,125314.57934188435,123969.25940303146,124436.24842052095,24164,10668.402642362907,61.38700191373634
2021-10-21 21:30:06.374644,175.55655919998006,1924.552324402359,1925.2413952726208,1899.0426927819976,1918.4282398361156,337867.784072402,337988.7549834301,333389.4009186723,336792.66085770255,126700.41902715075,126745.78311878629,125021.02534450212,126297.24782163845,32742,10827.953345476548,61.67885414297798
2021-10-22 21:30:06.374644,180.9913514865575,1913.2277508667712,1938.5708518707327,1908.4388011186172,1915.4700442070302,346277.6763309637,350864.55843253096,345410.91784384404,346683.51203304646,129854.12862411138,131574.2094121991,129529.09419144152,130006.31701239242,35992,11145.946245918418,61.58374601594773
2021-10-23 21:30:06.374644,171.56992104554115,1954.643411866075,1973.530555651072,1929.4912494704465,1955.5352861602898,335358.01584604965,338598.4816140174,331042.6613297071,335511.03464829066,125759.25594226862,126974.43060525652,124140.99799864014,125816.637993109,34907,10786.74879913486,62.87187249538765
2021-10-24 21:30:06.374644,177.26704205090658,1999.254291631122,2009.9142919338608,1973.7753324021226,1986.8299194923084,354401.8945850296,356291.56130695785,349885.31484796916,352199.4628866424,132900.71046938607,133609.3354901092,131206.99306798843,132074.79858249088,11730,11323.285200830836,63.8780175701226
2021-10-25 21:30:06.374644,177.67544948710486,1949.252069338386,1956.462002688684,1938.4703292272713,1941.2776659615408,346334.23758336704,347615.26573215326,344418.58706287155,344917.3818789946,129875.33909376264,130355.72464955747,129156.97014857683,129344.01820462296,41349,11089.164798064383,62.41347970361988
2021-10-26 21:30:06.374644,176.2051256794018,1965.0816434346611,1965.0816434346611,1948.3962087804541,1954.603156079177,346257.4579516899,344478.5251901954,343317.3988414299,344411.0947702868,129846.54673188372,129846.54673188372,128744.02456553621,129154.16053885756,5759,11072.887563345126,62.84190383973434
2021-10-27 21:30:06.374644,176.7227386399482,1934.6757014675234,1973.3274259689151,1933.983007097626,1935.629542889078,341901.18834350357,348731.82695054635,341778.77349741483,342069.75381174893,128212.94562881385,130774.43510645488,128167.04006153057,128276.15767940585,41177,10997.612969770735,62.23188846557712
2021-10-28 21:30:06.374644,180.51307860009598,1926.6078664342672,1937.1033562398018,1910.0357517020686,1928.0118994974346,347777.9172252121,349672.49040142505,344786.43377598893,348031.36355590075,130416.71895945453,131127.1839005344,129294.91266599586,130511.76133346278,40302,11189.279949713888,61.98697572612196
2021-10-29 21:30:06.374644,175.78084791134816,1930.9574865259478,1991.3775775169916,1910.6396748369418,1957.8792259522836,339425.34426229674,350046.03908758325,335853.8620959002,344157.6704459064,127284.50409836127,131267.2646578437,125945.19828596257,129059.1264172149,43947,11064.739919171374,62.947231853401824
2021-10-30 21:30:06.374644,177.51618923304952,1988.935661241839,1988.935661241839,1947.2616873019124,1978.0546980196793,353068.27921336674,352027.5368258655,345670.47416935355,351136.73208698403,132400.60470501252,132400.60470501252,129626.42781350759,131676.27453261902,24648,11289.118186952934,63.59588785891232
2021-10-31 21:30:06.374644,175.88406952051216,1877.1009649205262,1896.558644547131,1874.352967474071,1884.5411228313847,330152.1566111023,333574.4524872559,329668.82763718773,331460.7618623393,123807.05872916336,125090.41968272097,123625.8103639454,124297.78569837724,38448,10656.53169567706,60.589358844869054
2021-11-01 21:30:06.374644,180.33454316710393,1898.146671405359,1917.892150821325,1898.146671405359,1912.2200511106478,342301.41285204433,345862.204862138,342648.07920692355,344839.3293520148,128363.02981951663,129698.32682330176,128363.02981951663,129314.74850700556,43851,11086.655393261794,61.47925638949468
2021-11-02 21:30:06.374644,179.19297200268093,1927.9762076631298,1950.339082382237,1913.343529733718,1927.278204297386,345479.78660161415,349487.0565850546,342857.71355508483,345354.70930403867,129554.9199756053,131057.64621939548,128571.64258315682,129508.0159890145,21589,11103.224964764619,61.96338689528143
2021-11-03 21:30:06.374644,176.3573231710861,1952.6970826318304,1979.6194717667167,1946.7633558552604,1952.192482721792,344372.43045693875,349120.39093813766,343325.97428619425,344283.440567532,129139.66142135204,130920.14660180162,128747.24035732285,129106.29021282449,24280,11068.783454460261,62.764398949372
2021-11-04 21:30:06.374644,180.56761708429022,1981.0911079813823,1988.4109797752672,1951.9675240494657,1969.4810491693954,357720.90059507446,359042.6324022588,352462.124443534,355624.4999411855,134145.33772315292,134640.98715084704,132173.29666632524,133359.18747794456,17144,11433.400846874534,63.320238853164284
2021-11-05 21:30:06.374644,175.84284317111283,1951.8858306198115,1970.6796440798068,1947.5684619617166,1956.9272394770344,343225.1540015968,346529.9115944299,342465.9756217396,344111.64966863894,128709.43275059879,129948.71684791122,128424.74085815233,129041.8686257396,18165,11063.260341712928,62.91662480032904
2021-11-06 21:30:06.374644,178.46312164521677,1959.4971845957098,1959.4971845957098,1948.6041469319302,1955.4679105266023,349697.98441796395,349566.7332932599,347753.9789122869,348978.9075896269,131136.74415673647,131136.74415673647,130407.7420921076,130867.09034611008,48135,11219.743685366091,62.86970632007981
2021-11-07 21:30:06.374644,180.43389559301838,1942.81937440109,1947.6756579909854,1915.3048568782024,1934.2600922877155,350550.46815677953,351426.7063230088,345585.91657476255,349006.08354158374,131456.4255587923,131785.0148711283,129594.71871553596,130877.2813280939,24454,11220.617397813263,62.187859639195445
2021-11-08 21:30:06.374644,178.84288847150393,1974.695225372466,1987.516404258032,1963.5766732723398,1984.616229411845,353160.19795649924,355453.17462200375,351171.72398329177,354934.4989754393,132435.07423368722,133294.9404832514,131689.3964937344,133100.43711578974,9384,11411.217173850288,63.80684583445095
2021-11-09 21:30:06.374644,179.67768187154525,1989.990581697253,1989.990581697253,1980.822903400117,1986.319023464253,357556.8946655703,357201.7241349837,355909.6674809968,356897.19759340846,134083.83549958887,134083.83549958887,133466.1253053738,133836.44909752818,20169,11474.318338265448,63.86159189365354
2021-11-10 21:30:06.374644,180.21272890007552,1961.6342811971992,1994.0092558924443,1961.6342811971992,1986.289934973418,353511.46691848536,359345.8494563864,357453.9584694649,357954.7295683132,132566.80009443202,134754.6935461449,132566.80009443202,134233.02358811744,26701,11508.318208857805,63.86065667765422
2021-11-11 21:30:06.374644,181.51543158895262,1991.5583136450482,1997.1631877161249,1965.6894032535392,1986.0521856567655,361498.5668358476,362515.9379718608,356802.9604013969,360499.11963767046,135561.96256344285,135943.4767394478,133801.11015052383,135187.16986412642,21117,11590.120873124693,63.853012865329156
2021-11-12 21:30:06.374644,177.87315620097863,1999.6001587351032,2039.840454397132,1999.6001587351032,2016.5101687586541,355675.1913741907,362832.85977005627,357909.6203323803,358683.02822846983,133378.1967653215,136062.3224137711,133378.1967653215,134506.13558567618,13750,11531.733160637534,64.83225903061245
2021-11-13 21:30:06.374644,178.8225451873168,2012.2667129177855,2026.7522890899404,1998.8484101886168,2002.371498731885,359838.65519967413,362429.0027992836,357439.16015355027,358069.16781377775,134939.4956998778,135910.87604973133,134039.68505758134,134275.93793016666,19285,11511.997421996457,64.37769057282573
2021-11-14 21:30:06.374644,181.84349263321602,2025.2811490588629,2032.6230760735757,2001.421050633807,2017.4156195394617,368284.1977090766,369619.27936009015,363945.3940768921,366853.902349859,138106.57414090371,138607.2297600338,136479.52277883454,137570.21338119713,39205,11794.428444890014,64.86136992748281
2021-11-15 21:30:06.374644,180.70967908204307,2010.5182083627992,2034.7256588412868,1999.9283068459338,2012.4219333987414,363320.10022184567,367694.6208292076,361406.40251722245,363664.1217621512,136245.0375831921,137885.48281095285,135527.40094395843,136374.0456608067,44290,11691.876342661755,64.70081930968352
2021-11-16 21:30:06.374644,179.42815866891505,2030.336254354313,2039.409931100341,1994.677531536537,2018.1843867120494,364299.4955975363,365927.5687084331,357901.3166218575,362119.1083620966,136612.31084907614,137222.8382656624,134212.99373319658,135794.66563578622,47927,11642.203843946007,64.88608634758305
2021-11-17 21:30:06.374644,183.4397595682456,2026.7068649737082,2052.144480119583,1985.462827650901,2029.5943949143318,371778.62002608983,376444.8900324387,364212.8237359703,372308.3078241439,139416.9825097837,141166.83376216452,136579.80890098886,139615.61543405397,23014,11969.788703193928,65.25292635601562
2021-11-18 21:30:06.374644,182.5532984886906,1999.5706569930628,2003.8458590051252,1994.9970149179242,2001.9650360193273,365028.2189952817,365808.6712242892,364193.2855483585,365465.3207843584,136885.58212323065,137178.25170910847,136572.48208063445,137049.49529413442,26141,11749.7852618428,64.36462250291213
2021-11-19 21:30:06.374644,182.90114388767967,1988.7623952281374,1988.7623952281374,1973.015584177197,1984.846357987198,363746.917008028,363683.36343801924,360866.80725422787,363030.66931715346,136405.09387801052,136405.09387801052,135325.05272033546,136136.50099393254,24384,11671.510716215067,63.81424463443657
2021-11-20 21:30:06.374644,180.9566785861094,1974.1831143105624,1995.8374944220686,1974.1831143105624,1977.046197497266,357241.61928642093,361160.1239882402,357557.48367300135,357759.7133104025,133965.60723240784,135435.04649559007,133965.60723240784,134159.89249140094,38426,11502.048396039176,63.563463838386866
2021-11-21 21:30:06.374644,182.17876421002723,1996.2756313009284,2019.2674086187808,1983.6821109427647,2002.6362069202974,363679.0275329951,367867.6411117536,361384.755557091,364837.78933899617,136379.63532487315,137950.3654169076,135519.28333390912,136814.17100212356,24956,11729.609996752706,64.38620113235801
2021-11-22 21:30:06.374644,182.96262804624823,1980.6762194011292,1992.726472998914,1959.314720724348,1982.0791840229642,362389.72641033796,364594.47247721243,358481.37047342764,362646.4165046048,135896.14740387673,136722.92717895465,134430.51392753536,135992.4061892268,19822,11659.156909227264,63.72527799196117
2021-11-23 21:30:06.374644,182.50962190954365,1994.7055799750615,2020.1206976229,1970.0130070736852,1994.130094355009,364052.9612221055,368691.46473479905,359546.32907790144,363947.92955917533,136519.86045828956,138259.29927554965,134829.87340421305,136480.47358469074,6378,11701.000821732745,64.11272346697346
2021-11-24 21:30:06.374644,179.16477907465077,1992.3538542897195,2003.823952113489,1969.7050178140232,1988.4933982366988,356959.6381423465,359014.67568490683,352901.7643588805,356267.9803864797,133859.86430337996,134630.50338184007,132338.1616345802,133600.49264492988,11034,11454.088875594125,63.931499613763684
2021-11-25 21:30:06.374644,182.19322497982677,2013.3977413418654,2022.8724050552942,1974.171868926669,1991.2840793722098,366827.4276621735,368553.6471997225,359680.7394642017,362798.46827180823,137560.28537331507,138207.61769989593,134880.27729907562,136049.4256019281,16451,11664.045404829227,64.02122202878164
2021-11-26 21:30:06.374644,185.25208771049344,1963.1834918980228,1976.875709425249,1963.1834918980228,1970.369059083408,363683.84043288534,366220.3523151902,364460.95435022505,365014.98175536195,136381.440162332,137332.6321181963,136381.440162332,136880.61815826074,6261,11735.306769398212,63.34878901356465
2021-11-27 21:30:06.374644,186.54552815311118,1976.4704404220172,1988.7063388723327,1976.4704404220172,1980.240610733987,368701.72218753747,370984.2743263794,369089.4225848591,369405.03059961105,138263.14582032655,139119.10287239228,138263.14582032655,138526.88647485414,13980,11876.44774304305,63.666166532190495
2021-11-28 21:30:06.374644,182.86339019457114,1985.351591718999,1992.4987630201958,1976.2673717698058,1986.379937678289,363048.1227899242,364355.0787643624,361386.9515327416,363236.1696183329,136143.04604622157,136633.1545366359,135520.1068247781,136213.56360687484,49969,11678.117593182,63.86355032965065
2021-11-29 21:30:06.374644,185.45645718303754,1996.781811021956,2020.9927398328941,1971.3250811653854,1990.5400909445593,370316.0804396615,374806.15352204884,365594.96550899633,369158.51314737933,138868.53016487305,140552.30757076832,137098.11206587363,138434.44243026726,5105,11868.522156230047,63.997302263235945
2021-11-30 21:30:06.374644,187.6802086656204,1998.2442080436651,2017.1359321483512,1960.9196890348992,1997.1395766337614,375030.88993050245,378576.4926525233,368025.81641459337,374823.57247699314,140636.5837239384,141966.18474469622,138009.68115547253,140558.83967887243,28328,12050.654979327199,64.2094804968496
2021-12-01 21:30:06.374644,181.06815168274696,2038.0978005531178,2038.0978005531178,1994.0508394701208,2029.3108764147814,369034.6016948249,368522.50033804175,361059.09986428474,367443.5695821198,138387.97563555933,138387.97563555933,135397.16244910678,137791.33859329493,24371,11813.386367737907,65.24381103138815
2021-12-02 21:30:06.374644,184.9312601997009,2010.5263351603703,2036.2244262307822,2010.5263351603703,2018.0833395927955,371809.1688258935,376561.5491922714,372529.268897642,373206.69517891656,139428.43830971007,141210.5809471018,139428.43830971007,139952.5106920937,24433,11998.672041503232,64.88283760968365
2021-12-03 21:30:06.374644,186.18750492707088,2017.052438583538,2029.0864239681878,1983.3328598950948,2015.1908228797417,375549.96084693284,377790.5385600296,369271.79662373953,375203.35126390995,140831.2353175998,141671.4519600111,138476.92373390234,140701.25672396622,39706,12062.864945470355,64.78984110726259
2021-12-04 21:30:06.374644,183.18288278778877,2035.3762470706222,2054.183553366273,2035.3762470706222,2051.992513385502,372846.0884961872,376291.2650808974,372916.3008710049,375889.9040609165,139817.28318607018,141109.22440533654,139817.28318607018,140958.7140228437,24848,12084.937759160124,65.97304204946396
2021-12-05 21:30:06.374644,183.53107979672998,2041.4049591210492,2060.1581087616905,2024.8013069382891,2043.486411512222,374661.2564498856,378103.04225302214,371613.9702362143,375043.26765478303,140497.9711687071,141788.6408448833,139355.23883858035,140641.22537054363,17275,12057.71822449791,65.6995647278352
2021-12-06 21:30:06.374644,186.51272775168854,2050.7992677831876,2050.7992677831876,2004.2853652088932,2036.1678841658315,382500.1655054079,380997.80203857477,373824.7306578999,379771.22623615345,143437.56206452797,143437.56206452797,140184.27399671247,142414.20983855755,18446,12209.723065719954,65.46426878537244
2021-12-07 21:30:06.374644,187.4130329671266,2053.287095196924,2086.8174710182507,2053.287095196924,2069.4155280912664,384812.76206311677,391096.7914923192,385711.86066944257,387835.4405888522,144304.7857736688,146661.2968096197,144304.7857736688,145438.2902208196,28806,12468.989216462585,66.53320456190674
2021-12-08 21:30:06.374644,185.67922340807556,2040.1157464298324,2067.35166752218,2036.1088010484054,2039.5169729364848,378807.1074596777,383864.2521369084,378063.10095301573,378695.92766243557,142052.66529737914,143949.09455134065,141773.6628573809,142010.97287341335,25588,12175.151995320075,65.57194440935858
2021-12-09 21:30:06.374644,183.44731964013212,2076.8134672318247,2076.8134672318247,2040.1146195463523,2062.621479786445,380985.8639562076,379141.86881270865,374253.55871442624,378382.3818989863,142869.69898357784,142869.69898357784,140345.08451790985,141893.39321211987,32627,12165.071434509591,66.31477099961242
2021-12-10 21:30:06.374644,187.19329088356804,2033.1675534935748,2048.8602152709095,2008.206041255209,2033.8232135351395,380595.3252561551,383532.8862569772,375922.69763482496,380718.06041703647,142723.24697105816,143824.83234636646,140971.01161305935,142769.27265638867,34109,12240.163979457191,65.38888593036602
2021-12-11 21:30:06.374644,185.62227576661647,2055.428701419247,2057.151724554535,2039.7412200003325,2042.4876763640539,381533.35323346185,381853.18470903253,378621.40723143646,379131.2107119641,143075.0074625482,143194.9442658872,141983.02771178866,142174.20401698654,32464,12189.14643492683,65.66745467114806
2021-12-12 21:30:06.374644,186.81358091283107,1962.5365312086626,1989.8702842506113,1962.5365312086626,1984.211140369745,366628.4770673363,371734.79335288977,368629.6215898952,370677.5884196042,137485.6789002511,139400.54750733366,137485.6789002511,139004.09565735157,7071,11917.360738799003,63.793821929035154
2021-12-13 21:30:06.374644,186.68239334267935,2034.655363385567,2061.9245223908874,2008.2873683474284,2044.0482687867511,379834.3328643366,384925.0047318919,374911.89244296897,381587.82292507106,142437.87482412622,144346.87677445947,140591.95966611337,143095.43359690165,44149,12268.127023053983,65.71762884520234
2021-12-14 21:30:06.374644,185.61805325212174,2065.1837186484568,2065.1837186484568,2049.58762914889,2052.1792606740923,383335.38146350405,382286.77661375696,380440.4656922486,380921.5192907035,143750.76804881403,143750.76804881403,142665.17463459322,142845.5697340138,7061,12246.705224109552,65.97904610973339
2021-12-15 21:30:06.374644,187.6308043017729,2023.2946103563102,2042.8537709568202,2017.6175474296986,2030.415607718226,379632.39508059673,383302.29611553793,378567.2031976048,380968.5135430438,142362.14815522378,143738.36104332673,141962.7011991018,142863.19257864144,26471,12248.216098991892,65.27932894105892
2021-12-16 21:30:06.374644,188.68759883077678,2081.4739737731156,2106.4141406997383,2057.967126497803,2087.55311776157,392748.32614000444,397454.2263518276,388312.8755715439,393895.38522213243,147280.62230250167,149045.33488193536,145617.32833932896,147710.76945829968,11960,12663.817683324733,67.11634117580239
2021-12-17 21:30:06.374644,187.13902362706705,2051.398066832553,2072.361636555972,2034.451231964807,2055.412160842861,383896.6312974968,387819.7332672754,380725.2171667777,384647.8249313331,143961.2367365613,145432.39997522827,142771.95643754164,144242.9343492499,26801,12366.506717185348,66.08298618621251
2021-12-18 21:30:06.374644,187.614027071588,2095.3025809672577,2114.6696258273564,2081.8943486141775,2092.001054979584,393108.15514875925,396741.68442743854,390592.5826810864,392488.7425627303,147415.55818078472,148778.13166028945,146472.2185054074,147183.27846102385,24326,12618.593832392306,67.25934557138534
2021-12-19 21:30:06.374644,188.431774846752,2137.5139963732368,2175.332614362434,2134.361873160797,2144.7142339547568,402775.55609638285,409901.7854063386,402181.5959249272,404132.3096431869,151040.83353614356,153713.16952737697,150818.0984718477,151549.6161161951,28408,12992.936909824683,68.95411236532084
2021-12-20 21:30:06.374644,191.4613136393659,2129.139227192776,2129.139227192776,2082.52698274518,2107.674687718408,407647.79335943324,405636.53428510576,398723.3518058172,403538.16443500674,152867.92250978746,152867.92250978746,149521.25692718144,151326.81166312753,26241,12973.83501912959,67.76326418950948
2021-12-21 21:30:06.374644,189.22338159983673,2103.315858760193,2111.478821531126,2087.402843321837,2104.320336465521,397996.53936716827,399541.1627865578,394985.42477447214,398186.6100353121,149248.7022626881,149827.93604495918,148119.53429042705,149319.97876324202,6962,12801.781444036525,67.65541937291691
2021-12-22 21:30:06.374644,191.0302445278703,2110.4419495018956,2128.1651542163786,2092.8110571528036,2109.0152713635257,403158.2416752224,406543.9098056476,399790.2079985308,402885.70300158707,151184.34062820842,152453.96617711787,149921.32799944904,151082.13862559514,25408,12952.858249793822,67.80636492238898
2021-12-23 21:30:06.374644,190.25417482333677,2150.927414565917,2162.7252739825976,2137.2483903114635,2155.6677306732654,409222.92036313174,411467.512371134,406620.4288912123,410124.78529253707,153458.5951361744,154300.31713917525,152482.6608342046,153796.79448470142,18460,13185.596234970972,69.3062751996806
2021-12-24 21:30:06.374644,190.63895233300053,2143.6965074595482,2143.6965074595482,2112.0672947729554,2136.7498111807868,408672.05630200054,407867.82644283545,402642.2963323108,407347.7454012419,153252.0211132502,153252.0211132502,150990.86112461655,152755.4045254657,8671,13096.313831058445,68.69805041814544
2021-12-25 21:30:06.374644,193.46006629206607,2105.289593671846,2114.2118459831695,2072.1182716799894,2102.4939613342085,407289.46435575216,409015.56387937535,400872.1382042121,406748.62113838457,152733.54913340707,153380.83645476575,150327.05182657955,152530.7329268942,39379,13077.051862730985,67.59670009272939
2021-12-26 21:30:06.374644,188.95808002313353,2158.6099629452365,2176.8548155051185,2154.058257477909,2158.192764586239,407886.7941169393,411334.30642695975,407026.71259100235,407807.9611160343,152957.54779385222,154250.3649101099,152635.0172216259,152927.98541851286,12870,13111.109860983614,69.38745686454061
2021-12-27 21:30:06.374644,190.53489950655054,2080.980994905944,2084.446524523527,2079.160193664307,2080.8120183678234,396499.50473944563,397159.80907686875,396152.5785578489,396467.3088117358,148687.3142772921,148934.9284038258,148557.21695919332,148675.24080440094,49630,12746.505555932865,66.89960995925935
2021-12-28 21:30:06.374644,190.90541708033874,2145.3386545927765,2185.674876704784,2145.3386545927765,2164.1078191400343,409556.77063360676,417257.1739393447,412230.7259670244,413139.9058197505,153583.78898760254,156471.44022725426,153583.78898760254,154927.46468240645,32094,13282.532980316055,69.57763014258956
2021-12-29 21:30:06.374644,190.44044694054904,2106.8198916174965,2130.6159498984407,2106.8198916174965,2121.237631784544,401223.72178287513,405755.45375732146,402211.6068939587,403969.4426641604,150458.89566857816,152158.29515899555,150458.89566857816,151488.54099906015,20451,12987.700702937256,68.19932264164946
2021-12-30 21:30:06.374644,190.2073808342716,2151.431665450646,2157.7348240941988,2130.458740703134,2140.7353027951317,409218.1821292822,410417.08942585526,405228.9770446237,407183.65500412334,153456.81829848082,153906.4085346957,151960.86639173387,152693.87062654627,26854,13091.03829102763,68.82618685341302
2021-12-31 21:30:06.374644,189.56872628716798,2122.4812417829094,2142.2103194538668,2112.885720329619,2126.9908419122758,402356.0655731927,406096.08169809676,400537.05479323125,403210.94472578116,150883.52458994728,152286.03063678628,150201.39554746173,151204.10427216793,31494,12963.314838148828,68.3842925044537
2022-01-01 21:30:06.374644,191.99138396178557,2185.026412059408,2202.8468549555637,2168.249157284391,2186.357922116106,419506.2448443405,422927.6163387854,416285.1564810055,419761.88330288493,157314.84181662768,158597.85612704454,156106.93368037706,157410.70623858186,47977,13495.430918945633,70.29298703091632
2022-01-02 21:30:06.374644,192.25306951172956,2194.9096556228783,2213.532809491481,2181.811651677044,2200.984001339659,421978.1185944316,425558.4770896598,419459.98713136825,423145.9302037581,158241.79447291186,159584.42890862242,157297.49517426308,158679.7238264093,48073,13604.228723114651,70.76322604657543
2022-01-03 21:30:06.374644,190.03790999385808,2131.2992605098884,2171.2702151513963,2131.2992605098884,2156.649297684717,405027.65703875443,412623.6537192859,409110.06373761705,409845.1251217255,151885.37138953293,154733.8701447322,151885.37138953293,153691.92192064706,30187,13176.605102936133,69.33783328836681
2022-01-04 21:30:06.374644,192.3067152648896,2136.669483534682,2158.188561428798,2099.316534497418,2129.0702948759013,410895.8899852828,415034.1531706295,403712.6670504698,409434.51497563446,154085.95874448103,155637.80743898608,151392.25014392618,153537.94311586293,42120,13163.403902251623,68.45114841982095
2022-01-05 21:30:06.374644,194.92804960820385,2184.151711891249,2206.2789574876815,2165.2323714971667,2179.699349121776,425752.4332473807,430065.6540746951,422064.5231244886,424884.5428565792,159657.16246776778,161274.62027801067,158274.19617168323,159331.7035712172,27914,13660.125477642077,70.07890909774707
2022-01-06 21:30:06.374644,190.45185149940747,2243.580022861113,2244.674148204756,2213.9843620090624,2234.639250060425,427293.96934098186,427502.34753845114,421657.4209353603,425591.18260725535,160235.2385028682,160313.38032691917,158121.53285076012,159596.69347772075,27510,13682.844091025441,71.84526661180976
2022-01-07 21:30:06.374644,191.21083205038815,2180.304731181869,2181.699275972588,2160.766739590306,2173.2148771699476,416897.88177268306,417164.53384244797,413162.00614386675,415542.2248879478,156336.70566475615,156436.700190918,154935.75230395002,155828.33433298042,19455,13359.76803266293,69.87042863889748
2022-01-08 21:30:06.374644,194.59001950168874,2195.6097494845294,2202.978636396133,2179.9235755608365,2195.043161014904,427243.7439702925,428677.6558181272,424191.37108057423,427133.49150893866,160216.40398885967,160754.12093179772,159071.76415521535,160175.059315852,33987,13732.429639562071,70.57222373735766
2022-01-09 21:30:06.374644,192.6955694033992,2246.4081629285906,2249.5620453569777,2232.7996587144653,2238.925323583799,432872.9000679687,433480.63923833816,430250.6015996993,431430.99007967,162327.33752548826,162555.2397143768,161343.97559988723,161786.62127987624,14117,13870.59510287005,71.98306697264935
2022-01-10 21:30:06.374644,195.21703594695666,2201.305775284591,2242.8919542989333,2187.3634176702703,2204.971196093922,429732.38866397535,437850.7192675147,427010.60293639515,430447.9412498712,161149.64574899076,164194.019725318,160128.97610114818,161417.9779687017,31424,13838.989880718596,70.89141723902205
2022-01-11 21:30:06.374644,193.02828631494924,2220.5979250746,2221.8338873421576,2198.1393476026014,2214.194078874334,428638.2120716821,428876.78775013867,424303.07134919066,427402.08861382026,160739.32952688079,160828.795406302,159113.6517559465,160275.7832301826,31639,13741.065091750908,71.187939584752
2022-01-12 21:30:06.374644,196.2551085553885,2202.880906627662,2227.1239537997835,2194.747662701065,2212.82135775891,432326.63146480446,437084.4533192825,430730.4407950827,434277.495780657,162122.48679930167,163906.66999473094,161523.91529815603,162854.06091774636,40655,13962.110846857542,71.14380560898002
2022-01-13 21:30:06.374644,191.5616088604865,2179.0662240973784,2189.0963269654026,2168.05570537532,2182.978190034616,417425.4317016392,419346.8143440741,415316.23902085325,418174.8141903839,156534.5368881147,157255.0553790278,155743.58963281996,156815.55532139394,19171,13444.406320421293,70.18432620234431
2022-01-14 21:30:06.374644,193.93760491953154,2200.4506953267164,2224.5984389255873,2192.7183153618557,2214.740716085156,426750.1375951812,431433.29315295717,425250.53834446834,429521.5099953233,160031.30159819295,161787.48493235893,159468.9518791756,161070.56624824624,44863,13809.204925261167,71.20551436607313
2022-01-15 21:30:06.374644,191.56275938965516,2183.319004904121,2216.434879678229,2183.319004904121,2193.761015134957,418242.61320730945,424586.38155863987,419220.5724677499,420242.91350070335,156840.97995274104,159219.89308448994,156840.97995274104,157591.09256276375,6760,13510.8961387829,70.53100182085478
2022-01-16 21:30:06.374644,194.16678930990886,2224.8016432815307,2241.4531873826027,2209.5208990857955,2222.698702706621,431982.59192738397,435215.7687825415,429015.57888863207,431574.2707078443,161993.47197276898,163205.91329345305,160880.84208323702,161840.3515154416,46728,13875.201604547463,71.46136938629482
2022-01-17 21:30:06.374644,192.4582851931944,2225.5396611916303,2241.1054351951766,2225.5396611916303,2228.842038653119,428323.546822384,431319.3089948113,428941.73445144953,428959.11672568275,160621.330058394,161744.74087305425,160621.330058394,160859.66877213103,6434,13791.123865923442,71.65888207607243
2022-01-18 21:30:06.374644,191.05937331678692,2183.8390398044207,2208.5943420939243,2183.8390398044207,2192.1166728799662,417242.9183697663,421972.65091146645,417465.7356141091,418824.43775772635,156466.09438866237,158239.74409179992,156466.09438866237,157059.1641591474,49227,13465.291851778755,70.47813502917569
2022-01-19 21:30:06.374644,195.8999998967671,2201.0140118246018,2224.884631852876,2201.0140118246018,2205.6356590573932,431178.64468922245,435854.8991502971,431735.3868387411,432084.02538164915,161691.99175845843,163445.58718136142,161691.99175845843,162031.50951811843,48600,13891.590322198083,70.91278020343026
2022-01-20 21:30:06.374644,197.50920148933005,2219.5980950120297,2222.252702106703,2201.8176825969804,2208.2646230707974,438391.04737306415,438915.356700601,434879.25231481675,436152.5823798496,164396.64276489906,164593.25876272537,163079.7196180563,163557.2183924436,36388,14022.395266841873,70.99730329611772
2022-01-21 21:30:06.374644,194.81206557653812,2201.7318943708624,2223.637973256498,2198.4242025738404,2210.165889003007,428923.93818813196,433191.5066645252,428279.5599168635,430566.9821034815,160846.4768205495,162446.81499919694,160604.83496882382,161462.61828880556,19349,13842.81706865617,71.05843036966924
2022-01-22 21:30:06.374644,195.13702984987123,2194.5740694821625,2212.7820084045516,2182.9504012913626,2190.3406818227563,428242.6657042941,431795.70882529696,425974.457617581,427416.5750102345,160590.9996391103,161923.39080948636,159740.4216065929,160281.21562883793,18802,13741.530832376366,70.42103563337747
2022-01-23 21:30:06.374644,195.84257169290902,2238.0478503704644,2263.773858046125,2232.4347956295733,2240.0386813181544,438305.04658833856,443343.2940909315,437205.7715128294,438694.93604094005,164364.39247062698,166253.7352840993,163952.16431731102,164510.60101535253,30610,14104.132460163968,72.01886222830724
2022-01-24 21:30:06.374644,194.0173459936781,2224.995805783076,2224.995805783076,2209.3381898907974,2216.090049706486,431687.78108509764,431140.4557265794,428649.93200508936,429959.9099270506,161882.9179069116,161882.9179069116,160743.72450190852,161234.96622264397,31846,13823.299573271946,71.24889641701049
2022-01-25 21:30:06.374644,190.18521504279528,2189.852403848073,2204.468404257546,2186.564443110021,2202.829799557488,416477.550337828,419257.2975187691,415852.2288178092,418945.6591315185,156179.0813766855,157221.48656953842,155944.58580667846,157104.62217431943,23990,13469.189143888841,70.82256979302934
2022-01-26 21:30:06.374644,197.58090358964498,2262.270233971726,2271.633340451991,2230.5524675687398,2245.032718182282,446981.3969920912,448831.368030868,440714.5720463439,443575.5930467721,167618.02387203422,168311.7630115755,165267.96451737895,166340.84739253955,7590,14261.046587151883,72.17942412211752
2022-01-27 21:30:06.374644,190.26904826246144,2229.1485203593606,2232.7001835671713,2222.4511466426434,2223.473341421115,424137.9674044497,424813.73898274865,422863.66448151186,423058.1565091505,159051.73777666863,159305.15211853074,158573.87418056696,158646.80869093144,28909,13601.406780772586,71.48627458071005
2022-01-28 21:30:06.374644,199.53709406122528,2243.3388504055492,2256.743514798359,2224.5998669334786,2237.8146354358782,447629.31520457304,450304.04298438027,443890.19289689476,446527.0294025554,167860.99320171488,168864.0161191426,166458.82233633555,167447.63602595826,43743,14355.935873281744,71.94735754612434
2022-01-29 21:30:06.374644,198.85819046037304,2228.98591745051,2271.4552563297007,2225.3174772787547,2248.099995543001,443252.1061058628,451697.4819854271,442522.60673149547,447053.0970876539,166219.53978969855,169386.55574453517,165945.97752431082,167644.9114078702,25018,14372.849057602041,72.27803930564087
2022-01-30 21:30:06.374644,199.86041854509907,2240.165513157235,2261.637988317712,2237.44110395756,2240.1547451077845,447720.41706990165,452011.91494267376,447175.9155069664,447718.2649630315,167895.1564012131,169504.46810350264,167690.9683151124,167894.34936113682,37493,14394.23434166125,72.0225937630101
2022-01-31 21:30:06.374644,195.45869872619122,2226.0915296672106,2251.5711073922366,2226.0915296672106,2241.583668474199,435108.95363414945,440089.1587403759,435254.54788235197,438137.0269258489,163165.85761280605,165033.43452764096,163165.85761280605,164301.38509719336,39478,14086.195567317674,72.06853468176247
2022-02-01 21:30:06.374644,195.73458158147744,2236.239450151193,2258.5114733617647,2224.8945756601947,2233.6238144773743,437709.39309133694,442068.79823543114,435488.808829747,437197.42273715243,164141.02240925137,165775.79933828668,163308.30331115512,163949.03352643218,9627,14055.987099316888,71.81261962407363
2022-02-02 21:30:06.374644,201.98668810039524,2257.159918590663,2270.2965180682854,2231.397721804665,2255.8035401936227,455916.25646908575,458569.6746904721,450712.6356620913,455642.28608885664,170968.59617590715,171963.62800892704,169017.23837328423,170865.85728332124,40062,14648.99325131355,72.52571383264336
2022-02-03 21:30:06.374644,197.4317001338171,2225.0119792773166,2242.2311284346615,2213.9663445270467,2229.7117068734997,439287.89788683003,442687.5037798224,437107.13943902706,440215.77309631027,164732.96170756128,166007.81391743338,163915.17728963515,165080.91491111636,11242,14153.027684423556,71.68684253776905
2022-02-04 21:30:06.374644,199.92380907697492,2290.5035256576484,2293.4143957125957,2272.2249351958776,2284.943126503289,457926.1895537176,458508.1417828308,454271.86412404233,456814.5333747897,171722.3210826441,171940.55316856154,170351.94904651586,171305.45001554614,31496,14686.681242759443,73.46257258839967
2022-02-05 21:30:06.374644,195.4252062600796,2257.2431962262212,2267.440061543946,2250.8774094873447,2254.275376146315,441122.2172016706,443114.9417095932,439878.18201521796,440542.23035041214,165420.83145062646,166168.10314109744,164954.31825570675,165203.33638140454,39766,14163.523352315206,72.4765822542902
2022-02-06 21:30:06.374644,192.56498846703352,2284.5350149012256,2310.2540630733574,2277.883950720405,2288.446540294206,439921.45879698877,444874.0470116384,438640.69669971557,440674.6816391765,164970.5470488708,166827.7676293644,164490.26126239332,165253.00561469118,23290,14167.781688502331,73.57520987330062
2022-02-07 21:30:06.374644,193.44765205883715,2262.7684078518946,2275.991030334654,2262.7684078518946,2274.2067045537433,437727.2356518622,440285.12092521245,438348.9765141357,439939.9472923872,164147.71336944832,165106.92034695466,164147.71336944832,164977.4802346452,34169,14144.159828073147,73.11738886471758
2022-02-08 21:30:06.374644,196.80675128218687,2266.0117998331575,2285.1694585972546,2258.084249613289,2269.427490406169,445966.42069226486,449736.7772757995,444406.22528786614,446638.6516573244,167237.40775959933,168651.2914784248,166652.3344829498,167489.49437149666,8075,14359.524551740113,72.96373367647271
2022-02-09 21:30:06.374644,197.38061629109595,2227.302790816058,2259.676726855137,2227.302790816058,2245.0629013615917,439626.3975181515,446016.3849653134,439952.91947373835,443131.8990830269,164859.89906930682,167256.14436199254,164859.89906930682,166174.4621561351,21805,14246.781734922419,72.1803945331423
2022-02-10 21:30:06.374644,202.9496475159396,2271.020361635261,2305.019165878559,2250.93298161426,2280.6674662508713,460902.78189539793,467802.82723253866,456826.055200617,462860.6583766854,172838.54321077422,175426.060212202,171309.77070023137,173572.74689125703,35371,14881.065405629033,73.32510702174582
2022-02-11 21:30:06.374644,199.11412636620022,2274.8756238857063,2294.7253955217607,2262.0781008881286,2274.750758348547,452959.8724417671,456912.24237964867,450411.70483045303,452935.0099494224,169859.95216566266,171342.09089236826,168904.3893114199,169850.6287310334,41789,14561.953766378034,73.13488058734698
2022-02-12 21:30:06.374644,201.74739243328818,2257.0375360559888,2278.714447473182,2257.0375360559888,2265.2234448276354,455351.4375233494,459724.6978777755,455487.5838944453,457002.9232727259,170756.78907125603,172396.76170416584,170756.78907125603,171376.0962272722,41068,14692.738016741445,72.82857057333212
2022-02-13 21:30:06.374644,198.47436367492446,2233.9124171765816,2257.0295010762898,2233.9124171765816,2242.6487879253777,443374.34550463443,447962.49402164883,443428.17403668555,445108.29112982994,166265.3795642379,167985.93525811832,166265.3795642379,166915.60917368624,9814,14310.323145892167,72.10277904175986
2022-02-14 21:30:06.374644,200.90779403633096,2285.4961675923755,2290.152068403551,2273.7530634183495,2280.9976711682757,459173.9933094727,460109.40007069794,456814.71215473034,458270.21031642647,172190.24749105226,172541.02502651172,171305.5170580239,171851.3288686599,23787,14733.481555955068,73.33572334844231
2022-02-15 21:30:06.374644,198.3341018813865,2247.8781598670384,2250.5597067842027,2240.276750193565,2249.345180518876,445830.8959760128,446362.7381754814,444323.277215392,446121.8561994365,167186.5859910048,167386.02681580553,166621.228955772,167295.6960747887,46461,14342.909471432502,72.31807290237035
2022-02-16 21:30:06.374644,196.86616427776931,2301.003787870372,2313.752314500002,2269.6103482188223,2284.7975662741583,452989.7897066581,455499.5432444263,446809.4836589719,449799.33302357595,169871.1711399968,170812.32871665986,167553.55637211446,168674.74988384097,39416,14461.141108011057,73.45789272185311
2022-02-17 21:30:06.374644,197.48792387694678,2314.1935916775865,2342.7175398485683,2305.7016591659326,2312.017566288823,457025.28786974127,462658.4231748021,455348.2337483116,456595.54913341085,171384.48295115298,173496.90869055077,170755.58765561684,171223.33092502906,30216,14679.640854340627,74.33303539115609
2022-02-18 21:30:06.374644,199.63811749418653,2308.759800445352,2338.4862150772624,2296.990759660167,2317.0198039365455,460916.4603071638,466850.9857641301,458566.91116009717,462565.4718546411,172843.67261518643,175069.1196615488,171962.59168503643,173462.0519454904,15396,14871.57509820734,74.4938609460847
2022-02-19 21:30:06.374644,197.57276928824083,2273.632541796739,2288.7978802038715,2273.632541796739,2284.0133885933014,449207.87762664375,452204.13553293416,451098.4869910755,451258.8502757975,168452.9541099914,169576.5508248503,168452.9541099914,169222.06885342405,13747,14508.064887982171,73.43268084277658
2022-02-20 21:30:06.374644,198.099296024574,2301.66138684273,2326.7763332413647,2265.6513988560982,2288.2370277264677,455957.50042048946,460932.7536217539,448823.94715048437,453298.1443299768,170984.06265768356,172849.78260815772,168308.98018143163,169986.8041237413,18107,14573.628611431868,73.56847389285667
2022-02-21 21:30:06.374644,198.79230832394686,2329.989887500244,2355.687982567174,2305.7613410349654,2328.8057868636324,463184.06810762675,468292.65174551,458367.61942846,462948.67800878687,173694.02554036002,175609.74440456624,171887.8572856725,173605.75425329508,12446,14883.89525491213,74.87278881359437
2022-02-22 21:30:06.374644,201.73939764895786,2311.168964194201,2329.81964861991,2303.6553619819388,2317.354932149364,466253.83470150403,470016.41254328727,464738.0451170283,467501.7881506543,174845.188013064,176256.15470373273,174276.7669188856,175313.17055649537,8912,15030.278682827107,74.50463556028626
2022-02-23 21:30:06.374644,202.32005702898914,2352.652764339659,2383.8283006787606,2341.764369128392,2351.9793234201443,475988.84145060874,482296.2777406451,473785.900710511,475852.5908453669,178495.81554397827,180861.1041527419,177669.71276644163,178444.72156701257,12853,15298.758707734274,75.61783475879385
2022-02-24 21:30:06.374644,200.0766929421582,2344.603260587653,2372.7099806290553,2315.27954625293,2339.3699827543683,469100.46663977875,474723.9662351136,463233.47485090676,468053.40971764765,175912.67498991702,178021.48733816762,173712.55306909003,175520.02864411788,14169,15048.013429708322,75.21243534503732
2022-02-25 21:30:06.374644,198.13328235388403,2290.319241183197,2326.2260580626157,2260.036329738534,2293.017083174048,453788.46889388375,460902.8043810829,447788.4162501207,454323.0011828032,170170.6758352064,172838.5516429061,167920.65609379526,170371.1254435512,12017,14606.57797012613,73.72215612950465
2022-02-26 21:30:06.374644,199.53099237821468,2345.408299412067,2345.408299412067,2325.956369567802,2336.3566457742822,467981.6455137906,467598.85883729416,464100.382648293,466175.56008077954,175493.11706767147,175493.11706767147,174037.64349310988,174815.83503029234,36058,14987.640177494199,75.11555438372795
2022-02-27 21:30:06.374644,201.24071585095982,2336.2886791147694,2363.2473073284823,2322.181397664833,2333.907599669472,470156.40621954954,475581.579859637,467317.4468018534,469677.23608747986,176308.65233233108,178343.0924473639,175244.04255069504,176128.96353280495,43052,15100.21978161908,75.03681578180822
2022-02-28 21:30:06.374644,198.00517141436572,2308.8259681344475,2310.5188594915035,2299.8897250620234,2303.740661627828,457159.4815864002,457494.68282973993,455390.0592450444,456152.5645998624,171434.80559490007,171560.50606115247,170771.27221689167,171057.2117249484,37048,14665.398810437964,74.06692692551732
2022-03-01 21:30:06.374644,202.51752952814692,2363.2160921295626,2368.2425069808887,2358.8748278052503,2360.8790443803455,478592.6847192407,479610.6218373148,477713.5025932523,478119.3915826799,179472.25676971526,179853.98318899306,179142.5634724696,179294.77184350495,45795,15371.636817858793,75.90396721849135
2022-03-02 21:30:06.374644,199.2442372317343,2350.8896672445853,2365.5747562752067,2350.8896672445853,2359.3256539166237,468401.2185661131,471327.1379286993,469489.81989198725,470082.0402958804,175650.4569622924,176747.67672326224,175650.4569622924,176280.76511095517,21417,15113.234320212207,75.85402459262217
2022-03-03 21:30:06.374644,201.53028929448638,2311.0908307503187,2346.614323588878,2311.0908307503187,2321.4493684510026,465754.8037069466,472913.8634954521,466267.6321526691,467842.36280643323,174658.05139010499,177342.69881079454,174658.05139010499,175440.88605241245,19181,15041.228228087488,74.6362746459724
2022-03-04 21:30:06.374644,201.15390501855796,2323.991759080597,2364.980242461048,2317.6336686527825,2340.3574075296524,467480.01757000986,475725.01106277585,466201.06285199383,470772.03166369826,175305.0065887537,178396.87914854096,174825.3985694977,176539.51187388686,25057,15135.417684661083,75.24418176506349
2022-03-05 21:30:06.374644,201.67230246771433,2307.917796043813,2327.7823802864773,2307.917796043813,2319.85323661224,465443.09583436843,469449.2322761505,466798.13339820504,467850.14361476974,174541.16093788817,176043.46210355643,174541.16093788817,175443.80385553866,32056,15041.478382676498,74.58495785401128
2022-03-06 21:30:06.374644,200.52846680826113,2354.801371690891,2372.4962799053924,2354.801371690891,2367.757341744348,472204.7087031646,475753.0415177315,473008.1682610649,474802.7495139981,177076.76576368674,178407.3905691493,177076.76576368674,178051.03106774928,7865,15265.006092914033,76.12510944891565
2022-03-07 21:30:06.374644,203.83639230961245,2312.95426791458,2339.1336329689852,2312.95426791458,2326.9021430994794,471464.2535488288,476800.5608744751,472267.11322663777,474307.3381069035,176799.0950808108,178800.21032792816,176799.0950808108,177865.2517900888,37586,15249.078514239438,74.81158529102768
2022-03-08 21:30:06.374644,203.9630850228157,2295.4978644843695,2327.5258540072464,2289.1888304044314,2303.0578490204425,468196.8261035173,474729.3536536817,466910.0160490591,469738.78387221956,175573.809788819,178023.50762013064,175091.25601839717,176152.04395208234,16525,15102.198555562616,74.04497400679803
2022-03-09 21:30:06.374644,201.18732547735596,2309.6230651827123,2313.29991428585,2294.1921824291467,2312.9302848190746,464666.8873449228,465406.6227821669,461562.3893139783,465332.25801832875,174250.08275434605,174527.48354331258,173085.89599274186,174499.59675687327,8116,14960.527842667461,74.36237995142265
2022-03-10 21:30:06.374644,197.1621300689405,2330.782788022063,2349.156338230313,2330.601429973656,2343.373536037354,459542.0992144538,463164.667510441,459506.34227532474,462024.51791230985,172328.28720542017,173686.75031641536,172314.87835324678,173259.1942171162,22110,14854.183317653995,75.34115247600282
2022-03-11 21:30:06.374644,199.70147363798415,2350.3022238642366,2385.2953902205622,2327.5865222265406,2356.924922073101,469358.81760031934,476347.00448893674,464822.4585085507,470681.3801920892,176009.55660011974,178630.1266833513,174308.42194070652,176505.51757203345,17516,15132.503221196284,75.77683932911411
2022-03-12 21:30:06.374644,203.10085246908636,2368.717745673888,2404.297880279452,2350.4984730380825,2372.521546660901,481088.5934050192,488314.94907437405,477388.24360132037,481861.14862810425,180408.2225268822,183118.10590289027,179020.59135049515,180697.9307355391,14847,15491.935076778043,76.2782820795377
2022-03-13 21:30:06.374644,200.5052521598906,2340.5881428902894,2350.994633109255,2312.9133181967923,2337.113274071486,469300.2157926675,471386.7717381207,463751.26808901713,468603.4863439308,175987.58092225032,176770.03940179525,173906.72553338142,175726.30737897404,39846,15065.698506427816,75.13988053021319
2022-03-14 21:30:06.374644,202.37792324890842,2364.896954034384,2367.948571146053,2338.7376015488762,2366.91736805186,478602.9342551479,479220.5141887583,473308.85882559465,479011.82144810766,179476.10034568046,179707.69282078434,177490.822059598,179629.43304304036,12244,15400.328621659839,76.09810368774768
2022-03-15 21:30:06.374644,200.35921595088286,2340.8408998857835,2365.658259810923,2336.6333455323434,2346.697926733949,469009.04736687464,473981.43414344644,468166.0250755487,470182.55667397636,175878.39276257798,177743.03780379242,175562.25940333074,176318.45875274113,41252,15116.465942450372,75.44803403906148
2022-03-16 21:30:06.374644,200.2785836620042,2342.476500750422,2358.6642791223194,2318.255465803375,2332.607197858253,469147.8758318222,472389.94115678023,464296.9212577998,467171.26582684735,175930.45343693334,177146.22793379257,174111.34547167493,175189.22468506775,6888,15019.652322108004,74.99500692392346
2022-03-17 21:30:06.374644,200.2561587141143,2274.9822754596576,2307.2222853229946,2247.3120609096836,2279.097739301418,455579.21162624605,462035.4721583831,450038.0807496729,456403.3586065239,170842.20435984226,173263.30205939367,168764.28028112734,171151.25947744647,22854,14673.461889355836,73.27463916605585
2022-03-18 21:30:06.374644,201.86938241693335,2347.0489283774345,2347.0489283774345,2311.969145549182,2329.778134892193,473797.31767387793,471035.60833549814,466715.7835790185,470310.87325916183,177673.99412770424,177673.99412770424,175018.41884213194,176366.5774721857,29676,15120.591347066675,74.90405050531912
2022-03-19 21:30:06.374644,200.15776864309663,2303.624422804344,2337.6363289635838,2293.2324199573895,2312.8841204498835,461088.3242602589,467896.07150439074,459008.2841586798,462941.7246792998,172908.12159759708,175461.02681414652,172128.10655950493,173603.14675473742,45423,14883.671703938393,74.36089573359537
2022-03-20 21:30:06.374644,197.2693322527448,2357.1094958708904,2362.1723008662702,2345.0374316850384,2353.6456884411296,464985.41629705444,465984.1524578189,462603.96825619915,464302.1133183334,174369.53111139542,174744.0571716821,173476.48809607467,174113.29249437503,17625,14927.408478598682,75.67140959831303
2022-03-21 21:30:06.374644,200.56709371566976,2324.2576854848553,2361.681580616394,2310.1065799446897,2330.5678775862116,466169.60902400664,473675.6109060594,463331.3629129519,467435.2259145633,174813.6033840025,177628.35408977227,173749.26109235696,175288.20971796123,32159,15028.138693240846,74.92944130359
2022-03-22 21:30:06.374644,202.34245845966248,2327.965081862769,2349.08100703758,2303.601889838953,2332.9239551638525,471046.1778723621,475318.82608488365,466116.46970233833,472049.5684872933,176642.31670213578,178244.55978183137,174793.67613837688,177018.588182735,49104,15176.490756407322,75.00519090018334
2022-03-23 21:30:06.374644,200.46947154423455,2316.862167666681,2330.2174628987236,2305.616889408202,2328.176160545517,464460.1343929693,467137.4633704541,462205.79940312414,466728.24456644483,174172.5503973635,175176.5487639203,173327.17477617157,175023.09171241682,26921,15005.409097429427,74.85254587250687
2022-03-24 21:30:06.374644,203.22574295163105,2323.320427002293,2331.410443050068,2296.430638085395,2317.473170388827,472158.5198922417,473802.61941404134,466693.82256179256,470970.2068227412,177059.44495959062,177675.9822802655,175010.1834606722,176613.82755852793,42176,15141.789056801092,74.50843700512247
2022-03-25 21:30:06.374644,198.85570919938593,2337.577971208323,2372.5484874436133,2326.721963176768,2336.985726033668,464840.7252734928,471794.8120805301,462681.9460973037,464722.95393926685,174315.2719775598,176923.0545301988,173505.7297864889,174271.10772722505,9734,14940.938591154412,75.13577976863273
2022-03-26 21:30:06.374644,200.97414969115806,2312.909875347333,2336.7197641100997,2312.909875347333,2326.8894982267825,464835.09551021265,469620.26765855076,466185.1936215003,467644.63833141304,174313.16081632974,176107.60037195653,174313.16081632974,175366.7393742799,44147,15034.871345531541,74.81117874923345
2022-03-27 21:30:06.374644,200.88697032113282,2302.1102136045947,2313.412684397564,2281.60222061085,2283.277222558958,462463.94615636294,464734.4652711057,458344.15757648257,458680.64364311995,173423.9798086361,174275.42447666463,171879.05909118097,172005.24136617,5736,14746.677071859569,73.40901257282808
2022-03-28 21:30:06.374644,196.65445189798476,2297.6834204185807,2333.127622305542,2291.2202971969236,2309.5512355856995,451849.67367750284,458819.9337725447,450578.6717227988,454183.5323644192,169443.62762906356,172057.47516470426,168967.00189604954,170318.8246366572,41234,14602.094018917798,74.25374107691094
2022-03-29 21:30:06.374644,197.80171559003392,2308.0295760751496,2327.902866041608,2276.793427537825,2307.9250547776774,456532.2097802033,460463.180629987,450353.64601109544,456511.53528824757,171199.57866757625,172673.6927362451,168882.61725416078,171191.82573309285,18435,14676.939791931829,74.20145818887512
2022-03-30 21:30:06.374644,197.78619856212003,2352.617543990558,2376.902371272947,2340.5927370075838,2354.61977218742,465315.28069644363,470118.4843673651,462936.939834838,465711.2938001549,174493.23026116635,176294.4316377619,173601.35243806423,174641.73517505807,25474,14972.713921044075,75.702727094617
2022-03-31 21:30:06.374644,199.25699905021276,2268.841977898368,2311.023300885543,2268.841977898368,2289.055660936473,452082.64383517794,460487.5676695702,455834.41935887845,456110.36165710294,169530.99143819173,172682.83787608883,169530.99143819173,171041.3856214136,34757,14664.041977144512,73.59479354209246
2022-04-01 21:30:06.374644,197.00025940263694,2361.6650481283773,2361.6650481283773,2325.584556805426,2343.072556793845,465248.6271034314,463268.1389332332,458140.7609534354,461585.9014875872,174468.23516378677,174468.23516378677,171802.78535753826,173094.7130578452,23303,14840.081709348868,75.33147577584018
2022-04-02 21:30:06.374644,199.28174991982107,2340.7406138764095,2340.7406138764095,2318.1294465026485,2320.364883275179,466466.8856416871,465970.30244575726,461960.89263971406,462406.37439157907,174925.08211563266,174925.08211563266,173235.33473989277,173402.39039684215,42934,14866.460082033793,74.60140766393425
2022-04-03 21:30:06.374644,202.0245639169061,2296.9129662949954,2320.0450664847463,2277.3077814170047,2297.3081010133556,464032.84037083364,468706.0928241503,460072.11144534725,464112.6672899988,174012.31513906262,175764.78480905635,172527.0417920052,174042.25023374954,5016,14921.31774980706,73.8601154536742
2022-04-04 21:30:06.374644,200.45173028878148,2348.3508090147984,2359.800077033179,2339.923988554041,2347.381938216622,470730.98299207614,473026.0085769006,469041.8122498844,470536.77116415545,176524.11862202856,177384.7532163377,175890.67959370665,176451.28918655828,45317,15127.854011193269,75.47002550248757
2022-04-05 21:30:06.374644,200.52529122130807,2340.7383764571127,2384.4980413673493,2332.389446319274,2347.081669671613,469377.2446119544,478152.1641618264,467703.07296467794,470649.2353310941,176016.4667294829,179307.0615606849,175388.6523617542,176493.4632491603,12038,15131.469757301124,75.46037165179523
2022-04-06 21:30:06.374644,201.01766405015698,2325.445581547779,2366.0789404046955,2325.445581547779,2349.606867061644,467455.6386784934,475623.6615584225,471632.4773053771,472312.48385293945,175295.864504435,178358.87308440843,175295.864504435,177117.1814448523,38426,15184.943539510656,75.54155857256077
2022-04-07 21:30:06.374644,201.1071118346522,2328.0249356730997,2342.5284139564383,2320.0910567825676,2323.7292710094775,468182.371092269,471099.1237213878,466586.8116229482,467318.4823783578,175568.3891596009,176662.17139552045,174970.0543586056,175244.43089188417,12199,15024.385364530537,74.70957516065644
2022-04-08 21:30:06.374644,197.64715092286093,2389.196011769125,2393.7120797204866,2346.071117475327,2371.6802565481994,472217.7847224297,473110.37268639036,463694.27223141096,468755.8456067515,177081.66927091114,177416.3897573964,173885.3520867791,175783.44210253182,29585,15070.596888077145,76.25123399450864
2022-04-09 21:30:06.374644,198.88650248907746,2358.605542079455,2374.685453795349,2351.5748436628433,2363.7263868794525,469094.8070155374,472292.8844170447,467696.495997402,470113.2739275983,175910.55263082654,177109.83165639176,175386.18599902577,176292.47772284938,18176,15114.23848789861,75.9955113372917
2022-04-10 21:30:06.374644,200.31533421019216,2343.6937669349504,2365.0571318435473,2319.4203144193084,2335.4830830777014,469477.8002099188,473757.20979143865,464615.45545681275,467833.07432895974,176054.17507871956,177658.9536717895,174230.79579630477,175437.4028733599,15432,15040.929601625507,75.0874687118074
2022-04-11 21:30:06.374644,200.46129067498583,2360.8752052226237,2389.241807335579,2336.085020620747,2368.6952394256555,473264.0907614992,478950.496433126,468294.6183601358,474831.7049109615,177474.0340355622,179606.43616242224,175610.48188505095,178061.88934161057,31662,15265.937014884308,76.15526353708282
2022-04-12 21:30:06.374644,199.3106332947876,2345.984488028196,2372.2842765904206,2337.7156421832647,2348.2268754309143,467579.65400864783,472821.48152250383,465931.5851066776,468026.58566197584,175342.37025324293,177308.05557093894,174724.3444150041,175509.96962324093,48551,15047.15103079912,75.49719084446812
2022-04-13 21:30:06.374644,199.70087721467073,2338.775711089544,2344.9449445826654,2309.888697809939,2326.8762210259474,467055.56111294724,468287.5624532657,461286.7992208983,464679.22250883974,175145.8354173552,175607.83591997463,172982.54970783688,174254.7084408149,19956,14939.532616667944,74.81075187763265
2022-04-14 21:30:06.374644,200.19786246259122,2354.4531787621036,2363.4122630366587,2345.812190351744,2358.639997556841,471356.4936564263,473150.08317781443,469626.5862471083,472194.68582965096,176758.68512115988,177431.2811916804,176109.9698426656,177073.0071861191,45365,15181.156308823654,75.83198024520846
2022-04-15 21:30:06.374644,201.54684197995857,2393.1983412486297,2394.031957015656,2372.903661714266,2392.2340559674612,482341.56791033654,482509.58053560543,478251.23934119026,482147.21925714926,180878.08796637622,180941.09270085202,179344.21475294634,180805.20722143096,34975,15501.132306364108,76.91205349775625
2022-04-16 21:30:06.374644,197.78795686704774,2304.601259355078,2328.002869751388,2294.2873516980085,2310.6315608125433,455822.3744810661,460450.9311887509,453782.40775825887,457015.0954856305,170933.39043039977,172669.09919578157,170168.4029093471,171380.66080711145,13397,14693.1293558909,74.28847431358346
2022-04-17 21:30:06.374644,200.76635254199417,2320.1951603152124,2334.4236415754785,2315.48471138225,2333.949439106066,465817.1195220726,468673.71980690834,464871.41987096646,468578.515906758,174681.41982077723,175752.64492759062,174326.7824516124,175716.94346503424,47351,15064.89570173476,75.03816094992737
2022-04-18 21:30:06.374644,202.10331305739797,2329.5204631810707,2371.766865953817,2310.8289121624343,2330.3403210335714,470803.8034438986,479341.94140902796,467026.17905685084,470969.4994321252,176551.42629146198,179753.2280283855,175134.81714631908,176613.56228704695,21013,15141.766314047236,74.9221251959931
2022-04-19 21:30:06.374644,198.52679220591705,2337.79281189799,2342.652763164175,2288.2390115142234,2323.5760951066513,464114.5077881587,465079.3383233116,454276.7507563573,461292.1086078743,174042.94042055952,174404.75187124184,170353.78153363397,172984.54072795287,18637,14830.63620781489,74.70465044469758
2022-04-20 21:30:06.374644,201.45015993427637,2293.928118513786,2293.928118513786,2267.110487232308,2288.499658779689,462112.1863523359,461680.60190762806,456709.7702416237,461018.6222707053,173292.06988212597,173292.06988212597,171266.16384060888,172881.9833515145,41699,14821.843565801997,73.57691767099166
2022-04-21 21:30:06.374644,199.43065236768877,2302.238458483015,2311.279192231235,2281.4476190270625,2296.1103506951226,459136.91768124985,460939.9171105399,454990.58700527734,457914.78514733096,172176.3441304687,172852.46891645246,170621.470126979,171718.0444302491,36026,14722.054563635898,73.82160691546362
2022-04-22 21:30:06.374644,201.1398196208834,2259.9436978618414,2288.358480930637,2234.8219515423007,2256.2681551624237,454564.667741283,460280.0120823071,449511.684218009,453825.36974571325,170461.75040298112,172605.00453086515,168566.88158175338,170184.51365464248,7383,14590.579017030392,72.54065153961527
2022-04-23 21:30:06.374644,203.83700620371314,2250.809813184204,2267.6272717663423,2245.053973454434,2250.7631140137287,458798.333853407,462226.35426274507,457625.0807147023,458788.81483430514,172049.37519502762,173334.8828485294,171609.40526801336,172045.80556286444,7823,14750.154797913618,72.36366048881086
2022-04-24 21:30:06.374644,198.87399967334176,2319.497167764378,2336.165029874548,2314.632205401303,2317.4013813798756,461287.67898429005,464602.4833881433,460320.16446088505,460870.8815635431,172982.87961910877,174225.93127055373,172620.0616728319,172826.58058632867,36236,14817.09367166741,74.50612893661085
2022-04-25 21:30:06.374644,202.8044338878984,2253.7087169725505,2293.7254228596676,2253.7087169725505,2274.103580461679,457062.12049383996,465177.68587733526,460181.4667684544,461198.28923797363,171398.29518518999,174441.63220400072,171398.29518518999,172949.3584642401,41736,14827.619895768185,73.11407335064153
2022-04-26 21:30:06.374644,203.09342471575368,2279.734855527816,2291.231143792632,2243.319042574423,2271.877463405333,462999.1592530181,465333.9798082391,455603.3470865052,461403.37457752845,173624.6847198818,174500.24242808967,170851.25515743945,173026.26546657318,10342,14834.213431633503,73.04250207871567
2022-04-27 21:30:06.374644,202.43433282000893,2264.8392340789246,2274.389782133724,2255.71322053057,2269.93624531859,458481.21929534717,460414.5781188859,456633.80083137966,459513.0293650249,171930.4572357552,172655.46679458223,171237.67531176738,172317.38601188431,5454,14773.438444091591,72.98009051452698
2022-04-28 21:30:06.374644,198.7586226962202,2254.6166300432174,2265.6285415376874,2236.0572681247118,2258.764095371074,448124.4960953833,450313.2084572768,444435.66288234043,448948.8405916284,168046.68603576874,168867.45317147882,166663.37358087767,168355.81522186066,12923,14433.797601325503,72.62089782085854
2022-04-29 21:30:06.374644,200.4686870258006,2254.6720973361766,2254.6720973361766,2221.7032474366747,2251.716857663594,451991.1550266914,451913.340447013,445381.93297458754,451398.7220096822,169496.68313500925,169496.68313500925,167018.2248654703,169274.52075363084,46438,14512.56179300676,72.39432403631726
2022-04-30 21:30:06.374644,198.18516908761083,2232.8053568899227,2282.468623218358,2215.6096593434577,2247.502456035117,442508.9071949526,452351.4300296966,439100.974969127,445421.6542741403,165940.84019810724,169631.78626113624,164662.86561342262,167033.12035280262,38651,14320.397835459758,72.25882797868783
2022-05-01 21:30:06.374644,198.73941662030205,2296.927034320409,2306.6835075918734,2294.332951206803,2294.3949460564777,456489.9388202386,458428.93462648103,455974.392255576,455986.71307583374,171183.72705758945,171910.8504849304,170990.397095841,170995.01740343764,38331,14660.066649814613,73.76645541680125
2022-05-02 21:30:06.374644,203.25024140113212,2256.8203354843445,2282.854622709049,2256.8203354843445,2267.9754243982884,458699.27798617695,463990.7531493046,459458.7940312836,460966.5525007872,172012.22924481635,173996.53243098923,172012.22924481635,172862.4571877952,24355,14820.169511985185,72.91704870507462
2022-05-03 21:30:06.374644,198.71312592351566,2289.193429139259,2309.3995607770516,2273.6442415184424,2281.9053424058266,454892.7821478342,458908.005728402,451802.9544701305,453444.54365103215,170584.79330543784,172090.50214815076,169426.10792629892,170041.70386913704,23369,14578.335379727112,73.36490563460146
2022-05-04 21:30:06.374644,202.89331524966283,2247.120448968561,2252.573180107007,2244.9558487979534,2246.3941910214203,455925.71765654214,457032.0403543865,455486.53475173755,455778.36477392033,170972.1441212033,171387.01513289494,170807.4505319016,170916.88679022013,7607,14653.368209038077,72.22319645767905
2022-05-05 21:30:06.374644,199.55295052890614,2287.817467472158,2311.40652031931,2267.77856557355,2299.4612338808956,456540.7259056389,461247.99100147036,452541.90390641236,458864.2738477718,171202.77221461458,172967.99662555137,169703.21396490463,172074.10269291443,10804,14752.580820723117,73.92934023119248
2022-05-06 21:30:06.374644,196.23357641526346,2259.981920574842,2273.288329965749,2259.3199857794757,2262.5877969286375,443484.33490823716,446095.4992122605,443354.4410759887,443995.6953448384,166306.62559058893,167285.8122045977,166257.91540349578,166498.3857543144,21488,14274.552962475515,72.74383258889313
2022-05-07 21:30:06.374644,201.96950156513736,2292.190732295315,2328.0222180784667,2279.5252307309033,2290.758421120943,462952.6196939119,470189.48701787344,460394.5746558753,462663.33651993785,173607.23238521698,176321.05763170254,172647.96549595322,173498.75119497668,16686,14874.721467333391,73.64953851241637
2022-05-08 21:30:06.374644,195.9908104695167,2311.8740056760034,2311.8740056760034,2291.1935069646497,2294.840373989343,453106.06007584796,452353.44823051017,449052.87237249594,449767.6247963401,169914.772528443,169914.772528443,168394.82713968598,168662.85929862753,26835,14460.121681981098,73.78077624670351
2022-05-09 21:30:06.374644,198.0547993400685,2276.920401865116,2283.9829268437506,2272.5485880583005,2277.643388538318,450955.01330470375,452353.78027218144,450089.1545984427,451098.20428519027,169108.1299892639,169632.66760206805,168783.432974416,169161.82660694636,39889,14502.90008632942,73.22788073812652
2022-05-10 21:30:06.374644,194.70832778254706,2321.5938773987014,2350.5666484167423,2300.5287316967792,2316.526749797961,452033.6616585007,457674.9014546501,447932.10236438375,451047.0497166998,169512.62312193777,171628.0880454938,167974.53838664392,169142.64364376242,12772,14501.25545642682,74.47800889925446
2022-05-11 21:30:06.374644,195.5180350659039,2324.7949549748887,2324.7949549748887,2294.2641476956774,2313.3797226930706,454539.3415278167,454193.24073101464,448570.01807960955,452307.4577422548,170452.25307293126,170452.25307293126,168213.75677985357,169615.29665334555,37366,14541.777833791628,74.37682970382981
2022-05-12 21:30:06.374644,197.62544896724978,2305.7831424184187,2323.5614987339895,2300.1367185738227,2301.0833157259613,455681.42874155607,459194.88439032045,454565.55169420835,454752.6233813909,170880.53577808352,172198.08164637018,170462.08188532814,170532.23376802157,15900,14620.390412210354,73.9814913346074
2022-05-13 21:30:06.374644,196.15201429659024,2294.3906504395463,2305.9859304060114,2284.173529845688,2300.683516055177,450049.3476669809,452323.78518873587,448045.2388821844,451283.70593318454,168768.50537511782,169621.41944577594,168016.96458081913,169231.3897249442,33161,14508.864002481498,73.96863748630143
2022-05-14 21:30:06.374644,194.4612550904477,2278.0996846573694,2292.8921570114494,2277.3265754686577,2287.2413843915024,443002.1238996252,445878.68663949036,442851.78411646636,444779.8303035847,166125.79646235946,167204.5074898089,166069.4190436749,166792.43636384426,15174,14299.76306274385,73.53646324019813
2022-05-15 21:30:06.374644,196.59713054990036,2247.3778653186587,2256.826696851471,2238.140290823773,2250.8378002839427,441828.03958300874,443685.652749409,440011.95894407324,442508.25286907284,165685.51484362828,166382.1197810284,165004.48460402747,165940.5948259023,38112,14226.73138082153,72.36606170636561
2022-05-16 21:30:06.374644,194.3675173505885,2254.6307703075477,2268.706278617078,2233.4537805411223,2264.547809055941,438226.98536692304,440962.80697249406,434110.8664410641,440154.5355679178,164335.11951259614,165361.05261468526,162791.57491539905,165057.95083796917,9848,14151.058885285423,72.80684839506618
2022-05-17 21:30:06.374644,195.54152451696476,2249.7394079544392,2276.936703465267,2249.7394079544392,2260.128313705777,439917.4735973048,445235.6742242304,441456.6615088906,441948.9360659844,164969.05259898928,166963.3778340864,164969.05259898928,165730.85102474416,8313,14208.749230516474,72.66475842608637
2022-05-18 21:30:06.374644,196.57692181828958,2284.37762623274,2284.37762623274,2237.682488417413,2262.1163787138607,449055.92203540326,447259.86826399533,439876.7355797855,444679.87452230696,168395.97076327621,168395.97076327621,164953.77584241956,166754.9529458651,43646,14296.549463808737,72.72867615264715
2022-05-19 21:30:06.374644,199.3139952478852,2274.6172050842415,2283.5089492230354,2256.5928131001033,2278.9938466852195,453363.0428049184,455135.29185394343,449770.5292266459,454235.36872817745,170011.1410518444,170675.7344452288,168663.9484599922,170338.26327306655,7314,14603.760568678545,73.27129894337357
2022-05-20 21:30:06.374644,194.9403623566353,2290.2744412134807,2320.8964546122743,2259.041772354893,2286.4381337147743,446466.92946629634,452436.3958543469,440378.42168163846,445719.078292387,167425.0985498611,169663.6484453801,165141.90813061444,167144.65435964512,37302,14329.960078844746,73.51063815052242
2022-05-21 21:30:06.374644,195.48678591620975,2289.52694506697,2319.4478587304993,2285.778048461508,2294.0261837437033,447572.26375970047,453421.4070034602,446839.4040115666,448451.805467685,167839.59890988766,170033.02762629758,167564.77650433747,168169.42705038187,13358,14417.81781982012,73.75459944198252
2022-05-22 21:30:06.374644,195.78646966800568,2289.1666101302817,2318.39416533921,2289.1666101302817,2295.773971255354,448187.84907928377,453910.20893066656,449248.3409808322,449481.4809877833,168070.4434047314,170216.32834899996,168070.4434047314,168555.55537041873,31240,14450.92209965867,73.81079207341148
2022-05-23 21:30:06.374644,196.63396512998654,2261.6626465072027,2307.1407533621823,2259.650877326774,2285.244578802631,444719.69396909035,453662.23444659024,444324.1118182164,449356.70282176737,166769.88523840887,170123.33791747133,166621.54193183116,168508.76355816275,16160,14446.910455946738,73.47226449764918
2022-05-24 21:30:06.374644,197.63911125517228,2314.9737782592956,2314.9737782592956,2285.9074583530933,2305.4629136209664,457529.36011419544,457449.0866361935,451784.7184804751,455649.64127980784,171573.5100428233,171573.5100428233,169419.26943017816,170868.61547992795,40537,14649.229722216045,74.12229857157446
2022-05-25 21:30:06.374644,196.99257480431035,2321.2498617670785,2332.041023723539,2301.238684129188,2324.8045475164668,457268.98703364626,459394.7658125798,453326.9336258918,457969.23373203847,171475.87013761734,172273.03717971742,169997.60010970943,171738.46264951443,41081,14723.805096837657,74.74414607733749
2022-05-26 21:30:06.374644,199.16737313822134,2353.0773426221353,2353.0773426221353,2307.949480305673,2341.423561276976,468656.2331211171,468550.0259947268,459668.23532820406,466335.1801034746,175746.08742041892,175746.08742041892,172375.58824807653,174875.69253880298,8597,14992.77199406747,75.27845937842932
2022-05-27 21:30:06.374644,197.13410571044827,2309.9459899182784,2309.9459899182784,2267.7341878916445,2297.828801839641,455369.13696197595,454266.83608933864,447047.751119029,452980.4259263685,170763.42636074097,170763.42636074097,167642.90666963588,169867.6597223882,10736,14563.413899381705,73.87685636149118
2022-05-28 21:30:06.374644,191.8828958433177,2247.502880728147,2263.2635610012194,2231.071030612418,2251.434849647712,431257.3611703155,434281.5661415733,428104.37018604606,432011.83875296754,161721.5104388683,162855.58730309,160539.13881976728,162004.43953236283,34034,13889.269507232753,72.38525727483119
2022-05-29 21:30:06.374644,194.8352641609732,2296.4730044137345,2328.886718853625,2296.4730044137345,2307.31703741383,447433.92445349373,453749.25906882813,448463.15167050465,449546.72448763764,167787.72167006016,170155.97215081056,167787.72167006016,168580.0216828641,19675,14453.019691603577,74.18190999128169
2022-05-30 21:30:06.374644,197.50681328445125,2325.1443479862223,2325.1443479862223,2291.266081164528,2310.5523597862248,459231.850597112,457835.6683943728,452540.66207755875,456349.8335082461,172211.943973917,172211.943973917,169702.74827908454,171131.1875655923,17939,14671.74104643281,74.28592794335765
2022-05-31 21:30:06.374644,195.74143481674122,2247.7453816880056,2250.0728827547587,2241.133659952067,2244.148155857091,439976.90611431387,440432.4945126576,438682.71821511217,439272.77996881073,164991.33979286772,165162.18544224658,164506.01933066707,164727.29248830403,12875,14122.710261342938,72.15098480418894
2022-06-01 21:30:06.374644,194.5932400379628,2293.7197914251374,2293.7197914251374,2271.1207740928594,2279.873700464284,446342.3659526177,444931.9873715734,441944.74994825566,443648.0102506849,167378.38723223165,167378.38723223165,165729.28123059587,166368.00384400686,9375,14263.374815158339,73.29958687814181
2022-06-02 21:30:06.374644,197.31593382583958,2249.804367058701,2257.2573330987175,2232.7354826651654,2248.8337167399263,443922.2496116395,445392.83856559766,440554.28674816375,443730.7248375722,166470.8436043648,167022.3144620991,165207.8575305614,166399.02181408956,10048,14266.034106146224,72.30162897229978
2022-06-03 21:30:06.374644,198.3030508141884,2218.052575285799,2239.2280355631037,2206.2647870336805,2224.238041799888,439846.5925454412,444045.7509208254,437509.0381726945,441073.18942589406,164942.47220454045,166517.15659530953,164065.88931476045,165402.44603471027,27506,14180.593795842788,71.51086025045052
2022-06-04 21:30:06.374644,193.40861042230162,2220.944210943153,2231.811832985503,2219.457912314188,2220.2761121307594,429549.7336639703,431651.625341776,429262.27071146964,429420.51760104054,161081.15012398886,161869.359503166,160973.3515168011,161032.6941003902,11065,13805.957999004646,71.38348134874722
2022-06-05 21:30:06.374644,192.20830228724998,2193.802559664634,2210.215441815082,2186.628579754179,2203.7847378130937,421667.0655465627,424821.7577603411,420288.16704733134,423585.72306160704,158125.14957996103,159308.15916012792,157608.06264274925,158844.64614810265,18066,13618.368153986852,70.8532717479735
2022-06-06 21:30:06.374644,194.11198636211856,2224.118446093176,2244.6281309574747,2199.8825983331253,2217.3229264744073,431728.04947577487,435709.225144445,427023.58092590154,430408.95766421297,161898.01855341558,163390.9594291669,160133.8428472131,161403.35912407987,39798,13837.73655041837,71.28853429596049
2022-06-07 21:30:06.374644,197.47344604590594,2160.8096301326555,2206.716965843998,2160.8096301326555,2191.602099829977,426702.5239114749,435768.00369318,430718.5714607262,432783.21901486913,160013.44646680309,163413.0013849425,160013.44646680309,162293.70713057593,20329,13914.069541373108,70.46159113379449
2022-06-08 21:30:06.374644,191.98243220492807,2160.4270458519904,2177.2098143376284,2157.322727568896,2160.455304946182,414764.0388639728,417986.03557697777,414168.0642896461,414769.4641136076,155536.5145739898,156744.76334136666,155313.02410861728,155538.54904260286,15619,13334.92361476362,69.46019917199614
2022-06-09 21:30:06.374644,199.55873482452387,2198.7706864135966,2198.7706864135966,2163.647693075332,2183.3235587223544,438783.89634994726,438218.6405642584,431774.796236113,435701.2870912101,164543.96113123023,164543.96113123023,161915.54858854238,163387.9826592038,22604,14007.886030452999,70.19543005521419
2022-06-10 21:30:06.374644,191.56030907930776,2175.3010601801357,2203.09298288082,2156.108671867057,2174.193330222475,416701.3434286526,422025.1727311039,413024.84359142923,416489.1463355868,156263.00378574472,158259.43977416397,154884.31634678596,156183.42987584503,41155,13390.211752044328,69.90188661155418
2022-06-11 21:30:06.374644,197.8679358935605,2147.354783769758,2172.7700685463483,2140.8086796721223,2158.455230803853,424892.658695685,429921.52863457595,423597.3945897414,427089.0812378171,159334.74701088187,161220.573237966,158849.02297115303,160158.40546418141,40100,13731.001840207598,69.39589534309171
2022-06-12 21:30:06.374644,196.40735289285985,2141.540737036436,2171.5698013839956,2128.537812205052,2146.5860772505516,420614.34727355046,426512.276311904,418060.4772275535,421605.2891894488,157730.38022758142,159942.103616964,156772.67896033256,158101.9834460433,7747,13554.696797500284,69.01429347985119
2022-06-13 21:30:06.374644,196.60570316626593,2139.634699251731,2165.916280263234,2121.7685647927583,2164.414035572255,420664.3845653285,425831.49328041624,417151.8006371591,425536.14340661856,157749.14421199818,159686.80998015607,156431.92523893467,159576.05377748195,21864,13681.07456940003,69.58747522215363
2022-06-14 21:30:06.374644,193.28924284599154,2186.644218291852,2189.3215300844768,2156.989098738745,2181.2991417660446,422654.80532719713,423172.3008964562,416922.7897222697,421621.65953256993,158495.55199769893,158689.61283617106,156346.04614585114,158108.12232471374,28953,13555.223107400012,70.13034358725045
2022-06-15 21:30:06.374644,194.1231411907545,2193.8523371516794,2204.620877880516,2178.562162867326,2189.6285485058756,425877.5069965622,427967.9299488846,422909.33033512946,425057.5718769129,159704.0651237108,160487.97373083173,158590.99887567354,159396.58945384235,49896,13665.688396248486,70.39814003266113
2022-06-16 21:30:06.374644,196.6846506038711,2215.963369794871,2234.462315102581,2194.0621222911936,2202.1923122757757,435845.981139081,439484.4397334681,431538.3419260313,433137.42550249194,163442.24292715537,164806.66490005056,161826.87822226173,162426.53456343448,26439,13925.457352832174,70.80207411628196
2022-06-17 21:30:06.374644,193.18088383407712,2167.0560747869267,2167.0560747869267,2138.53496868112,2156.886393266023,418633.8078453444,418250.28789248265,413124.0753598992,416669.21978082514,156987.67794200417,156987.67794200417,154921.52825996222,156250.95741780943,10082,13396.001150360891,69.34545608262809
2022-06-18 21:30:06.374644,193.431287316271,2194.4923078158977,2214.85961679369,2175.7664817051946,2192.4820302714957,424483.47210648353,428423.14690122614,420861.3114558296,424094.6215332069,159181.30203993132,160658.6800879598,157822.9917959361,159035.4830749526,35337,13634.729344560406,70.48988153331605
2022-06-19 21:30:06.374644,194.3699114498328,2230.623096342397,2254.090401371062,2204.191476609745,2225.9175801473193,433566.0137140236,438127.3517144114,428428.5021271124,432651.4029478606,162587.25514275883,164297.7568929043,160660.68829766716,162244.27610544773,9198,13909.831627696136,71.56485862193384
2022-06-20 21:30:06.374644,192.69329201778618,2206.8199012995683,2215.6389895351335,2177.9840577726973,2205.1559720359114,425239.3916717798,426938.77081648615,419682.91805447725,424918.763664281,159464.77187691742,160102.03905618232,157381.09427042896,159344.53637410537,40634,13661.22568365101,70.89735791907378
2022-06-21 21:30:06.374644,188.68898945190386,2205.870926948859,2219.8009066966865,2175.780189381044,2205.9498342489146,416223.55606731464,418851.98986901774,410545.76520378113,416238.4450060225,156083.83352524298,157069.49620088167,153954.66195141792,156089.41687725845,34582,13382.151652714203,70.92288116285674
2022-06-22 21:30:06.374644,195.45320865445342,2216.4597805014264,2221.7689320352074,2204.777465365796,2212.683080268536,433214.1759525493,434251.8666550595,430930.8299747779,432476.0077739048,162455.315982206,162844.4499956473,161599.0612405417,162178.5029152143,10502,13904.192636763915,71.1393598877469
2022-06-23 21:30:06.374644,192.76697655880932,2233.665640669619,2271.922756743247,2233.665640669619,2259.839444257297,430576.9721951782,437951.68079255096,431024.1778374007,435622.41717781906,161466.36457319182,164231.8802972066,161466.36457319182,163358.40644168213,11410,14005.3503465091,72.65547106458428
2022-06-24 21:30:06.374644,194.12596289779634,2232.6116213957857,2237.408598518041,2198.244594884666,2231.598380116311,433407.88078026724,434339.0985831237,426736.34866686206,433211.18434124143,162527.9552926002,162877.1619686714,160026.13075007327,162454.19412796554,48613,13927.828714674686,71.74750044581192
2022-06-25 21:30:06.374644,197.17339517764646,2299.665159841703,2311.5213068994035,2257.763725232626,2298.282302458273,453432.7873377336,455770.50410682586,445170.93921304774,453160.12465239625,170037.2952516501,170913.9390400597,166939.1022048929,169935.0467446486,36091,14569.191250398542,73.89143673407408
2022-06-26 21:30:06.374644,195.880508641933,2294.1386264874145,2294.1386264874145,2278.798734452499,2281.9073613203336,449377.0410514603,448621.80789409357,446372.2551971487,446981.1746091982,168516.3903942976,168516.3903942976,167389.59569893076,167617.9404784493,19904,14370.536735120826,73.36497054416171
2022-06-27 21:30:06.374644,191.71623485612227,2289.1483064361532,2321.103629344868,2289.1483064361532,2291.300913812907,438866.8943372081,444993.24852887844,439164.39195290045,439279.5841186028,164575.08537645306,166872.4681983294,164575.08537645306,164729.84404447605,26177,14122.929016158783,73.66698004446145
2022-06-28 21:30:06.374644,190.61906457577317,2292.9789924384327,2304.1064246541173,2282.106986207817,2285.7890982272493,437085.5106305129,439206.611350597,435013.09897277097,435714.97972157836,163907.06648644235,164702.4792564739,163129.91211478913,163393.1173955919,33890,14008.326251336754,73.48977119061357
2022-06-29 21:30:06.374644,192.76537790865814,2262.934091433297,2275.2707291207143,2236.2743708544867,2260.545552896095,436215.34531752544,438593.4219434626,431076.27420521184,435754.9177837523,163580.75449407205,164472.53322879848,161653.60282695445,163408.09416890712,16570,14009.610268253355,72.6781729675469
2022-06-30 21:30:06.374644,192.03773132715457,2275.131544011069,2276.5883685702115,2247.5446694455695,2267.5357202144974,436911.100182732,437190.86546601146,431613.37937676674,435452.4154132776,163841.66256852448,163946.5745497543,161855.01726628753,163294.65577997908,9281,13999.884754799305,72.902911897841
2022-07-01 21:30:06.374644,192.09981694557374,2205.9933445659494,2244.252719903189,2188.71717373513,2216.515548143691,423770.91767427285,431120.5366730085,420452.168420152,425792.23105542106,158914.09412785232,161670.2012523782,157669.563157557,159672.0866457829,22527,13689.307840001964,71.26257649922648
2022-07-02 21:30:06.374644,193.18688116721523,2273.7685237463133,2277.8613423662578,2248.992621775552,2272.3061249810617,439262.24959873344,440052.9284631036,434475.8703688974,438979.7333422517,164723.34359952505,165019.84817366384,162928.4513883365,164617.40000334437,9391,14113.288752001405,73.05628385812085
2022-07-03 21:30:06.374644,198.07503974177826,2249.214444832334,2249.214444832334,2237.7200231031943,2241.0047594579532,445513.24054794625,444921.98355524184,443236.48250713816,443887.1067911483,167067.46520547985,167067.46520547985,166213.68094017683,166457.6650466806,11217,14271.061818131053,72.04992233857776
2022-07-04 21:30:06.374644,192.53456994100833,2290.479483090416,2316.5708832492064,2290.479483090416,2298.624281208198,440996.4822355163,446019.97874424775,441355.1632765526,442564.6374383798,165373.6808383186,167257.49202909291,165373.6808383186,165961.73903939244,22747,14228.544156326512,73.90243159799374
2022-07-05 21:30:06.374644,192.66034158998525,2293.924726308174,2310.527717864674,2287.0340779639623,2298.05265992125,441948.3213522462,445147.0593769371,440620.76668847393,442743.6104522022,165730.62050709233,166930.1472663514,165232.78750817772,166028.85391957583,28679,14234.298175546626,73.88405356057196
2022-07-06 21:30:06.374644,193.1042895938656,2291.961660664928,2308.767479325516,2274.712028919975,2293.291350949593,442587.6282590773,445832.9039325735,439256.6503752124,442844.39715687744,165970.360597154,167187.33897471506,164721.24389070465,166066.64893382904,11100,14237.538488839939,73.73097403667089
2022-07-07 21:30:06.374644,194.67622898866838,2329.540028900663,2329.540028900663,2294.487459949647,2314.2859997701426,453506.06810453464,450551.12250786327,446682.16616478557,450536.4712365216,170064.7755392005,170064.7755392005,167505.81231179458,168951.1767136956,17538,14484.84025323179,74.40596716672215
2022-07-08 21:30:06.374644,193.4212588660641,2274.234951176982,2289.3854316233305,2251.7808555912684,2267.685904108358,439885.3872138537,442815.81221421214,435542.28777896607,438618.6622854674,164957.02020519515,166055.92958032957,163328.35791711227,164481.99835705027,47030,14101.680243231332,72.90774041854962
2022-07-09 21:30:06.374644,189.4924342847852,2264.615540566922,2264.615540566922,2252.244211030613,2254.55491072343,429127.51150118076,427782.0726215223,426783.2381520063,427221.0982616993,160922.8168129428,160922.8168129428,160043.71430700237,160207.91184813724,46601,13735.246214689407,72.48556949293263
2022-07-10 21:30:06.374644,190.6067277935392,2247.475930113993,2247.475930113993,2195.92977079413,2231.1428006933206,428384.03283376916,427136.8058058881,418558.9880754856,425270.82848026644,160644.01231266343,160644.01231266343,156959.6205283071,159476.5606800999,48892,13672.544639926262,71.73285323816678
2022-07-11 21:30:06.374644,193.2695431101761,2270.1834456494075,2276.9648445824228,2259.5006383135733,2268.3328251755684,438757.3173169463,440067.955190378,436692.65602401557,438399.64874349703,164533.99399385485,165025.48319639175,163759.74600900584,164399.8682788114,45485,14094.638912792472,72.9285393983175
2022-07-12 21:30:06.374644,192.51428991043437,2227.089229763079,2259.70823144513,2223.309540157633,2249.008240637537,428746.50163501536,435026.1255814227,428018.85737454105,432966.22444905073,160779.93811313075,163134.7970930335,160507.0715154529,162362.33416839404,28236,13919.953203737487,72.30724004171674
2022-07-13 21:30:06.374644,194.1146771912888,2254.2669784972804,2287.7215010840555,2254.2669784972804,2272.996747208525,437586.30683398154,444080.3206865021,440956.87118274777,441222.0298412323,164094.86506274308,166530.12025743828,164094.86506274308,165458.2611904621,29241,14185.379045821512,73.07848786176876
2022-07-14 21:30:06.374644,190.29421416627585,2243.7579403375007,2243.7579403375007,2220.1330721821337,2235.459462763948,426974.1540358664,425862.38422922336,422478.4783154589,425395.0017672307,160115.3077634499,160115.3077634499,158429.4293682971,159523.1256627115,21146,13676.536836652222,71.87163704290347
2022-07-15 21:30:06.374644,195.2860564631938,2274.17916401565,2294.0143298571984,2265.402100487424,2272.082684991204,444115.48063137906,447989.0119478685,442401.4425076249,443706.0675102373,166543.30523676716,167995.8794804507,165900.54094035935,166389.775316339,27147,14265.241367998884,73.04910010099198
2022-07-16 21:30:06.374644,187.36808699849593,2270.4411997586053,2270.4411997586053,2260.500437969448,2267.3415431704784,425408.22424133983,425261.8749652816,423545.64272159763,424827.4475160702,159528.08409050244,159528.08409050244,158829.61602059912,159310.29281852633,26903,13658.289850696703,72.89666896556588
2022-07-17 21:30:06.374644,194.63252944572147,2247.904498370838,2247.904498370838,2220.4575082371102,2236.0218578275835,437515.3384703319,435843.0503005179,432173.2613549327,435202.590084904,164068.25192637448,164068.25192637448,162064.97300809977,163200.971281839,18851,13991.852819087708,71.88971845057898
2022-07-18 21:30:06.374644,192.05329609338776,2280.395171298328,2287.05626790595,2265.7217602909877,2277.4311783819016,437957.4090432895,439236.69460237975,435139.3320943968,437388.16443409235,164234.02839123356,164713.7604758924,163177.2495353988,164020.56166278463,8445,14062.119484120767,73.22105802825732
2022-07-19 21:30:06.374644,190.48975713191257,2280.7492518468084,2296.7955375307024,2278.835921020241,2283.205480520982,434459.3710630898,437516.02412588405,434094.901138624,434927.2574666936,162922.26414865867,164068.50904720652,162785.587926984,163097.7215500101,14248,13983.000818759438,73.40670601446725
2022-07-20 21:30:06.374644,191.08439919187512,2319.8532147017313,2331.5305221153535,2277.832140535691,2307.418171288581,443287.7577446204,445519.10901593126,435258.18603420537,440911.6149450937,166232.90915423265,167069.6658809742,163221.819762827,165341.85560441014,30384,14175.399143039278,74.185161518433
2022-07-21 21:30:06.374644,191.39843668433315,2279.888691697116,2279.888691697116,2226.6176490705466,2252.084959994279,436367.1314051176,434852.26380688563,426171.13712584774,431045.54062320397,163637.6742769191,163637.6742769191,159814.1764221929,161642.0777337015,44542,13858.20282353408,72.40615879223492
2022-07-22 21:30:06.374644,191.40998742157922,2273.0211471467255,2285.755672550412,2246.905433022948,2272.0288791303165,435078.9491843383,437516.46453167766,430080.1406724004,434889.0191757986,163154.60594412684,164068.6741993791,161280.05275215016,163083.38219092446,24290,13981.771449839203,73.047370203685
2022-07-23 21:30:06.374644,190.037826492641,2305.0972680380114,2305.0972680380114,2283.4348746354217,2292.117768968205,438055.6746720684,437030.1912452297,433939.0005132117,435589.0788798791,164270.87800202565,164270.87800202565,162727.12519245438,163345.90457995466,47391,14004.278513370598,73.6932425279536
2022-07-24 21:30:06.374644,190.03842778589612,2261.4836620837523,2261.4836620837523,2234.304342325303,2247.145854131974,429768.79960588703,427798.2642980173,424603.6844107012,427044.065124835,161163.29985220765,161163.29985220765,159226.38165401295,160141.52442181314,10892,13729.55456291265,72.2473629698257
2022-07-25 21:30:06.374644,191.12408775425507,2272.229778215054,2298.8471483012236,2249.103597072058,2274.723394361515,434277.84352940554,439365.0641055421,429857.8732552108,434754.43364060717,162854.19132352708,164761.89903957827,161196.70247070404,163032.9126152277,24756,13977.444497190303,73.13400081539103
2022-07-26 21:30:06.374644,196.57295723770704,2244.3536619635647,2255.502209193561,2233.478305890887,2252.8764981054687,441179.23641945503,443370.7393173597,439041.4355152357,442854.5955239215,165442.21365729562,166264.0272440099,164640.5383182134,166070.47332147055,28654,14237.866368438834,72.43160731446521
2022-07-27 21:30:06.374644,189.04483946037735,2258.3530199820216,2258.3530199820216,2213.6230439035526,2250.2676154268456,426929.9841073596,425510.077819096,418474.0129605389,425401.4801012542,160098.74404025986,160098.74404025986,156927.75486020208,159525.5550379703,11135,13676.745116424067,72.34772985120149
2022-07-28 21:30:06.374644,192.20271880547136,2222.829960490099,2222.829960490099,2200.822060097375,2210.6643016102366,427233.96184845554,426803.22822315304,423003.983557774,424895.689135686,160212.73569317083,160212.73569317083,158626.49383416525,159335.88342588226,16904,13660.483832808835,71.07445469513839
2022-07-29 21:30:06.374644,190.81652470579803,2191.8993245912425,2231.489899514851,2191.8993245912425,2200.6520426203256,418250.61162348685,425805.1475415143,419508.4212292845,419920.77485952625,156843.97935880756,159676.93032806786,156843.97935880756,157470.29057232235,44297,13500.539315185388,70.75255333387965
2022-07-30 21:30:06.374644,190.07985936972042,2247.479518183275,2247.479518183275,2206.270684713902,2234.405762406411,427200.59075260395,426401.5967740894,419367.6214819553,424715.5330931036,160200.22153222648,160200.22153222648,157262.85805573323,159268.32490991385,18939,13654.691778970666,71.83775981501796
2022-07-31 21:30:06.374644,187.6569659487655,2197.8428724575333,2219.568391028177,2197.8428724575333,2208.240609448775,412440.52507750026,416517.4699761308,412738.5350114301,414391.73285400996,154665.19690406258,156194.05124104905,154665.19690406258,155396.89982025372,40475,13322.779477045073,70.99653124081776
2022-08-01 21:30:06.374644,191.29873478089755,2235.68938111133,2257.3455425512193,2210.8899953475193,2222.285913768093,427684.5499696853,431827.346253347,422940.4588497249,425120.48362524697,160381.706238632,161935.2548450051,158602.67206864685,159420.18135946762,13020,13667.71102190223,71.44809792364502
2022-08-02 21:30:06.374644,192.10871476408417,2218.636137688365,2221.1109268799087,2206.5214518304065,2214.0902885922574,426219.3369404635,426694.765511363,423892.00021052046,425346.0397130988,159832.2513526738,160010.5370667611,158959.5000789452,159504.76489241206,6157,13674.962696537385,71.18460265218567
2022-08-03 21:30:06.374644,189.79414240242667,2194.690533012581,2212.5860159255735,2194.690533012581,2212.409969663944,416539.4075518475,419935.86538419616,417501.85566194815,419902.4528349471,156202.27783194283,157475.94951907356,156202.27783194283,157463.41981310517,40024,13499.950258325203,71.13057918446297
2022-08-04 21:30:06.374644,188.96777362342002,2250.778211136033,2253.98697768624,2237.6815330134787,2249.2189800803594,425324.54747848015,425930.9009495501,422849.6973717985,425029.903057325,159496.70530443004,159724.08785608129,158568.63651442443,159386.21364649688,14212,13664.798838005563,72.31401546708118
2022-08-05 21:30:06.374644,196.86274037476883,2178.596424034404,2198.660136254413,2164.001939044251,2180.1909864132404,428884.4622060847,432834.2595758064,426011.35189656465,429198.3721256809,160831.67332728175,162312.8473409274,159754.25696121174,160949.38954713033,42760,13798.815976262887,70.0947155919186
2022-08-06 21:30:06.374644,189.3876913561395,2257.640557662388,2259.275312165447,2217.672987210373,2244.007311659412,427569.33312766696,427878.93550893536,419999.967230646,424987.3641414731,160338.4999228751,160454.60081585078,157499.98771149226,159370.2615530524,16652,13663.431203108059,72.14645656146132
2022-08-07 21:30:06.374644,194.53175249335945,2208.604484896046,2225.3483935994764,2198.319961633622,2210.341492304999,429643.7010115213,432900.92291518836,427643.0346777232,429981.60410687886,161116.38787932048,162337.84609319564,160366.1380041462,161243.10154007957,33326,13823.997045617247,71.06407614271703
2022-08-08 21:30:06.374644,191.0342213897658,2204.9672053092286,2234.756382464456,2177.5192863620355,2219.5411113702266,421224.19325621636,426914.945519907,415980.70143136993,424008.3080531867,157959.07247108113,160093.10456996513,155992.76303676373,159003.11551994501,42347,13631.954348417783,71.35985054319374
2022-08-09 21:30:06.374644,190.27682867326033,2238.2420398341496,2238.2420398341496,2210.8287584000623,2223.846255551915,425885.5971428112,425748.89195867954,420669.4848880055,423146.41296332324,159707.09892855422,159707.09892855422,157751.05683300205,158679.9048612462,43731,13604.244243934003,71.49826403947836
2022-08-10 21:30:06.374644,191.03549632034952,2237.1052344552472,2258.254105653705,2237.1052344552472,2249.100468291167,427366.50878501,431406.6938910226,428573.4079135586,429658.02423433366,160262.44079437875,161777.51020913347,160262.44079437875,161121.75908787514,34047,13813.5938861347,72.31020522742351
2022-08-11 21:30:06.374644,191.8360107129846,2236.898203326077,2239.3130939837197,2212.1878943120582,2231.140394306691,429117.6276971173,429580.89068718755,424377.30059238285,428013.0725843911,160919.110386419,161092.83400769532,159141.48772214356,160504.90221914666,30156,13760.708352121628,71.73277587109783
2022-08-12 21:30:06.374644,193.53883854934986,2211.507071430532,2213.557902872141,2195.5605236983206,2206.258111139743,428012.51004833926,428409.42558360874,424926.2337213753,426996.63237006834,160504.69126812724,160653.53459385328,159347.33764551574,160123.73713877564,12234,13728.029590087075,70.9327924876539
2022-08-13 21:30:06.374644,191.93651480162816,2259.5858270379604,2271.9356113875597,2229.919102256646,2250.1994860135737,433697.02853682067,436067.4031034345,428002.9007767161,431895.4469538604,162636.38570130774,163525.27616378793,160501.08779126854,161960.79260769766,10888,13885.52748694253,72.34553944133533
2022-08-14 21:30:06.374644,197.62255437685312,2236.7185632718747,2245.0809596254308,2234.211506088442,2235.6692477023275,442026.03589591285,443678.6340240143,441530.58485135407,441818.66747271153,165759.7634609673,166379.48775900537,165573.96931925777,165682.00030226682,17267,14204.561068438514,71.87838178026034
2022-08-15 21:30:06.374644,193.16178767494014,2223.502147478714,2230.6750254371204,2222.583783803144,2224.0927761390362,429495.6497060568,430881.17563527677,429318.25693674793,429609.7365939367,161060.8686397713,161580.44086322878,160994.34635128046,161103.65122272627,36240,13812.04142856021,71.50618985448699
2022-08-16 21:30:06.374644,191.971098923793,2224.198480236255,2273.7691905130437,2224.198480236255,2259.7373233361213,426981.8264755841,436497.9702018522,427907.8505185136,433804.25723994576,160118.18492834404,163686.73882569457,160118.18492834404,162676.59646497967,36107,13946.896130399491,72.65218780317717
2022-08-17 21:30:06.374644,191.02031406088673,2256.4700849115125,2256.4700849115125,2233.570860771849,2239.0674511376765,431031.62428879284,428566.3557418574,426657.4073018837,427707.3677198281,161636.85910829733,161636.85910829733,159996.52773820638,160390.26289493553,48738,13750.87987782369,71.9876364762061
2022-08-18 21:30:06.374644,191.7480809841278,2214.7755278944564,2219.1152438208837,2207.5703545301326,2212.2192459642706,424678.9572843706,425511.08948527934,423297.3791186036,424188.79512980307,159254.60898163897,159566.65855697976,158736.51716947634,159070.79817367616,40836,13637.757045068258,71.12444727970392
2022-08-19 21:30:06.374644,193.05469279334804,2249.126091291868,2273.613002738296,2223.3150005338466,2253.766493743823,434204.34660785523,438931.6597746033,429221.3944109042,435100.19807765493,162826.6299779457,164599.37241547625,160958.02290408907,163162.5742791206,19763,13988.560894986334,72.46022131733801
2022-08-20 21:30:06.374644,191.26089800840592,2218.8379517717162,2259.3695449176703,2212.7460123465244,2233.1250832362302,424376.9391909905,432129.048093797,423211.7893859155,427109.5087848576,159141.35219662145,162048.39303517388,158704.4210197183,160166.0657943216,5088,13731.658590048148,71.7965850542939
2022-08-21 21:30:06.374644,191.4251019069629,2220.8972397823313,2254.493291303811,2206.1338420817583,2223.2128417412846,425135.4804502254,431566.6080363962,422309.3955409002,425578.744791194,159425.80516883451,161837.4780136486,158366.02332783758,159592.02929669776,36946,13682.44421267985,71.47789932776969
2022-08-22 21:30:06.374644,189.328709858145,2259.727943986684,2283.9405214372096,2242.5427723339653,2263.9364413685707,427831.3762653974,432415.5123164459,424577.72988769744,428628.16564515146,160436.76609952404,162155.8171186672,159216.64870788655,160735.5621169318,6836,13780.483720587432,72.78719248215059
2022-08-23 21:30:06.374644,191.91486436431416,2251.9551422114905,2268.9645184232795,2246.2894871542994,2247.150188147413,432183.665672038,435448.0178006451,431096.3422502022,431261.52356455376,162068.87462701424,163293.00667524192,161661.1283438258,161723.07133670765,31979,13865.146719539409,72.24750231155377
2022-08-24 21:30:06.374644,189.34585557935156,2211.018066157598,2221.629210246777,2184.0785825400208,2212.192196809221,418647.1074380137,420656.2835942551,413546.22786357766,418869.42421080725,156992.66528925515,157746.10634784566,155079.83544884162,157076.0340790527,24162,13466.738175501776,71.12357762982369
2022-08-25 21:30:06.374644,191.67288125289315,2259.9256603575654,2261.226021017352,2250.0896374896693,2254.555560889285,433166.46273808175,433415.706612411,431281.16389492276,432137.16030038183,162437.42352678065,162530.88997965414,161730.43646059604,162051.43511264317,11096,13893.298620768448,72.48559039623467
2022-08-26 21:30:06.374644,191.35135932086337,2250.71257090868,2260.8976664430616,2220.6526511388106,2247.5338825017648,430676.909883931,432625.84175924776,424924.9033748904,430068.6635364103,161503.8412064741,162234.69065971792,159346.8387655839,161275.74882615387,44012,13826.796024190147,72.25983836229894
2022-08-27 21:30:06.374644,190.18454172915486,2250.3687524853053,2259.655909314286,2250.3687524853053,2252.9338956000506,427985.3499130277,429751.6235785142,428323.0945404213,428473.20048077527,160494.5062173854,161156.85884194283,160494.5062173854,160677.45018029073,10399,13775.501558666901,72.43345268539073
2022-08-28 21:30:06.374644,194.53548524436573,2267.117356783349,2299.7235778976797,2242.1283449231205,2268.1309977051574,441034.7751077726,447377.842154234,436173.52555976587,441231.96423636016,165388.04066541474,167766.69080783776,163565.07208491222,165461.98658863507,39606,14185.698438668987,72.92205049930578
2022-08-29 21:30:06.374644,196.603016114229,2285.3749240716897,2295.7320737798696,2273.6135365137256,2282.175110560461,449311.6030243213,451347.8498952961,446999.2787567372,448682.51003701065,168491.8511341205,169255.44371073603,167624.72953377644,168255.941263879,33184,14425.235019194017,73.37357887570404
2022-08-30 21:30:06.374644,190.7096745425966,2293.3847014542766,2323.8799435776277,2291.814596003636,2302.2718657333335,437370.65001531516,443186.3877157571,437071.2157158259,439065.51822258066,164013.9937557432,166194.89539340892,163901.7058934347,164649.56933346775,44929,14116.04675355519,74.01970407617578
2022-08-31 21:30:06.374644,191.3694345773498,2228.3842921850096,2231.866119613174,2203.4608761828395,2230.5461450192483,426444.64201649313,427110.95736271684,421675.0619884218,426858.3545710209,159916.7407561849,160166.60901101882,158128.14824565817,160071.88296413282,46910,13723.583930395474,71.71367032710944
2022-09-01 21:30:06.374644,189.27887808834421,2272.0435726891724,2286.575951493672,2235.652129167891,2268.0138358513323,430049.8584064399,432800.53076251043,423161.7268047164,429287.11433878227,161268.69690241496,162300.19903594142,158685.64755176863,160982.66787704336,33585,13801.669056673814,72.9182836610456
2022-09-02 21:30:06.374644,193.51600220730822,2276.695352829357,2276.695352829357,2257.2819389107517,2261.4363799578036,440576.98292349424,437813.07231325185,436820.17667277,437624.1274956014,165216.36859631035,165216.36859631035,163807.56625228876,164109.04781085055,48930,14069.705745100357,72.70681370128132
2022-09-03 21:30:06.374644,190.68785963078574,2257.343553997238,2288.4279612644686,2247.1140158926,2261.2906270235776,430448.0107630843,436375.4298527642,428497.3620368994,431200.66967028345,161418.0040361566,163640.78619478657,160686.51076383726,161700.2511263563,15142,13863.190254317242,72.70212763912672
2022-09-04 21:30:06.374644,193.59211774642054,2236.084659160655,2272.656699656086,2236.084659160655,2250.0302890237913,432888.3646271942,439968.4233970125,435580.7403619874,435588.12864570646,162333.13673519783,164988.1587738797,162333.13673519783,163345.54824213992,23048,14004.247963146427,72.3400996358542
2022-09-05 21:30:06.374644,193.29970155854028,2309.230073051702,2328.0338724928697,2287.276553215502,2303.3936361321084,446373.4839509002,450008.2527710445,442129.87511840323,445245.3024361775,167390.05648158758,168753.09478914167,165798.7031694012,166966.98841356655,36265,14314.728087582866,74.05576980507365
2022-09-06 21:30:06.374644,188.6390873958933,2308.9265135176197,2314.6656897978132,2296.2034947138936,2307.0157871832594,435553.7903741455,436636.42335004534,433153.73171808984,435193.35270216846,163332.67139030457,163738.658756267,162432.64939428368,163197.50726331316,22576,13991.555835332061,74.1722245786892
2022-09-07 21:30:06.374644,190.79766627989892,2356.810536268491,2371.607819472217,2323.8655916222215,2356.179397428053,449673.95018390514,452497.23728645884,443388.1316296765,449553.530366051,168627.73131896442,169686.46398242208,166270.54936112868,168582.57388726913,47505,14453.238501994952,75.75287017306904
2022-09-08 21:30:06.374644,193.7470395943387,2279.4297825540375,2309.5507315766804,2276.5922281671797,2293.024452853674,441632.77233301196,447468.617035921,441083.0045708703,444266.69945782766,165612.2896248795,167800.7313884704,165406.12671407638,166600.01229668537,45673,14283.265800470283,73.72239307002987
2022-09-09 21:30:06.374644,194.8147638205637,2337.9761626772774,2337.9761626772774,2309.9044935452634,2319.554492950808,455472.27395008167,454387.4727533909,450003.49835807935,451883.46071313904,170802.1027312806,170802.1027312806,168751.31188427977,169456.29776742714,22556,14528.146242063369,74.5753530294278
2022-09-10 21:30:06.374644,192.94066140518623,2324.3563021093833,2341.539964353201,2318.27771412357,2328.9076543968654,448462.8422702973,451778.2694289828,447290.0354839049,449340.9831909321,168173.5658513615,169416.85103586855,167733.76330646433,168502.86869659953,27883,14446.405066580894,74.87606392839601
2022-09-11 21:30:06.374644,190.648800419105,2268.4802504039144,2288.8800331214434,2240.254902946638,2263.777916071455,432483.0385139372,436372.2326178445,427101.90987979504,431586.5441142842,162181.13944272645,163639.5872316917,160163.21620492314,161844.95404285658,8511,13875.596197089899,72.78209577929991
2022-09-12 21:30:06.374644,194.07276233286245,2279.7188758840507,2301.7742935592546,2271.0598111507616,2282.991097012749,442431.33958518575,446711.69541781757,440750.85097317724,443066.3885785962,165911.75234444466,167516.88578168157,165281.56911494146,166149.89571697358,43155,14244.675558725445,73.39981342976671
2022-09-13 21:30:06.374644,194.58715534413832,2254.1060634706732,2277.5345574590574,2247.1401303392477,2261.037642872127,438620.08673473203,443178.97073392896,437264.60562237044,439968.88305250293,164482.5325255245,166192.11402522336,163974.2271083889,164988.3311446886,26473,14145.090118714728,72.69399401585439
2022-09-14 21:30:06.374644,192.65639773801962,2299.608625778675,2317.2565425218545,2299.608625778675,2313.0413248149953,443034.31404979713,446434.2981171186,443722.4437709807,445622.20945803355,166137.86776867392,167412.86179391947,166137.86776867392,167108.32854676258,8906,14326.845725888425,74.36594996752761
2022-09-15 21:30:06.374644,196.89895916138178,2291.394356443242,2303.050075320833,2291.394356443242,2294.257105623893,451173.1638119386,453468.16272721393,451476.27582972945,451736.8361459489,169189.93642947698,170050.56102270522,169189.93642947698,169401.31355473085,21149,14523.432232058543,73.76202374729188
2022-09-16 21:30:06.374644,194.79475475992442,2310.074312547663,2316.635207459756,2292.1304174543316,2298.616989302364,449990.359189923,451268.38710532984,446494.98254577967,447758.53271814977,168746.38469622112,169225.64516449868,167435.6184546674,167909.44976930617,47507,14395.52895827385,73.90219715795212
2022-09-17 21:30:06.374644,196.03499386830737,2257.737315985266,2288.568625792324,2257.737315985266,2274.6678387309516,442595.52089542034,448639.53652439883,444874.97514125693,445914.4958180581,165973.32033578263,168239.82619664958,165973.32033578263,167217.9359317718,27604,14336.242792504441,73.13221466172462
2022-09-18 21:30:06.374644,197.12855430065062,2286.9639711362306,2314.795072932282,2286.9639711362306,2299.58542053591,450825.90136776003,456312.20622940984,451356.66944721964,453313.9494410976,169059.71301291,171117.07733602868,169059.71301291,169992.7310404116,31008,14574.136749006482,73.93333292188693
2022-09-19 21:30:06.374644,196.11196713562904,2292.399829862789,2306.637254157131,2278.5658521969876,2284.7095366115723,449567.0400957729,452359.1693810809,446854.0315224222,448058.88155842695,168587.64003591484,169634.68851790534,167570.26182090834,168022.0805844101,37884,14405.185235288933,73.45506250459184
2022-09-20 21:30:06.374644,198.13637292039544,2298.615629316126,2325.458910895631,2291.485525282505,2297.696120432198,455439.36353082943,460757.99398027343,454026.6305790627,455257.1753756998,170789.76132406102,172784.24774260254,170259.9864671485,170721.44076588744,28198,14636.611862644671,73.87259055836796
2022-09-21 21:30:06.374644,192.13829639736593,2322.0854326616172,2340.8224189829534,2310.427973541269,2331.2877653280293,446161.5391207435,449761.6317521458,443921.69478503783,447929.65964214975,167310.57717027882,168660.61190705467,166470.6355443892,167973.62236580616,6656,14401.03072409175,74.95258621467131
2022-09-22 21:30:06.374644,193.80827005787046,2319.902388362884,2336.1029172530048,2293.7165351484896,2315.1927336261983,449616.2685917325,452756.06506994937,444541.2336802614,448703.4985546456,168606.10072189968,169783.52440123103,166702.96263009805,168263.8119579921,47050,14425.909804354604,74.43511931538889
2022-09-23 21:30:06.374644,194.8385422056583,2327.794847127889,2354.493767387494,2305.3502993266425,2339.799717259138,453544.15456824115,458746.13327008765,449171.0915941811,455883.16596398194,170079.05796309042,172029.79997628287,168439.1593478179,170956.18723649322,18432,14656.737588862588,75.22625161988644
2022-09-24 21:30:06.374644,194.56980392320744,2299.7425425738434,2321.0406897687008,2276.993270416253,2289.9476977979884,447460.45558245125,451604.43190608226,443034.1341593532,445554.6745549549,167797.6708434192,169351.66196478085,166137.80030975747,167083.0029581081,9798,14324.674464858375,73.62347317176486
2022-09-25 21:30:06.374644,196.27394047787325,2327.265658558674,2358.3193917459066,2317.471315380855,2331.1028699514,456781.60134414374,462876.6399233503,454859.2270142405,457534.7459446406,171293.1005040539,173578.73997125635,170572.2101303402,171575.52972924022,17677,14709.836225072037,74.9466416947096
2022-09-26 21:30:06.374644,193.8345847881684,2337.5640412094795,2348.3711400422067,2327.7106751059455,2331.2088609623556,453100.75534359243,455195.5448585988,451190.8322161481,451868.9016191372,169912.78325384716,170698.32932197454,169196.56208105554,169450.83810717645,7343,14527.678164195511,74.9500493822996
2022-09-27 21:30:06.374644,195.30827855896163,2389.5153797390103,2417.1988684884163,2366.3887767308474,2384.9114458673394,466692.1354069896,472098.9499391425,462175.3183845488,465792.9490079143,175009.5507776211,177037.10622717845,173315.7443942058,174672.35587796784,10021,14975.339152775021,76.67662629181086
2022-09-28 21:30:06.374644,194.578597632172,2339.2623552293476,2348.626546305128,2328.6739591448054,2339.342656823514,455170.38857425825,456992.45974174334,453110.113312954,455186.01354583877,170688.89571534685,171372.17240315376,169916.29249235775,170694.75507968955,18781,14634.323995172286,75.21155679661499
2022-09-29 21:30:06.374644,195.77263521297266,2346.1235210064724,2365.472280562943,2333.371512943669,2347.5137303937536,459306.7842425751,463094.74188904755,456810.29001986305,459578.94919782097,172240.04409096568,173660.52820839285,171303.85875744864,172342.10594918288,47684,14775.55778027974,75.47426271621373
2022-09-30 21:30:06.374644,191.82570577887438,2344.6055040154515,2347.8490320140313,2316.145977606443,2341.617304814102,449755.6055807975,450377.79762833857,444296.3368412569,449182.3921599908,168658.35209279906,168891.67411062698,166611.12631547134,168443.39705999655,27307,14441.306332304232,75.28468837314458
2022-10-01 21:30:06.374644,195.16966173795663,2355.849409808361,2368.3609289189585,2332.3693418722046,2344.119150756266,459790.3324178626,462232.2013705059,455207.7355011787,457500.94172656664,172421.3746566985,173337.07551393972,170702.900812942,171562.85314746248,29830,14708.749412505356,75.36512452798772
2022-10-02 21:30:06.374644,196.4412954807776,2372.6113990568238,2385.238015350089,2372.6113990568238,2378.5458605400972,466078.85690318263,468559.2457653704,466518.92588414234,467244.63020493765,174779.5713386935,175709.7171620139,174779.5713386935,175216.73632685162,45976,15022.01100195916,76.4719681238477
2022-10-03 21:30:06.374644,196.61828526641742,2335.4317015339916,2375.0410116090816,2326.858703073141,2352.1718103473413,459188.576512445,466976.491139995,457502.96825548087,462479.98800249904,172195.71619216687,175116.18417749813,171563.61309580534,173429.99550093713,44416,14868.826774771702,75.62402335259188
2022-10-04 21:30:06.374644,198.4672736901168,2375.9071436997447,2384.7787175356743,2351.302878641513,2368.36726125581,471539.8133509609,473300.53042351844,466656.67194370466,470043.39343836915,176827.43000661035,177487.6989088194,174996.25197888925,176266.27253938845,48544,15111.99181579119,76.14471880192936
2022-10-05 21:30:06.374644,197.81958974389073,2402.003822818541,2402.003822818541,2376.646405960204,2388.2615824360796,475163.4107932209,473424.56261641014,470147.21699333994,472444.9264386005,178186.27904745785,178186.27904745785,176305.2063725025,177166.8474144752,21127,15189.201595891222,76.78433560326265
2022-10-06 21:30:06.374644,195.04721995972466,2405.077702318635,2421.320328231262,2389.6379891293172,2397.8688722081474,469103.719624372,472271.79865347565,466092.24648982007,467697.65735215944,175913.89485913952,177101.92449505336,174784.59243368253,175386.62150705978,22657,15036.5759179578,77.09321691154203
2022-10-07 21:30:06.374644,195.86877263824442,2367.9081274082587,2375.847979182897,2343.1509854020615,2364.997130234175,463799.2586355793,465354.4276576073,458950.10761679476,463229.08519193815,173924.72198834224,174507.91037160275,172106.29035629804,173710.90694697681,12037,14892.910403547396,76.03636665436929
2022-10-08 21:30:06.374644,200.62618508652977,2327.804730944406,2356.164054704384,2315.6584524253053,2339.26640590245,467018.58279575204,472708.2057333502,464581.7212734664,469318.09491728625,175131.96854840702,177265.5771500063,174218.1454775499,175994.28559398235,19761,15088.673319099997,75.2091052744048
2022-10-09 21:30:06.374644,197.36869147058533,2352.6559434359356,2379.5287089795506,2352.6559434359356,2373.334431848447,464340.625036446,469644.46760798513,466641.5462879319,468421.91123601305,174127.73438866728,176116.6753529944,174127.73438866728,175658.2167135049,21943,15059.860829347128,76.30441692569798
2022-10-10 21:30:06.374644,197.87680583871597,2402.749502159684,2422.586060276601,2389.1570592349244,2411.3360615983033,475448.3967179233,479373.59147693287,472758.7675284268,477147.4776727815,178293.14876922124,179765.09680384982,177284.53782316003,178930.30412729306,28085,15340.389585673274,77.52619678165811
2022-10-11 21:30:06.374644,196.67378533401293,2408.773137684507,2411.368692609955,2360.881123430222,2394.75094352287,473742.53099929955,474253.0086115297,464323.4272686388,470984.7329948418,177653.44912473732,177844.87822932366,174121.28522573956,176619.27487306567,32700,15142.256076223051,76.99297325133409
2022-10-12 21:30:06.374644,199.05561646231587,2397.6282343691933,2422.0868585600874,2397.6282343691933,2410.7509494667675,477261.36623981374,482129.9927559523,479013.3585957539,479873.5163832207,178973.01233993017,180798.7472834821,178973.01233993017,179952.56864370775,39979,15428.032291127209,77.50738500383453
2022-10-13 21:30:06.374644,199.84819865550543,2369.787525841472,2397.4761800410115,2358.1658575315337,2373.4972013358056,473597.7682357052,479131.2959006784,471275.19875859225,474339.1402008442,177599.16308838944,179674.2359627544,176728.19953447208,177877.17757531657,11129,15250.100958103272,76.30965008233174
2022-10-14 21:30:06.374644,198.0359300200704,2384.970775903088,2405.5371545440194,2384.2411141847174,2401.0562847273864,472309.9056766569,476382.7875979587,472165.40643965936,475495.4143765229,177116.21462874635,178643.5453492345,177062.02741487225,178310.78039119608,23586,15287.27541076784,77.19569452721997
2022-10-15 21:30:06.374644,199.25629921108924,2375.5571596546342,2387.2148736925674,2361.0530331587215,2370.76490287996,473344.7281971891,475667.6011536488,470454.689628324,472389.84084739827,177504.27307394592,178375.3504326183,176420.5086106215,177146.19031777437,10862,15187.430582799587,76.22180471265163
2022-10-16 21:30:06.374644,201.57827449066878,2351.966762419428,2366.611780792982,2351.966762419428,2366.0831841170702,474105.401627913,477057.5191615381,475619.72941827757,476950.96555570635,177789.52561046736,178896.56968557677,177789.52561046736,178856.6120833899,18890,15334.071680674717,76.07128407147331
2022-10-17 21:30:06.374644,198.40894024354586,2369.3021707255857,2378.955136786172,2355.4411451990527,2370.577259172981,470090.73281039624,472005.967576684,467340.58142498805,470343.72175796074,176284.0248038986,177002.23784125652,175252.7180343705,176378.89565923528,40496,15121.64743306201,76.21577183188326
2022-10-18 21:30:06.374644,196.3695415592873,2338.5355810739625,2356.996563551861,2332.689259954326,2338.0500728686056,459217.1599755756,462842.33464149456,458069.1205775042,459121.8209518664,172206.43499084085,173565.87549056046,171775.9202165641,172170.6828569499,24480,14760.861013112988,75.16999928845968
2022-10-19 21:30:06.374644,199.11840591042443,2353.697208959313,2376.9159625902435,2339.7058625975533,2358.2899397132346,468664.4362437935,473287.7174540113,465878.50165969937,469578.9334702902,175749.16359142258,177482.89404525424,174704.43812238728,176092.10005135884,33473,15097.059332249557,75.82072563258909
2022-10-20 21:30:06.374644,200.16481809974655,2377.7266723153143,2378.1363406624896,2342.8436982042736,2371.2182914757736,475937.22685491055,476019.22804510413,468954.8826871959,474634.47798804,178476.46007059145,178507.21051691406,175858.08100769846,177987.929245515,18879,15259.596128730711,76.23638148361997
2022-10-21 21:30:06.374644,202.53504751158266,2373.7640929738213,2373.7640929738213,2336.2879806258093,2355.3672563612304,480770.4233517418,479375.1421191684,473180.1971567878,477044.4191743479,180288.90875690317,180288.90875690317,177442.57393379541,178891.65719038044,46766,15337.076233743179,75.72675925092771
2022-10-22 21:30:06.374644,202.7096218307929,2357.602206169455,2392.8176714965653,2355.8158823143517,2364.422088769698,477908.65164005326,485047.1652991072,477546.546606918,479291.1074628789,179215.74436501996,181892.6869871652,179079.95497759426,179734.1652985796,39738,15409.307724500995,76.01787865576857
2022-10-23 21:30:06.374644,201.685896965464,2391.6108281781526,2403.554088327444,2365.6094449837306,2381.451105525703,482354.1750734269,484762.9622093286,477110.06278151716,480305.1022973473,180882.8156525351,181786.11082849823,178916.27354306894,180114.41336150523,42549,15441.907867070064,76.56537384942862
2022-10-24 21:30:06.374644,201.12439003648143,2386.351238588046,2386.351238588046,2367.536218623821,2377.904819395209,479953.43727382267,479193.0995204794,476169.2778599937,478254.65636567096,179982.5389776835,179982.5389776835,178563.47919749763,179345.4961371266,40907,15375.985608464216,76.45135818783123
2022-10-25 21:30:06.374644,199.01692188652194,2392.072526508567,2419.878810252369,2370.65019714661,2394.543986203571,476062.9111550507,481596.83215484535,471799.50510579476,476554.77345611696,178523.591683144,180598.812058067,176924.81441467302,178708.04004604387,7806,15321.334023151909,76.98631942397385
2022-10-26 21:30:06.374644,198.1296154347236,2434.3217947448293,2434.3217947448293,2401.3375752921665,2425.305287259456,482311.24103715917,482242.0309958,475776.0903215886,480524.8038765178,180866.71538893468,180866.71538893468,178416.03387059574,180196.80145369418,15421,15448.971318046484,77.97531748065188
2022-10-27 21:30:06.374644,198.51904232392053,2379.0857580444267,2445.7458384781676,2374.8414203611787,2416.4021216913825,472293.8262934581,485527.12162239983,471451.2444412804,479701.83506766293,177110.18486004678,182072.67060839993,176794.21666548014,179888.1881503736,35615,15422.512701506654,77.68907427432227
2022-10-28 21:30:06.374644,201.4411288291512,2405.3495154790735,2406.8319045311596,2390.239308838255,2403.155125953781,484536.3216267565,484834.9357507727,481492.50454418827,484094.28132369067,181701.1206100337,181813.10090653977,180559.6892040706,181535.355496384,29832,15563.73075243347,77.26317378924497
2022-10-29 21:30:06.374644,199.39012792723886,2401.226211936767,2419.3788342281164,2376.031442124115,2390.725210013013,478780.80158031115,482400.25526119815,473757.2132042691,476687.0054633697,179542.80059261667,180900.0957229493,177658.95495160093,178757.62704876365,48011,15325.585309393318,76.86354301004752
2022-10-30 21:30:06.374644,198.8896469229608,2478.775247512818,2478.775247512818,2448.990494462527,2449.2992277861204,493002.73377919913,489877.7200011222,487078.85476133914,487140.258623062,184876.02516719967,184876.02516719967,182654.57053550216,182677.59698364825,18327,15661.65954935256,78.74674000630542
2022-10-31 21:30:06.374644,201.14924436457514,2418.778773553265,2418.778773553265,2382.6437389812527,2400.038786380922,486535.52258531307,483785.8090040724,479266.98768606497,482765.9883261944,182450.8209694924,182450.8209694924,179725.12038227436,181037.2456223229,42685,15521.02585925265,77.16298122014956
2022-11-01 21:30:06.374644,200.025183477167,2466.2942855002443,2466.2942855002443,2433.3150372572227,2443.6280440066953,493320.96696587483,491208.8852743762,486724.2867851254,488787.1478523899,184995.36261220305,184995.36261220305,182521.60754442203,183295.18044464622,31676,15714.607376941549,78.56440734987044
2022-11-02 21:30:06.374644,203.46062873794767,2399.6454592599384,2419.8991833019895,2399.6454592599384,2403.7329017479374,488233.3738891883,492354.20931706886,488459.79219195957,489065.0075077267,183087.5152084456,184632.82849390083,183087.5152084456,183399.3778153975,9666,15723.540622033395,77.28174969852066
2022-11-03 21:30:06.374644,200.5153280628268,2422.758810077541,2455.1837157244263,2422.758810077541,2436.4066234570614,485800.27761980204,492301.9682129934,487517.5896388288,488536.8733969368,182175.10410742578,184613.23807987254,182175.10410742578,183201.3275238513,6966,15706.56100170193,78.33223346109156
2022-11-04 21:30:06.374644,203.57099760584313,2420.3101892455848,2449.140392328346,2399.988289493816,2422.6346255119024,492704.9597403107,498573.95294304745,488568.01033459714,493178.1475499162,184764.3599026165,186965.2323536428,183213.00387547392,184941.80533121858,13201,15855.7789207149,77.88945377568128
2022-11-05 21:30:06.374644,203.22532780956917,2416.4482066511478,2420.4162425505438,2400.373732448023,2415.8808574216264,491083.478931525,491889.88432793994,487816.73864222853,490968.17919837305,184156.30459932188,184458.70662297748,182931.2769908357,184113.0671993899,11777,15784.727983486788,77.67231525139056
2022-11-06 21:30:06.374644,200.19282042242565,2414.033578838897,2431.3334205760616,2389.3864433224985,2423.664032448447,483272.1907422008,486735.4948524254,478338.0111678393,485200.138412244,181227.07152832532,182525.81056965952,179376.75418793975,181950.0519045915,16706,15599.28428537307,77.92254995252775
2022-11-07 21:30:06.374644,206.11520622811668,2430.4489766790925,2457.0390870555348,2430.4489766790925,2440.478891696901,500952.4920551263,506433.1181389951,502921.57733595284,503019.8100574724,187857.18452067237,189912.41930212316,187857.18452067237,188632.42877155214,47858,16172.190395366268,78.4631598275725
2022-11-08 21:30:06.374644,201.04673283747618,2478.8037704778576,2498.6994363097865,2478.8037704778576,2490.017554444338,498355.39939979045,502355.358012926,498677.78784898994,500609.8940289967,186883.27477492142,188383.25925484725,186883.27477492142,187728.71026087378,26582,16094.71109918328,80.05586363092058
2022-11-09 21:30:06.374644,203.31149656163018,2483.344547143887,2506.967711995143,2482.759587368082,2498.6273494683774,504892.49635798746,509695.3573574184,504773.5673105402,507999.6657702351,189334.6861342453,191135.7590090319,189290.08774145256,190499.87466383819,43589,16332.29378119326,80.33267476227361
2022-11-10 21:30:06.374644,204.3542111741489,2494.713660072972,2510.8671695624917,2480.3880737647196,2490.4914787614216,509805.242109586,513106.27979901095,506877.74821995595,508942.4215782299,191176.96579109476,192414.8549246291,190079.15558248348,190853.40809183623,44413,16362.603574402969,80.07110064016659
2022-11-11 21:30:06.374644,200.60624187482915,2515.6654239927543,2515.6654239927543,2492.7602936198473,2507.1629150938347,504658.1865216351,503709.35606370744,500063.2743978732,502952.53016491554,189246.81994561316,189246.81994561316,187523.72789920244,188607.19881184332,33153,16170.027332976966,80.607099364825
2022-11-12 21:30:06.374644,205.66727870901954,2442.325509459484,2466.449759553385,2437.6741733538693,2454.2010336469825,502306.4412521518,507268.01011986024,501349.81361294904,504748.8479950378,188364.91546955693,190225.50379494758,188006.18010485588,189280.8179981392,29330,16227.77932082812,78.90433660671572
2022-11-13 21:30:06.374644,199.62104266353748,2515.478255179616,2541.318734214635,2507.006731377852,2516.0996425767594,502142.392096411,507300.6954643067,500451.2976821538,502266.4340965267,188303.3970361541,190237.760799115,187669.2366308077,188349.9127861975,18337,16147.969203206234,80.89442161096852
2022-11-14 21:30:06.374644,206.009949810215,2482.3662604828924,2502.035919789316,2463.605590558443,2493.4515874557283,511392.1487326518,515444.2942591521,507527.26406310993,513675.8363859555,191772.05577474443,193291.61034718202,190322.72402366623,192628.4386447333,43816,16514.78383442501,80.16627027362607
2022-11-15 21:30:06.374644,208.03892187573646,2508.8544678093463,2543.8406056322274,2504.5782787065955,2527.384882229431,521939.378626181,529217.8570194491,521049.76485550794,525794.426064046,195727.26698481786,198456.69638229342,195393.66182081547,197172.90977401723,36603,16904.39898611259,81.2572502203749
2022-11-16 21:30:06.374644,205.01271869276744,2522.983450093988,2550.9891827472047,2504.0008172683574,2527.9866037585807,517243.6963206266,522985.22771084536,513352.01515709754,518269.4064554424,193966.38612023497,196119.460391567,192507.0056839116,194351.02742079092,24381,16662.468057338043,81.27659600233352
2022-11-17 21:30:06.374644,204.47207651322537,2505.1587259633125,2511.6426675588796,2504.2199725228184,2507.2704820267368,512235.0066929446,513560.7916949807,512043.0578276329,512666.8018403224,192088.12750985424,192585.29688561778,192016.14668536233,192250.0506901209,42970,16482.343166162627,80.61055771944433
2022-11-18 21:30:06.374644,204.8805606973137,2495.0723924946337,2495.0723924946337,2468.8065103440135,2483.123659720957,511191.83075468853,509708.90454634104,505810.4620924599,508743.7676843953,191696.9365330082,191696.9365330082,189678.92328467246,190778.91288164823,22244,16356.216810840897,79.83421993412179
2022-11-19 21:30:06.374644,207.94654167003384,2512.871429504354,2534.0058855044367,2509.5901048833575,2517.492011265461,522542.92342686467,526937.7604621593,521860.5833198317,523503.75742459047,195953.59628507425,197601.66017330973,195697.7187449369,196313.90903422143,31106,16830.7535180231,80.93918727041847
2022-11-20 21:30:06.374644,205.39298458064383,2491.480424675823,2504.876604067992,2476.9151209019415,2494.9575799941654,511732.60044841724,514484.08171575255,508740.989234976,512446.78375710204,191899.72516815647,192931.5306434072,190777.870963116,192167.54390891327,42036,16475.269539515884,80.21468902194819
2022-11-21 21:30:06.374644,206.8495790883202,2535.5921095143453,2547.9736195842393,2502.653875257102,2520.162821598532,524486.1605927083,527047.2707391436,517672.9007006849,521294.6188816898,196682.3102222656,197642.72652717883,194127.33776275686,195485.48208063366,39784,16759.729259313586,81.02505575252084
2022-11-22 21:30:06.374644,203.4140018729704,2488.2812335379867,2496.910728225376,2488.2812335379867,2495.7224587741002,506151.24349937314,507906.60354787647,506887.4137606142,507664.8929034891,189806.71631226494,190464.97633045368,189806.71631226494,190374.33483880843,43014,16321.53076464407,80.23928042741493
2022-11-23 21:30:06.374644,204.96167590151217,2482.0770736238856,2491.6880981674108,2453.628564425952,2472.193328277931,508730.67672667257,510700.56842424406,502899.82260456454,506704.887716382,190774.0037725022,191512.71315909154,188587.4334767117,190014.33289364324,44151,16290.666400346643,79.48280188010773
2022-11-24 21:30:06.374644,207.2760933021736,2487.665660773409,2496.4747945155755,2487.665660773409,2493.911254518538,515633.61960708245,517459.54243453505,516322.32810650166,516928.1818789253,193362.6073526559,194047.32841295065,193362.6073526559,193848.068204597,25389,16619.34741123088,80.18104890184506
2022-11-25 21:30:06.374644,205.1869087765572,2500.362928587758,2504.699674431156,2497.333168061349,2502.9088823111724,513041.7401364217,513931.58361017815,512420.07293967466,513564.1365108173,192390.65255115813,192724.3438538168,192157.527352378,192586.55119155647,32653,16511.192660455803,80.47032913695155
2022-11-26 21:30:06.374644,205.8505374049512,2479.9250687143376,2502.1329160505506,2460.742864782892,2489.2424122508014,510493.90811885695,515065.40542762354,506545.2411309575,512411.88829302456,191435.21554457134,193149.52703535883,189954.46542410908,192154.4581098842,46892,16474.147643165656,80.03094224929032
2022-11-27 21:30:06.374644,209.42726109009487,2476.5760047096005,2509.6178643551284,2456.7212572309554,2488.193618128153,518662.5295477815,525582.3957146677,514504.4041636934,521095.5745064325,194498.44858041807,197093.39839300042,192939.15156138502,195410.8404399122,29271,16753.32994169343,79.99722276040166
2022-11-28 21:30:06.374644,207.61440773907728,2502.465903544432,2520.4654705026155,2495.007060781446,2515.075545451237,519547.97645161214,523284.9458851953,517999.4132289559,522165.9197878953,194830.49116935456,196231.85470694822,194249.77996085846,195812.21992046072,25079,16787.741762728114,80.8614961483832
2022-11-29 21:30:06.374644,213.15833724327732,2516.4506960827553,2544.5578754289236,2508.356923098175,2527.8981088043506,536402.4461316878,542393.7257457157,534677.1909402702,538842.5575931607,201150.91729938294,203397.64715464337,200503.94660260133,202065.95909743523,40963,17323.89909957435,81.27375082560968
2022-11-30 21:30:06.374644,207.56691421736443,2521.026696624825,2536.273324968153,2473.7988500422807,2509.061598428989,523281.7320780107,526446.4276754542,513478.7936977408,520798.1735671932,196230.649529254,197417.41037829532,192554.5476366528,195299.31508769747,42703,16743.76844030328,80.66814340601505
2022-12-01 21:30:06.374644,207.0281439999015,2489.6859833532108,2523.1251633057063,2465.0353989665873,2497.3424349199904,515435.06827618484,522357.9196386287,510331.70354210923,517020.1692336804,193288.15060356932,195884.21986448579,191374.38882829098,193882.56346263015,49483,16622.304823613696,80.29136383107979
2022-12-02 21:30:06.374644,212.50417427507523,2520.8508972453888,2547.389332891242,2520.8508972453888,2537.4007844460043,535691.3383897139,541330.8667431881,537289.0867188233,539208.2585036263,200884.25189614273,202999.07502869554,200884.25189614273,202203.09693885988,21456,17335.656459092927,81.57926871400339
2022-12-03 21:30:06.374644,211.57005712315757,2568.28830383668,2584.4114927272403,2553.2287083217643,2571.6870136641783,543372.9031514638,546784.0871460472,540186.7436681215,544091.9683838127,203764.83868179895,205044.0326797677,202570.02887554557,204034.48814392975,42927,17492.668736619493,82.681595758168
2022-12-04 21:30:06.374644,208.44896732536725,2556.1178817044593,2570.6735070153536,2540.956336807088,2560.00330430783,532820.1328031998,535854.2378680307,529659.7244262856,533630.0451324951,199807.54980119993,200945.33920051152,198622.3966598571,200111.26692468568,22127,17156.315751430528,82.30595605985918
2022-12-05 21:30:06.374644,209.3353729082018,2540.6678364624113,2559.3637052323784,2531.9320314148154,2533.1251105097517,531851.6489817331,535765.355642537,530022.9359744414,530272.6896316888,199444.3683681499,200912.00836595136,198758.6009904155,198852.25861188327,28925,17048.376081265713,81.44180270740436
2022-12-06 21:30:06.374644,212.69276286075538,2526.7159862004137,2543.6293166158903,2526.7159862004137,2534.968748268832,537414.2040694043,541011.5470446488,537430.625560135,539169.5068349686,201530.3265260266,202879.3301417433,201530.3265260266,202188.56506311323,29643,17334.410584971985,81.50107699354837
2022-12-07 21:30:06.374644,210.66459351690287,2543.5185155648064,2556.279214883584,2543.5185155648064,2549.0126486746603,535829.2941841761,538517.5217191578,536499.0582252729,536986.7135024912,200935.98531906604,201944.0706446842,200935.98531906604,201370.0175634342,17387,17264.233330198407,81.9525985395425
2022-12-08 21:30:06.374644,210.09314925811046,2548.887657981271,2564.261291388468,2523.5284781635987,2543.1238323475427,535503.8351704148,538733.7302284725,530176.0452199173,534292.8948912502,200813.93818890554,202025.1488356772,198816.016957469,200359.83558421882,42918,17177.626507563342,81.76326883944067
2022-12-09 21:30:06.374644,211.89599939093014,2577.604444211966,2582.9879283684527,2551.4379035241454,2563.9785827482874,546184.0697407976,547324.8084963416,540639.4844511484,543296.804208389,204819.0261527991,205246.8031861281,202739.80666918066,203736.30157814588,38264,17467.104044765594,82.43376413420636
2022-12-10 21:30:06.374644,211.3299790520216,2533.258051780742,2567.8492207229947,2519.172868229136,2540.0591604647384,535353.3710161892,542663.5220241405,532376.7494712844,536790.6491719087,200757.51413107096,203498.82075905267,199641.28105173167,201296.49343946576,39024,17257.929821627724,81.66473742391494
2022-12-11 21:30:06.374644,206.79908696247895,2543.6254287301795,2577.9569830478054,2507.666638471786,2546.249330030332,526019.4162359452,533119.150322833,518583.1712422341,526562.0366290965,197257.28108847945,199919.68137106235,194468.6892158378,197460.76373591117,17432,16929.077823723524,81.86375584838787
2022-12-12 21:30:06.374644,210.38934670166282,2562.4759017966503,2595.1949263402253,2550.022533279308,2573.600973104931,539117.6309177516,546001.3651161899,536497.5748511528,541458.2274023101,202169.11159415683,204750.51191857122,201186.5905691823,203046.8352758663,26422,17407.99342214217,82.74313093719135
2022-12-13 21:30:06.374644,208.89359629595253,2572.7466229784304,2588.0961984855217,2563.5539392445503,2569.1104259204335,537430.2944322315,540636.722461524,535510.00166745,536670.7161519458,201536.3604120868,202738.77092307148,200816.25062529373,201251.51855697966,39638,17254.07395035834,82.59875660039653
2022-12-14 21:30:06.374644,214.22783816079982,2592.235636537126,2592.235636537126,2573.8398510202605,2575.5698269267414,555329.0364187333,555284.0538815896,551388.1470561855,551758.7560547012,208248.388657025,208248.388657025,206770.55514606956,206909.53352051292,14807,17739.157537766885,82.80643101023169
2022-12-15 21:30:06.374644,214.44692030012456,2575.3520258278772,2582.63187424963,2562.3966020695584,2572.8105151742893,552276.3106274751,553837.4517017717,549498.0599013206,551731.2914949033,207103.61648530318,207689.0443881644,206061.77246299523,206899.23431058874,6421,17738.274546518238,82.7177171435462
2022-12-16 21:30:06.374644,216.65619976326352,2578.951489066561,2594.8632436235835,2544.1200143667133,2561.607814858216,558745.8289949708,562193.209268861,551199.3740543515,554988.2144510585,209529.68587311404,210822.45347582287,206699.76527038182,208120.58041914695,23836,17842.985289707387,82.35754223345334
2022-12-17 21:30:06.374644,212.48684092396897,2541.3098037887466,2565.0186109032343,2540.989039892949,2545.6106750327185,539994.8920161822,545032.7015420154,539926.7339092818,540908.7705600346,202498.08450606832,204387.26307825578,202472.52521598066,202840.78896001296,35896,17390.32827160605,81.84322262873049
2022-12-18 21:30:06.374644,210.3565849068277,2532.1844018396714,2563.025657129,2511.503141265042,2530.664333286872,532661.6631253315,539149.3242622344,528311.2237792843,532341.9066957404,199748.12367199932,202180.9965983379,198116.7089172316,199628.21501090267,18011,17114.901835639805,81.36268694156195
2022-12-19 21:30:06.374644,211.4697512522923,2555.829329345182,2566.012877940512,2540.1034090385515,2551.4470977073133,540480.5925199387,542634.1050082588,537155.0360644822,539553.8830855486,202680.22219497702,203487.78937809705,201433.1385241808,202332.70615708074,14748,17346.768360517897,82.03086783504472
2022-12-20 21:30:06.374644,216.2553619227947,2560.6197650972304,2561.3997207404836,2547.1126836736103,2560.08482235693,553747.7540477631,553916.4236376785,550826.7752659775,553632.0698118515,207655.40776791115,207718.65886412945,206560.04072474156,207612.0261794443,47246,17799.384960514773,82.30857692404167
2022-12-21 21:30:06.374644,212.70681213949365,2585.539923866899,2600.2932069715357,2585.539923866899,2593.7422354373984,549961.9548651172,553100.078682896,550398.6661123467,551706.6424114531,206235.73307441897,207412.529506086,206235.73307441897,206889.9909042949,18923,17737.482073413485,83.39068707500437
2022-12-22 21:30:06.374644,212.3263570637918,2513.311884139742,2558.4958158373947,2497.493550831684,2518.323362430087,533642.3565245261,543236.096139708,530283.7074384054,534706.4254534193,200115.8836966973,203713.53605239047,198856.390289402,200514.90954503225,16234,17190.921600225673,80.96591581108515
2022-12-23 21:30:06.374644,214.14838267606874,2542.632226204005,2542.632226204005,2505.977337378355,2525.3543028459317,544500.5789816398,542416.1144859317,536650.9938224558,540800.5396385073,204187.71711811493,204187.71711811493,201244.1226834209,202800.20236444025,32597,17386.84862520921,81.19196562592414
2022-12-24 21:30:06.374644,213.76800996835206,2522.4062261242607,2533.731992666692,2508.3467829766614,2516.2529024672212,539209.7592903642,541630.845865506,536204.3001074388,537894.3755375077,202203.6597338866,203111.56719956474,201076.61254028956,201710.3908265654,37127,17293.41485138592,80.89934902719055
2022-12-25 21:30:06.374644,214.35790455258805,2584.860893073688,2584.860893073688,2554.702193583227,2563.5018523445133,554085.3645992072,553781.664662455,547620.6089724008,549506.8853852479,207782.0117247027,207782.0117247027,205357.72836465028,206065.08201946795,17954,17666.759432396088,82.41843690724559
2022-12-26 21:30:06.374644,216.75784129230735,2532.7237313887454,2540.3862372265535,2526.3604318701114,2537.3346654751613,548987.7286056221,550648.6368299151,547608.4335384667,549987.1847245347,205870.3982271083,206493.23881121818,205353.162576925,206245.19427170051,45026,17682.201154981183,81.57714294131404
2022-12-27 21:30:06.374644,211.78916034184323,2519.1684441202065,2522.4390605236317,2478.889169454873,2501.463007745514,533532.5695398861,534225.2506417679,525001.8557793366,529782.7500366041,200074.7135774573,200334.46899066295,196875.69591725123,198668.53126372653,16929,17032.624422473127,80.42384322489475
2022-12-28 21:30:06.374644,215.78304391644403,2536.1571107797486,2550.3103476057286,2512.06625786583,2534.0941630527286,547259.7012143882,550313.7297379685,542061.3036420796,546814.5520744114,205222.3879553956,206367.64865173819,203272.98886577983,205055.45702790428,49196,17580.200362474647,81.47295844688632
2022-12-29 21:30:06.374644,216.85310371901687,2563.047674526772,2563.047674526772,2517.8841781650817,2550.7000096344645,555804.8432009391,554805.1016544984,546010.998840104,553127.2137453599,208426.81620035216,208426.81620035216,204754.124565039,207422.70515450998,28368,17783.15373409722,82.00684841366613
2022-12-30 21:30:06.374644,215.86500875543237,2550.924850989561,2563.1932342855703,2516.5905395979194,2545.280748640384,550655.4152933116,553303.7299609196,543243.8388641431,549437.05109029,206495.78073499183,207488.89873534485,203716.4395740537,206038.89415885875,25012,17664.514245443996,81.83261525681624
2022-12-31 21:30:06.374644,214.22164624653973,2567.1100068807573,2575.61964692668,2552.8490320793076,2568.3189476879147,549930.5317699618,551753.4808695648,546875.5222709147,550189.5130598857,206223.94941373568,206907.55532608682,205078.32085159305,206321.06739745714,40089,17688.70605259406,82.57331000330878
2023-01-01 21:30:06.374644,218.06231663506688,2547.8945659067667,2574.7559814243205,2537.3409228015385,2553.453409934861,555599.7915835277,561457.2540793825,553298.4397190618,556811.9659901069,208349.92184382287,210546.47027976846,207486.9148946482,208804.48724629008,26446,17901.61927694531,82.0953722228965
2023-01-02 21:30:06.374644,215.57202564991707,2543.049432929594,2547.609028174481,2514.866168831012,2540.0849678562417,548210.3175845054,549193.2387675894,542134.7942533476,547571.2618436745,205578.86909418955,205947.46453784604,203300.54784500535,205339.22319137794,37662,17604.528737258053,81.66556715019988
2023-01-03 21:30:06.374644,215.79849266669564,2523.5056916438907,2543.4668764379703,2513.1147159645943,2525.698320494993,544568.7244925789,548876.3180829826,542326.3676036504,545041.8904936243,204213.2716847171,205828.61928111844,203372.38785136893,204390.70893510908,17651,17523.20892790716,81.20302604192432
2023-01-04 21:30:06.374644,217.3477518529275,2550.5549861624845,2559.4206619389493,2520.2211615753963,2555.468192070566,554357.3922196906,556284.3269183622,547764.403640586,555425.2664782027,207884.02208238398,208606.62259438582,205411.65136521973,208284.47492932598,36190,17857.036602308468,82.16014892441578
2023-01-05 21:30:06.374644,216.29336941465667,2556.5728737971954,2568.3769480259957,2542.313708090444,2551.577830624543,552969.7610277073,555522.9040154752,549885.598031952,551889.3663095225,207363.66038539022,208321.0890058032,206207.09926198202,206958.51236607094,47394,17743.35668433393,82.03507099279962
2023-01-06 21:30:06.374644,218.5179421897525,2537.4156611088342,2579.4105527767706,2531.434787949492,2558.6447425144506,554470.8487455528,563647.4860553119,553163.9206502754,559109.7839288869,207926.5682795823,211367.80727074196,207436.47024385328,209666.16897333256,29902,17975.49459647913,82.26227731652227
2023-01-07 21:30:06.374644,218.2657668918813,2559.690985898414,2580.617727371391,2547.7328688348766,2554.358579721647,558692.916043353,563260.5073195006,556082.8684518972,557529.034319802,209509.8435162574,211222.6902448127,208531.07566946145,209073.38786992573,26728,17924.67317128993,82.12447408560602
2023-01-08 21:30:06.374644,216.99257666871657,2516.344018156936,2538.4676864165194,2492.3144766611113,2523.740534198758,546027.9722847852,550828.6440657962,540813.7401594383,547632.9613590717,204760.48960679446,206560.74152467356,202805.15255978936,205362.3605096519,49515,17606.51238937345,81.14008179782847
2023-01-09 21:30:06.374644,216.4930097863752,2515.158372871607,2537.02376286001,2515.158372871607,2527.3153348709006,544514.2062323763,549247.9103211185,544681.1665279143,547146.103525462,204192.8273371411,205967.96637041945,204192.8273371411,205179.78882204823,7285,17590.859809846384,81.2550142225441
2023-01-10 21:30:06.374644,215.426316806369,2494.9156238615337,2503.8738010402867,2470.923658871824,2496.308083897599,537470.4835911545,539400.3107060721,532301.982940474,537770.456128024,201551.43134668292,202275.11651477707,199613.2436026777,201663.921048009,17752,17289.430816873202,80.2581086983008
2023-01-11 21:30:06.374644,216.84644073575785,2569.59971254461,2602.1140804815022,2540.306738767825,2557.816172507149,557208.5517809252,564259.1767408131,550856.4746788635,554653.3330645345,208953.20691784698,211597.1912778049,206571.17800457383,207994.99989920043,23424,17832.218784225002,82.23563819207321
2023-01-12 21:30:06.374644,214.8912498950618,2595.116752915376,2600.3263064186126,2584.138951451915,2591.4324725607153,557667.8826575994,558787.3701213051,555308.8491800164,556876.1630472225,209125.45599659978,209545.26379548942,208240.81844250616,208828.56114270847,17093,17903.683225540848,83.31642652951325
2023-01-13 21:30:06.374644,215.26969992837832,2535.9756032513174,2564.2922287682186,2535.9756032513174,2554.3307697698947,545918.7071375992,552014.4186156068,549609.7688576311,549870.0183261888,204719.51517659973,207005.40698085257,204719.51517659973,206201.25687232078,30529,17678.434231166048,82.12357997556207
2023-01-14 21:30:06.374644,216.35904470094889,2575.3884175765943,2584.2322887621276,2535.435242655656,2557.0304074723135,557208.5777607603,559122.0292819206,548564.3470020962,553236.6562319879,208953.21666028514,209670.76098072022,205711.6301257861,207463.74608699547,20465,17786.67233256134,82.21037527841926
2023-01-15 21:30:06.374644,218.03408898223998,2519.8218485531243,2554.8038402402417,2497.3666813986615,2524.019960078524,549407.0611468243,557034.3278351093,544511.0692333571,550322.3925687107,206027.64793005912,208887.872938166,204191.65096250892,206370.89721326652,11050,17692.97815614425,81.1490655417726
2023-01-16 21:30:06.374644,217.00408932240163,2562.5906069928424,2586.6729439868845,2561.8925872250097,2573.035123074134,556092.6409766221,561318.6065847694,555941.1678325746,558359.1436772561,208534.74036623328,210494.47746928854,208477.93793721547,209384.67887897103,26308,17951.361357936476,82.72493844982506
2023-01-17 21:30:06.374644,219.02151517758116,2577.211276775532,2577.211276775532,2546.0811967842815,2570.7631351214714,564464.7187721255,564092.9128258226,557646.5614848426,563052.4370169735,211674.2695395471,211674.2695395471,209117.46055681596,211144.66388136506,5400,18102.25170450661,82.65189239543689
2023-01-18 21:30:06.374644,221.75958247051088,2541.163094239005,2542.5579408735193,2526.2057587139534,2535.642967590665,563527.2667679132,563836.5873751935,560210.3342870064,562303.1257871931,211322.72503796747,211438.72026569757,210078.8753576274,210863.67217019742,34992,18078.161194289904,81.52275363192776
2023-01-19 21:30:06.374644,217.89994051741354,2559.055184997491,2587.2604213182035,2553.1369674293255,2561.8803750408633,557617.9725917319,563763.8919082949,556328.3933356596,558233.5813341332,209106.73972189947,211411.45946561056,208623.14750087238,209337.59300029994,35867,17947.3245027692,82.36630524027403
2023-01-20 21:30:06.374644,220.9651195427379,2562.895284814912,2593.4302682814487,2548.443442669994,2566.158931783794,566310.4629846463,573057.6292565651,563117.1099574817,567031.6151272706,212366.42361924239,214896.61097121192,211168.91623405565,212636.85567272647,38050,18230.183099513586,82.50386393119082
2023-01-21 21:30:06.374644,220.4888624453764,2561.9671347899707,2589.040774377118,2543.7419056144577,2564.475631216278,564885.219172281,570854.6551671072,560866.7591235659,565438.3146957657,211831.95718960537,214070.4956876652,210325.0346713372,212039.36801091215,11466,18178.95816280111,82.44974460161326
2023-01-22 21:30:06.374644,221.9100376837153,2573.627715167751,2583.356484169535,2560.557989993808,2579.5200456695547,571113.8232567298,573272.7347525319,568213.5200508642,572421.3905404299,214167.68372127367,214977.27553219945,213080.07001907408,214658.0214526612,39048,18403.465488053946,82.93343339719179
2023-01-23 21:30:06.374644,222.93672063437597,2571.5041677975687,2573.918847276855,2548.9968445289937,2569.992985956381,573282.7062664201,573821.0269909153,568264.9974266662,572945.8083424635,214981.01484990754,215182.88512159325,213099.3740349998,214854.6781284238,13422,18420.325628294224,82.62713154327908
2023-01-24 21:30:06.374644,217.0236870847306,2594.8045572352953,2615.3563577651066,2579.6981531777565,2592.516201434447,563134.0522754657,567594.2798026752,559855.6047683068,562637.4248622038,211175.26960329962,212847.8549260032,209945.85178811505,210989.03432332643,37959,18088.908978337313,83.35126919589264
2023-01-25 21:30:06.374644,222.78734146186858,2603.5168486691327,2619.5812893944058,2588.379130382581,2600.05368702049,580030.597166178,583609.5512074335,576658.1051533185,579259.0485894243,217511.47393731677,218853.58170278755,216246.78943249444,217222.14322103414,38519,18623.297601254642,83.59360480397673
2023-01-26 21:30:06.374644,219.11619563907766,2548.7984103330505,2561.240744795993,2537.1328910403677,2548.5419128145545,558483.0111231068,561209.3281154959,555926.9069155399,558426.8083626631,209431.12917116506,210453.49804331094,208472.59009332745,209410.05313599866,42751,17953.536791495084,81.93746404149226
2023-01-27 21:30:06.374644,222.51616534710394,2574.3661476879147,2616.5749270363567,2574.3661476879147,2580.3734704523267,572838.083382911,582230.2191075083,573613.5271569901,574174.8098084504,214814.28126859164,218336.33216531563,214814.28126859164,215315.55367816892,47281,18459.838278306663,82.96087162063198
2023-01-28 21:30:06.374644,221.32087050342787,2597.6372381029933,2604.857867631714,2542.267358025709,2575.878363796522,574911.3347890746,576509.4108019538,562656.8247306996,570095.6417863917,215591.750545903,216191.02905073267,210996.30927401237,213785.86566989688,28986,18328.69218706249,82.81635069354002
2023-01-29 21:30:06.374644,218.05910079100633,2612.6291160607907,2640.116374614628,2605.7276520793907,2607.1319318593755,569707.5557486177,575701.4026320775,568202.6287186921,568508.8447047746,213640.33340573165,215888.02598702905,213075.98576950954,213190.81676429044,17936,18277.67633438704,83.82117549019806
2023-01-30 21:30:06.374644,220.1460134095699,2603.97978901852,2603.97978901852,2568.647377491655,2597.481771460263,573255.7695515201,572819.5758385166,565477.4800097344,571825.2568910044,214970.91358182003,214970.91358182003,212054.0550036504,214434.47133412666,21556,18384.29966856367,83.51091586028141
2023-01-31 21:30:06.374644,217.89482594650903,2608.170776596748,2621.5857437860955,2572.2756398034608,2596.3255663796385,568306.9174053197,571229.9693461207,560485.5528214202,565725.9073867628,213115.0940269949,214211.23850479527,210182.0823080326,212147.21527003605,7640,18188.204326992116,83.47374303148001
2023-02-01 21:30:06.374644,221.0359034852488,2596.2816165595177,2600.55892533813,2566.423980376424,2587.112678482539,573871.4528183753,574816.8916287413,567271.8432287113,571844.7883065301,215201.79480689074,215556.33436077798,212726.94121076673,214441.7956149488,39052,18384.92760759163,83.17754202847073
2023-02-02 21:30:06.374644,222.67500078577032,2605.9967560090436,2633.8456658124214,2603.9314870794415,2620.979942295793,580290.3296920287,586491.5857043787,579830.4459315067,583626.710710204,217608.87363451076,219934.344639142,217436.417224315,218860.0165163265,7463,18763.718837133616,84.26639903212799
2023-02-03 21:30:06.374644,223.38534223130543,2577.687214607899,2598.142010887627,2577.687214607899,2586.438654508476,575817.5406004459,580386.8422676646,576003.0009202805,577772.483997653,215931.5777251672,217645.06585037423,215931.5777251672,216664.68149911988,7523,18575.504243751704,83.15587167066329
2023-02-04 21:30:06.374644,221.802828812372,2533.8661392253416,2565.247932925808,2532.309779160014,2533.9754506019194,562018.6775120645,568979.2481280342,561673.4724469242,562042.9230846107,210757.00406702416,213367.21804801282,210627.5521675966,210766.09615672904,31089,18069.79562386223,81.46914175581267
2023-02-05 21:30:06.374644,218.48540047262105,2621.5574116743114,2621.5574116743114,2604.4821508258524,2612.398579710634,572772.0209516298,572073.8040957131,569041.3257469798,570770.9498821843,214789.5078568612,214789.5078568612,213390.49715511742,214039.10620581912,42887,18350.403481294506,83.99050202422987
2023-02-06 21:30:06.374644,223.45661176992516,2616.1885964604244,2617.0780721013402,2608.6064481588087,2608.7202838213307,584604.6395161625,584803.3987291334,582910.3583467463,582935.795678192,219226.73981856092,219301.27452342503,218591.38438002986,218600.92337932202,35391,18741.505776690847,83.87224215349818
2023-02-07 21:30:06.374644,224.23672254571449,2595.092411613122,2634.351725681221,2590.7813148547652,2600.2357262565906,581915.0170833807,590718.3969994042,580948.3108757094,583068.3371020536,218218.13140626776,221519.39887477655,217855.61657839103,218650.62641327007,27326,18745.76701073989,83.59945749695663
2023-02-08 21:30:06.374644,223.5463978769096,2617.788235462025,2625.815104340747,2617.2546375495663,2617.3751293358673,585197.130442087,586991.5080661555,585077.8465508422,585104.7820556435,219448.9239157826,220121.8155248083,219404.1924565658,219414.29327086633,41021,18811.239135019405,84.15050169067364
2023-02-09 21:30:06.374644,222.65424020153938,2604.3252583888857,2623.2301721678655,2582.563223217023,2604.749136905248,579864.0616442551,584073.3208577894,575018.6522378247,579958.4399932536,217449.02311659564,219027.495321671,215631.9945891843,217484.4149974701,21327,18645.78317879545,83.74456691064505
2023-02-10 21:30:06.374644,217.33249917638574,2589.9642836939806,2622.5213402317213,2583.183645796558,2605.189431126909,562883.4105527905,569959.1170159646,561409.7575725336,566192.3298947178,211081.27895729645,213734.66888098672,210528.6590897001,212322.12371051917,48687,18203.19990659458,83.75872268802253
2023-02-11 21:30:06.374644,223.9001052920493,2613.0588748043574,2620.908991148086,2602.9299643339828,2614.316339192434,585064.1572030195,586821.7990789352,582796.2930822088,585345.7036119108,219399.0589511323,220058.17465460068,218548.6099058283,219504.63885446655,48284,18818.984812625735,84.05215937731876
2023-02-12 21:30:06.374644,222.14244619328673,2653.4596175345455,2688.601072561848,2645.101743225079,2658.558750496214,589446.010314227,597252.4190967833,587589.3716701461,590578.7441837968,221042.2538678351,223969.65716129373,220346.0143763048,221467.0290689238,24118,18987.228143769185,85.47458486974823
2023-02-13 21:30:06.374644,221.55935266520487,2644.7558768241915,2674.70107598908,2633.404239614053,2648.1908135571057,585970.4000266641,592605.0389690675,583455.3386346956,586731.4423856545,219738.90000999905,222226.88961340033,218795.75198801086,220024.29089462047,39091,18863.53659933303,85.14124820541436
2023-02-14 21:30:06.374644,222.32586666179685,2585.9269968944664,2621.141882675326,2564.0036679080113,2597.7199522272144,574918.4607086999,582747.6407093257,570044.3375916745,577540.339723557,215594.42276576246,218530.36526599713,213766.62659687793,216577.62739633388,27031,18568.040757573206,83.51857354404534
2023-02-15 21:30:06.374644,222.0519730160186,2597.427943751594,2605.397039383375,2572.058899087625,2601.6680800972495,576763.9996769816,578533.553085172,571130.7532558158,577705.5303183914,216286.4998788681,216950.08240693947,214174.03247093095,216639.57386939676,30681,18573.351669186966,83.64550870793478
2023-02-16 21:30:06.374644,223.78748010745576,2601.504597100513,2608.604296433261,2558.327392089171,2597.1585380397687,582184.1582730857,583772.9820962821,572521.6403655146,581211.5646674837,218319.05935240714,218914.86828610578,214695.61513706797,217954.33675030636,49424,18686.071394916526,83.5005236722481
2023-02-17 21:30:06.374644,222.9926480693864,2574.371248553444,2598.7978243899356,2574.371248553444,2582.4356324463374,574065.861828625,579512.808657672,574468.5251867436,575864.1601479495,215274.69818573436,217317.303246627,215274.69818573436,215949.06005548104,6686,18514.151239324507,83.02717161883189
2023-02-18 21:30:06.374644,222.21424714765269,2538.4024643200332,2543.346609764254,2522.1937898907463,2529.6795939320327,564069.1925666225,565167.8521242985,560467.3941810571,562130.8464903864,211525.94721248344,211937.94454661192,210175.27281789642,210799.0674338949,25337,18072.622379449153,81.33102685974353
2023-02-19 21:30:06.374644,224.44516600720502,2605.5375678228793,2630.516110587738,2587.1197252313036,2605.2965545743205,584800.3119480154,590406.6251254921,580666.5162100546,584746.2176894327,219300.11698050576,221402.48442205956,217749.9435787705,219279.83163353725,21492,18799.71121686705,83.76216678426287
2023-02-20 21:30:06.374644,222.07552393435566,2594.63182770112,2617.339330895349,2587.205505309717,2598.2998593538146,576204.2225534811,581247.0032225805,574555.0181175048,577018.802604561,216076.58345755542,217967.6262084677,215458.1317940643,216382.05097671036,7200,18551.27323188532,83.53721797719918
2023-02-21 21:30:06.374644,225.01400256127133,2527.0503841970794,2569.5076002055484,2527.0503841970794,2553.0413816249843,568621.7216221833,578175.1897338574,574143.690975732,574470.0599839959,213233.14560831874,216815.69615019654,213233.14560831874,215426.27249399846,38790,18469.330632201516,82.08212521500745
2023-02-22 21:30:06.374644,223.1055205718524,2529.1432360096314,2541.4274554150593,2519.4834092585593,2523.6410508663485,564265.8182707082,567006.495435975,562110.6575947762,563038.2503900334,211599.68185151558,212627.43578849063,210791.4965980411,211139.34389626252,41110,18101.795601531423,81.1368833368061
2023-02-23 21:30:06.374644,222.87466320809546,2529.6406325189396,2529.6406325189396,2510.5970735050546,2525.350113610414,563792.8040101723,563247.4171390109,559548.4772086691,562836.5560534466,211422.30150381458,211422.30150381458,209830.6789532509,211063.70852004248,21185,18095.311087109265,81.19183093897517
2023-02-24 21:30:06.374644,223.49619947068862,2540.7027645212565,2546.3902664441707,2537.8006492981904,2546.3817292827503,567837.4118551728,569108.5469194263,567188.8001323915,569106.6388962946,212939.0294456898,213415.70509478485,212695.80004964682,213414.9895861105,27306,18296.895540647332,81.86801258002316
2023-02-25 21:30:06.374644,226.38014763963096,2527.611491179495,2539.0985851611786,2510.8738517614383,2521.6083830682646,572201.0625488418,574801.5125803656,568411.9932662433,570842.0780483249,214575.39845581568,215550.56721763712,213154.49747484122,214065.77926812184,20843,18352.690266471353,81.07153159831738
2023-02-26 21:30:06.374644,222.3624230925451,2553.923441628961,2553.923441628961,2524.0948216066145,2551.3543126076465,567896.6048734679,567326.1053222042,561263.8406477921,567325.3271190511,212961.22682755048,212961.22682755048,210473.94024292205,212746.9976696442,39091,18239.6260004839,82.02788472704508
2023-02-27 21:30:06.374644,224.52903639046397,2556.7219656541056,2561.5003371396833,2548.775478037278,2560.682874030906,574058.3192666492,575131.2024118217,572274.1020593542,574947.6582077232,215271.86972499345,215674.20090443315,214602.78827225784,215605.3718278962,28317,18484.685513365584,82.32780471750466
2023-02-28 21:30:06.374644,225.65422426626426,2554.9672655253635,2586.9021250335595,2543.060316258875,2555.5892650711853,576539.1563278243,583745.3922771985,573852.3029277171,576679.5131528308,216202.18362293413,218904.52210394945,215194.6135978939,216254.81743231154,26855,18540.36500619955,82.16404150887152
2023-03-01 21:30:06.374644,221.92885680301566,2536.3836888259198,2569.889444798963,2524.8483178236797,2543.184501593057,562896.7324749522,570332.6265943705,560336.7007756263,564406.0290776943,211086.2746781071,213874.73497288892,210126.26279085988,211652.26090413536,11690,18145.769967775665,81.76521939952279
2023-03-02 21:30:06.374644,226.84063489976114,2564.817370768567,2608.897856294803,2548.0337223389865,2568.1527333730955,581804.8007870778,591804.046110539,577997.5873213774,582561.39655791,218176.80029515416,221926.51729145212,216749.0952455165,218460.52370921627,28928,18729.468767936924,82.56796609298296
2023-03-03 21:30:06.374644,225.77141643289596,2592.237849037897,2608.519397257993,2571.3725002485785,2582.534633225252,585253.2109082495,588929.1191116212,580542.4115577186,583062.5021302747,219469.95409059356,220848.41966685792,217703.4043341445,218648.438298853,31414,18745.57941519659,83.0303545654107
2023-03-04 21:30:06.374644,226.76261846459653,2616.2866513606114,2649.6447331743657,2586.408687219358,2620.497080537316,593276.0117165032,600840.3776955464,586500.8063334413,594230.7796614724,222478.5043936887,225315.14163582987,219937.80237504048,222836.54237305216,28602,19104.641835824088,84.25087467768309
2023-03-05 21:30:06.374644,222.00512863364335,2622.1554254330517,2624.930070632897,2607.227954758957,2607.3063512461904,582131.9525206705,582747.9379851748,578817.9774734931,578835.3818957258,218299.48219525145,218530.47674444056,217056.7415525599,217063.2682108972,34698,18609.676629878017,83.82678319951744
2023-03-06 21:30:06.374644,224.13245553535245,2577.1762245127484,2589.94216564854,2553.3424444509546,2584.8749674479127,577628.8355473711,580490.0972813559,572286.9118974317,579354.3737059649,216610.81333026415,217683.78648050845,214607.5919615369,217257.89013973682,6869,18626.36232336564,83.10559800176549
2023-03-07 21:30:06.374644,224.93025953061783,2554.9532293807542,2604.5403394188565,2554.9532293807542,2570.351291598281,574686.2929732032,585839.9345034469,577100.3534627608,578149.7831040601,215507.35986495123,219689.9754387926,215507.35986495123,216806.16866402252,45488,18587.63448765625,82.63865132857335
2023-03-08 21:30:06.374644,223.8978931559048,2612.458362371027,2625.2088614026447,2591.7202887539725,2611.6414426878864,584923.9232923982,587778.7331622639,580280.7123014276,584741.0166964654,219346.47123464933,220417.02493584895,217605.26711303537,219277.88126117454,5714,18799.54400387299,83.9661595218508
2023-03-09 21:30:06.374644,222.91179493979956,2608.1969076618807,2618.6601231311793,2584.6499356404993,2596.361542949174,581397.8542433445,583730.2283844477,576148.9564446611,578759.6118514679,218024.19534125418,218898.8356441679,216055.85866674792,217034.85444430046,48532,18607.24060736458,83.47489970418678
2023-03-10 21:30:06.374644,226.64203442594902,2572.145998376101,2590.2842479773476,2562.1405929167627,2574.6697650562583,582956.4019125233,587067.2917030755,580688.7564639624,583528.3935273306,218608.65071719623,220150.2343886533,217758.2836739859,218823.14757274897,22132,18760.557919474362,82.77749337072221
2023-03-11 21:30:06.374644,227.85490101212216,2590.3183509356513,2606.10212346216,2583.763734110222,2591.0948971575344,590216.7314423263,593813.1413689518,588723.2298743956,590393.6713048449,221331.2742908724,222679.92801335693,220771.21120289835,221397.62673931685,45892,18981.278012630046,83.30557323637322
2023-03-12 21:30:06.374644,224.6506771876659,2595.6640433494013,2631.1157420165914,2594.6614367422344,2596.802554517964,583117.685090118,591081.9332031553,582892.4488368651,583373.4523951213,218669.13190879422,221655.72495118325,218584.66831382443,218765.0446481705,31446,18755.576530192946,83.48907854479283
2023-03-13 21:30:06.374644,225.08032037090052,2583.7892490033805,2589.8134768329146,2564.1450308214257,2581.0477565376414,581560.1119365693,582916.0470664282,577138.5850147391,580943.0559340863,218085.0419762135,218593.5176499106,216426.96938052715,217853.64597528236,33993,18677.43878388909,82.98255040550553
2023-03-14 21:30:06.374644,223.41265433536802,2649.656849366713,2671.9237907467445,2649.656849366713,2654.0086556287615,591966.8697949057,596941.5862725487,592038.01518647,592939.1183830632,221987.57617308962,223853.09485220574,221987.57617308962,222352.1693936487,31672,19063.114659949308,85.328296031918
2023-03-15 21:30:06.374644,223.42912985365635,2627.9512143870215,2647.8833877924308,2627.9512143870215,2637.0773400484404,587160.8531283517,591614.2812884145,587622.946164252,589199.8954438177,220185.3199231319,221855.35548315544,220185.3199231319,220949.96079143166,26389,18942.89787306513,84.78394200165384
2023-03-16 21:30:06.374644,221.46297081200126,2625.801942831156,2625.9563835148147,2603.3666713553466,2610.329849614436,581517.8990233125,581552.1019159298,576549.317151306,578091.4032948575,218069.21213374217,218082.03821847367,216205.99393173974,216784.27623557154,38761,18585.757564778083,83.92399085679862
2023-03-17 21:30:06.374644,225.42320444725212,2613.909032323382,2630.963913578065,2613.909032323382,2623.297050638525,589235.7501999526,593080.3161838506,590010.5696492381,591352.0273719617,220963.40632498224,222405.118568944,220963.40632498224,221757.01026448567,8574,19012.08935738046,84.34089573966033
2023-03-18 21:30:06.374644,224.6542063005564,2647.4664447366486,2647.4664447366486,2618.0894279244003,2634.4870561725447,594764.4728496677,593242.6812452569,588164.802454234,591848.5986135324,223036.67731862538,223036.67731862538,220561.80092033773,221943.22448007466,15203,19028.054224972107,84.70066250333707
2023-03-19 21:30:06.374644,221.7071821385797,2619.738094882758,2641.5578567489474,2610.3490035210434,2628.3180968141573,580814.7509575475,585652.3488758351,578733.1219689,582716.9990085015,217805.5316090803,219619.63082843815,217024.9207383375,218518.8746281881,36398,18734.471418740406,84.50232600235206
2023-03-20 21:30:06.374644,227.76640055225448,2609.2550214238267,2628.225155572664,2609.2550214238267,2617.117544899285,594300.6243526007,598621.3835256747,594702.5814955079,596091.4430238634,222862.73413222525,224483.018822128,222862.73413222525,223534.29113394878,29969,19164.462545777504,84.14222016491021
2023-03-21 21:30:06.374644,221.9534523215587,2637.2932031578434,2637.2932031578434,2613.9149133040205,2618.1547901336053,585356.3312250653,581489.023795179,580167.4390826351,581108.4943823797,219508.62420939948,219508.62420939948,217562.78965598816,217915.6853933924,48902,18682.757664042558,84.17556834869404
2023-03-22 21:30:06.374644,223.9531292981079,2656.607169392052,2681.390549421952,2648.0718490524914,2663.379082665853,594955.4889011388,600505.804413419,593043.9772015323,596472.0800701418,223108.30833792704,225189.67665503212,222391.49145057463,223677.0300263032,29234,19176.700105135733,85.62956203211384
2023-03-23 21:30:06.374644,225.4688048108959,2611.280846757041,2613.831320828459,2598.02808722686,2606.6664288265547,588762.3715438943,589337.423884478,585774.2876921782,587721.9642482095,220785.88932896036,221001.53395667928,219665.35788456682,220395.73659307856,43664,18895.382081025255,83.8062092313262
2023-03-24 21:30:06.374644,225.3882591941736,2643.338930570228,2643.338930570228,2623.5205954800444,2637.509580150016,595777.5600214122,594940.2811295242,591310.7399753089,594463.6928779678,223416.5850080296,223416.5850080296,221741.52749074082,222923.88482923794,31670,19112.130043658944,84.7978388332508
2023-03-25 21:30:06.374644,224.1719386905299,2615.440505605999,2619.384510385582,2610.6516955105617,2614.6473269861845,586308.3686714366,587192.5038690805,585234.8518283216,586130.5602825049,219865.6382517887,220197.18895090517,219463.0694356206,219798.96010593933,22384,18844.218116078475,84.06280087405547
2023-03-26 21:30:06.374644,223.60458198314322,2604.412787121062,2651.7559819330863,2604.412787121062,2618.5932319306717,582358.632575758,592944.7878614472,584834.8322884094,585529.4450097459,218384.48721590926,222354.29544804269,218384.48721590926,219573.5418786547,40485,18824.892136373004,84.18966456928229
2023-03-27 21:30:06.374644,224.92859048390613,2623.8188007473364,2626.5286744663786,2599.8368860752717,2618.3619958314257,590171.8645372713,590781.3926132849,584777.6462729785,588944.4730989899,221314.44920147676,221543.02222998184,219291.61735236694,220854.1774121212,10588,18934.685992122875,84.18223016160321
2023-03-28 21:30:06.374644,224.41788996321236,2635.0391537894675,2655.8244514003545,2603.930946726712,2631.165336843743,591349.926863881,596014.5194959736,584368.6886743187,590480.5730388176,221756.22257395537,223505.4448109901,219138.25825286953,221430.2148895566,21389,18984.071921258284,84.59386682668325
2023-03-29 21:30:06.374644,225.54038911745465,2659.907172735383,2659.907172735383,2620.3399380748633,2643.3834896385792,599916.498755047,596408.5460050111,590992.4892534117,596189.7408397404,224968.6870331426,224968.6870331426,221622.18347002938,223571.15281490266,21077,19167.622840783835,84.98668926772162
2023-03-30 21:30:06.374644,226.2162146952501,2600.173370883592,2606.4789291805796,2576.2176767906644,2595.5475035095833,588201.3775126748,589627.7970421596,582782.2110745754,587154.9313056443,220575.51656725304,221110.42389080985,218543.3291529658,220183.09923961663,11455,18877.15185524834,83.44872774798924
2023-03-31 21:30:06.374644,224.16273496385338,2555.5584403870353,2580.2694844215075,2555.5584403870353,2573.1333107248533,572860.9693571175,578400.264571697,575954.502543293,576800.6003586779,214822.86350891908,216900.09921438637,214822.86350891908,216300.2251345042,11736,18544.2579847826,82.72809525374487
2023-04-01 21:30:06.374644,225.16878122766465,2573.3233136908175,2606.7209632406875,2555.834517072051,2579.940762812126,579432.0742484968,586952.1822935096,575494.1432287105,580922.1172019779,217287.02784318628,220107.0683600661,215810.30371076643,217845.7939507417,25575,18676.765599343424,82.9469597573304
2023-04-02 21:30:06.374644,224.2672916657916,2581.928843406076,2584.53335164961,2544.622634703689,2570.0408937738525,579042.1889844703,579626.2949943689,570675.6265964673,576376.1107169923,217140.82086917636,217359.86062288834,214003.35997367525,216141.0415188721,33059,18530.610555458858,82.62867181422838
2023-04-03 21:30:06.374644,227.1363592483186,2603.2365231878016,2622.005488397875,2586.0187129353653,2604.467255346721,591289.6661391284,595552.7805638028,587378.8754041616,591569.210160915,221733.62480217314,223332.29271142604,220267.0782765606,221838.45381034314,35842,19019.071828733122,83.7355042148543
2023-04-04 21:30:06.374644,227.1182063198649,2620.1948756868883,2620.1948756868883,2588.52169470019,2601.3295373519545,595093.9603745075,592571.9855589522,587900.4043203641,590809.2985702599,223160.2351404403,223160.2351404403,220462.65162013654,221553.48696384748,10963,18994.640514733153,83.63462431404679
2023-04-05 21:30:06.374644,222.71374256511842,2586.7423350551767,2587.593263557159,2574.566168113504,2585.451229443529,576103.066491772,576292.5799631038,573391.2667820943,575815.519528955,216038.64993441448,216109.7174861639,215021.72504328535,215930.81982335812,21832,18512.587433415476,83.12412524132425
2023-04-06 21:30:06.374644,224.7630783262231,2581.0485325493933,2613.5593481037604,2575.4151393687102,2596.8986063163393,580124.4134851824,587431.6444680782,578858.2346924702,583686.924856739,217546.65505694342,220286.8666755293,217071.8380096763,218882.5968212771,26821,18765.654734334457,83.49216667951643
2023-04-07 21:30:06.374644,225.4188220987203,2650.4204595482765,2663.734209626781,2641.6968366008114,2647.6724532565618,597454.6580577214,600455.8279181347,595488.1892484705,596835.2057163232,224045.49677164556,225170.93546930054,223308.0709681764,223813.20214362122,39039,19188.374669377677,85.12458254719121
2023-04-08 21:30:06.374644,223.37339678002246,2614.5618538185076,2636.8262119641927,2600.479595911592,2620.9704842030087,584023.5623789126,588996.8276850412,580877.9605959124,585455.0799166063,219008.8358920922,220873.81038189045,217829.23522346717,219545.65496872738,28731,18822.501283327107,84.26609494761068
2023-04-09 21:30:06.374644,225.11090600556355,2618.9890524613234,2632.3948216052127,2614.1555046512785,2625.8244540687597,589562.9984182209,592580.7832559033,588474.9140914805,591101.7218669828,221086.12440683285,222217.79372096373,220678.09278430522,221663.14570011853,41174,19004.04198389219,84.42215358621247
2023-04-10 21:30:06.374644,224.1968043580479,2641.719801981719,2647.859051945613,2619.8929900655417,2635.312379974839,592265.1376136765,593641.5378367368,587371.6361327454,590828.6140755606,222099.42660512868,222615.5766887763,220264.36354977952,221560.73027833522,46989,18995.261512202953,84.72719725994949
2023-04-11 21:30:06.374644,227.85959541430867,2624.5510208280225,2648.0615595872237,2605.7809409241067,2631.030888348604,598029.133750084,603386.2355997281,593752.1909372836,599505.633741662,224260.9251562815,226269.83834989803,222657.07160148135,224814.61265312327,13856,19274.22947986311,84.58954421041375
2023-04-12 21:30:06.374644,224.17652239906553,2617.3540802268135,2623.0199070894064,2592.565173104504,2611.0502267312754,586749.3355922519,588019.4809548231,581192.244599499,585336.1596379089,220031.00084709446,220507.30535805866,217947.09172481214,219501.05986421584,20347,18818.677971897792,83.9471515016405
2023-04-13 21:30:06.374644,225.19391123290964,2610.9061486697387,2646.176471761658,2610.3205182056136,2619.2164444555333,587960.1674809911,595902.8294885089,587828.2870662377,589831.5954924966,220485.06280537165,223463.56105819083,220435.60764983913,221186.84830968623,22847,18963.20715960959,84.20970130228217
2023-04-14 21:30:06.374644,226.28169756761983,2640.6245394262,2675.6239445375504,2605.638298646477,2646.925155629993,597525.0034200748,605444.728222528,589608.2574649296,598950.7175503911,224071.87628252804,227041.773083448,221103.09654934861,224606.51908139666,45557,19256.38881013346,85.1005563885091
2023-04-15 21:30:06.374644,224.7391266490802,2631.7563545934436,2638.5741829740687,2596.5906078489334,2622.266261741727,591458.6246844975,592990.8574804025,583555.5054731736,589325.829505184,221796.98425668656,222371.5715551509,218833.31455244008,220997.186064444,12324,18946.946679050412,84.3077551317931
2023-04-16 21:30:06.374644,222.12862342525472,2635.8131589302216,2660.4854416214234,2635.8131589302216,2647.0814503906417,585489.5485993422,590969.9687902976,586506.0048416076,587992.5586697999,219558.58072475332,221613.7382963616,219558.58072475332,220497.20950117498,21099,18904.081747357253,85.10558137800061
2023-04-17 21:30:06.374644,224.76626125374358,2588.918723049645,2610.626091347036,2584.9283297833645,2599.8145359113246,581901.5820696848,586780.6660835473,581004.6762942907,584350.593189925,218213.09327613178,220042.74978133023,217876.753610359,219131.47244622186,18842,18786.991807803657,83.58591592300945
2023-04-18 21:30:06.374644,222.28204688773405,2583.996746957362,2583.996746957362,2543.6245141932186,2569.2939330619215,574376.0860649287,573644.1815915594,565402.0635286868,571107.9144972407,215391.03227434825,215391.03227434825,212025.77382325754,214165.46793646525,23260,18361.23696300285,82.60465648759534
2023-04-19 21:30:06.374644,220.845314536045,2538.912577498849,2563.135328859028,2533.409557703521,2543.232550948795,560706.946757254,566056.4279003212,559491.6306196568,561660.9926525948,210265.10503397023,212271.16046262044,209809.36148237129,210622.87224472305,10022,18057.516481886407,81.76676422102963
2023-04-20 21:30:06.374644,218.19164962375305,2565.590851620306,2600.5479437003596,2555.424503184645,2569.707831169067,559790.5001746439,567417.8457616403,557572.2878388172,560688.7907338555,209921.43756549148,212781.69216061512,209089.60793955647,210258.2965251958,29982,18026.25999015739,82.61796361081765
2023-04-21 21:30:06.374644,226.68097703640882,2606.3210414000746,2606.971027804493,2584.904746503229,2605.32946519709,590803.4001351194,590950.7396883334,585948.7334834026,590578.6286726209,221551.2750506698,221606.527383125,219730.775056276,221466.98575223284,33554,18987.224430061116,83.76322488456573
2023-04-22 21:30:06.374644,225.74849294094813,2568.809144036851,2569.486177910002,2545.72175837728,2559.5143153383638,579904.7929192461,580057.6322957799,574692.8504006515,577806.4993484183,217464.2973447173,217521.61211091746,215509.8189002443,216677.43725565687,17081,18576.597844277854,82.29023471115353
2023-04-23 21:30:06.374644,224.20973529879677,2570.749969495021,2599.9764509983543,2570.749969495021,2585.6364402761046,576387.1701798686,582940.0318614461,577779.4696981967,579724.8618532285,216145.18881745072,218602.5119480423,216145.18881745072,217396.8231949607,32274,18638.273593532296,83.1300799034226
2023-04-24 21:30:06.374644,224.27097110055604,2569.596037247468,2606.1794395868424,2541.3687584648997,2566.697734204132,576285.7986096302,584490.393778444,569955.2393855375,575635.7933715575,216107.17447861133,219183.8976669165,213733.21476957656,215863.42251433406,27745,18506.809200474458,82.52118681833657
2023-04-25 21:30:06.374644,223.26856560508693,2565.738077379729,2567.4055375420176,2535.8416209111065,2561.1109887632674,572848.6602549256,573220.9516935635,566173.7213025014,571815.5768166006,214818.24759559712,214957.8568850863,212315.14548843802,214430.84130622522,43669,18383.988452179805,82.34156891550042
2023-04-26 21:30:06.374644,223.09532341144288,2596.272504684972,2604.8946374050365,2580.619675944451,2589.7185749921223,579216.2540969306,581139.8115846098,575724.1812067602,577754.1030324885,217206.09528634898,217927.42934422867,215896.5679525351,216657.7886371832,26263,18574.913291939574,83.26132348424204
2023-04-27 21:30:06.374644,224.67749053590717,2613.1564171886744,2617.624660859297,2570.4435129153094,2611.791598151406,587117.4261917535,588121.3399667719,577520.7980461133,586810.7820754244,220169.03482190755,220545.50248753946,216570.2992672925,220054.04327828417,13011,18866.087386684172,83.97098712850342
2023-04-28 21:30:06.374644,220.13155527007623,2624.9742479585007,2624.9742479585007,2599.703364740551,2604.2018893547593,577839.6637470035,574116.530192778,572276.7449211878,573267.0121409341,216689.87390512633,216689.87390512633,214603.7793454454,214975.1295528503,21077,18430.65239650637,83.72697250646259
2023-04-29 21:30:06.374644,223.1769300983059,2643.1122782689854,2643.1122782689854,2627.1861311362222,2632.3422825102734,589881.6841692114,589440.0540805489,586327.3355438274,587478.0695786102,221205.63156345428,221205.63156345428,219872.75082893527,220304.27609197883,9860,18887.54081721355,84.63170648030844
2023-04-30 21:30:06.374644,222.89434849526322,2686.945744951475,2702.077079109391,2671.519928413484,2677.1451750200163,598905.0212630787,602277.7101320715,595466.6939358357,596720.529613324,224589.3829736545,225854.14129952682,223300.0102259384,223770.1986049965,34387,19184.687809070343,86.07215184850632
2023-05-01 21:30:06.374644,223.88673348934702,2625.0361914437244,2633.6107983731467,2602.042952384014,2618.387493039039,587710.7781936517,589630.5189300352,582562.8970082334,586222.2228258707,220391.5418226194,221111.4445987632,218461.08637808752,219833.3335597015,28461,18847.165085708293,84.18304991525194
2023-05-02 21:30:06.374644,221.96488883297542,2630.0458790322764,2658.8435699979614,2620.4114451810656,2632.1713307660343,583777.8411650243,590169.917438869,581639.3351262717,584249.6168228277,218916.69043688412,221313.7190395759,218114.7506723519,219093.6063085604,35922,18783.74539682445,84.62621025820356
2023-05-03 21:30:06.374644,222.0599906892212,2553.6234724354595,2604.6110999889233,2553.6234724354595,2584.936610320037,567057.6045127949,578379.9166125825,572724.681861391,574010.9996198944,212646.60169229808,216892.46872971844,212646.60169229808,215254.1248574604,37533,18454.571747038786,83.10757986464664
2023-05-04 21:30:06.374644,218.1200502569992,2597.5120673739293,2647.3812744898923,2597.5120673739293,2622.3732421583054,566569.4626787633,577446.9366411739,571159.3418936016,571992.1833721795,212463.54850453624,216542.6012404402,212463.54850453624,214497.06876456732,48687,18389.666389280465,84.31119462948881
2023-05-05 21:30:06.374644,223.06420511828165,2631.9541929679617,2632.800798087784,2627.9851069875126,2629.751587066506,587094.7699621269,587283.6172602291,586209.4089528519,586603.4474275298,220160.53873579757,220231.3564725859,219828.52835731948,219976.2927853237,6430,18859.421535092908,84.5484137497872
2023-05-06 21:30:06.374644,226.6167274974692,2570.840622113688,2597.453553924764,2570.840622113688,2581.256647104061,582595.4887009618,588626.4242171012,583286.9053587666,584955.934197812,218473.3082628607,220734.90908141294,218473.3082628607,219358.4753241795,7152,18806.45364576299,82.98926638815763
2023-05-07 21:30:06.374644,219.54539756313997,2587.01376511767,2601.614195469557,2584.329035194326,2592.215982123459,567966.9655640745,571172.4228502725,567377.5454657043,569109.0883648201,212987.61208652792,214189.65856885217,212766.5795496391,213415.90813680756,19745,18296.974291564435,83.34161692810967
2023-05-08 21:30:06.374644,224.59275462823823,2586.2802516701927,2616.7755473209413,2574.7088124363595,2599.0187655596947,580859.8059632218,587708.828416626,578260.944550682,583720.7838875351,217822.42723620817,220390.81065623474,216847.85420650576,218895.29395782566,27729,18766.74330914143,83.56033133119085
2023-05-09 21:30:06.374644,220.61821602113744,2606.7712289847377,2606.7712289847377,2579.992123649856,2592.3098991762045,575101.2181138408,574626.1737574125,569193.259668217,571910.7853301889,215662.9567926903,215662.9567926903,213447.4723755814,214466.54449882085,9250,18387.0494254819,83.34463642921872
2023-05-10 21:30:06.374644,218.65888583147628,2562.8306224013227,2562.8306224013227,2527.9153548200647,2554.030558008973,560385.6884690621,559051.5102900121,552751.1549612364,558461.4761937857,210144.63317589829,210144.63317589829,207281.68311046367,209423.05357266963,35516,17954.651369398973,82.11392795051917
2023-05-11 21:30:06.374644,221.03691559507513,2556.1928340285403,2570.0695573414173,2537.8173096657897,2550.959207324925,565012.9796999024,568080.247819547,560951.3104723179,563856.1549959593,211879.8673874634,213030.0929323301,210356.74142711918,211446.05812348472,35348,18128.09140290507,82.01518180670745
2023-05-12 21:30:06.374644,224.65500177025075,2635.448369059346,2635.448369059346,2598.374562814137,2614.0215908611713,592066.6580164318,589679.8971329725,583737.8420087844,587253.0251223901,222024.99675616194,222024.99675616194,218901.69075329416,220219.8844208963,20338,18880.30559164063,84.0426830054872
2023-05-13 21:30:06.374644,222.89705880576673,2588.183486603019,2612.0857022392984,2584.2211402960133,2593.4981348469278,576898.4868134675,582226.2203777353,576015.2914756661,578083.106275622,216336.9325550503,218334.83264165075,216005.73430337477,216781.16485335826,24503,18585.49081390246,83.3828390646367
2023-05-14 21:30:06.374644,224.6189011554476,2580.181746942095,2589.128827355433,2568.464590660454,2577.460315908564,579557.5887794765,581567.2721504698,576925.6940108277,578946.3039311544,217334.09579230368,218087.72705642617,216347.13525406038,217104.86397418292,42116,18613.242796140512,82.86721159704098
2023-05-15 21:30:06.374644,219.18248278525712,2530.022196387899,2553.272825608796,2530.022196387899,2549.3868177960494,554536.5465061091,559632.6771450648,557113.3808765924,558780.932304544,207951.20493979088,209862.2539293993,207951.20493979088,209542.84961420402,48949,17964.921949091568,81.96462834716509
2023-05-16 21:30:06.374644,222.35471128490664,2564.5888412001937,2564.7804374239927,2538.704863716179,2558.08947020121,570248.4113495623,570291.0136725885,564492.9870091992,568803.2455875499,213843.15425608587,213859.1301272207,211684.8701284497,213301.2170953312,15357,18287.141383344584,82.24442491041877
2023-05-17 21:30:06.374644,222.09995066251474,2578.5727964800662,2589.5221834799563,2572.995776772793,2582.864038683606,572700.8908779253,575132.7491903858,571462.2350760961,573653.9755596125,214762.834079222,215674.78094639466,214298.33815353605,215120.2408348547,20014,18443.093350038984,83.04094518892106
2023-05-18 21:30:06.374644,222.04271652605237,2535.121247243758,2556.9655522343246,2523.4770049825984,2540.1942614833506,562905.208460918,567755.5772816471,560319.6892773628,564031.6343236526,211089.45317284425,212908.34148061767,210119.88347901104,211511.86287136973,32248,18133.73309939727,81.66908101928563
2023-05-19 21:30:06.374644,224.11645777779918,2585.4391099771415,2601.444232821895,2576.620826129528,2586.764303976783,579439.4551282628,583026.4665665275,577463.1325886564,579736.4529133309,217289.79567309853,218634.9249624478,216548.67472074614,217401.16984249908,22385,18638.64624849958,83.1663415363796
2023-05-20 21:30:06.374644,222.93915340747617,2599.89678368175,2599.89678368175,2573.491568282777,2586.795685678002,579618.7879008296,578638.2173391851,573732.0315342405,576698.0402031656,217357.04546281107,217357.04546281107,215149.51182534016,216261.7650761871,19900,18540.960654679962,83.16735048074982
2023-05-21 21:30:06.374644,221.30245133848987,2536.1127868900267,2559.436823811113,2535.8590231617013,2551.401411163819,561247.976609652,566409.6431553978,561191.8180745129,564631.3866390354,210467.99122861953,212403.6161832742,210446.93177794234,211736.7699896383,40200,18153.015259742653,82.02939897965885
2023-05-22 21:30:06.374644,220.78374818786753,2531.6746778990996,2536.8095793774505,2516.715603443732,2535.858899828791,558952.6245788755,560086.3273738412,555649.904051198,559876.4327797625,209607.2342170783,210032.37276519043,208368.71401919925,209953.66229241097,43995,18000.142514781463,81.52969600941344
2023-05-23 21:30:06.374644,221.946746624664,2531.5251890385393,2552.536473193941,2522.5836515893566,2534.6671964393645,561863.7797054914,566527.1658661892,559879.2345588226,562561.1380259751,210698.91738955927,212447.68719982094,209954.71295955847,210960.42675974066,35483,18086.456340855682,81.49138188433342
2023-05-24 21:30:06.374644,224.77298413171394,2576.472672753062,2600.337140995791,2573.369852092543,2579.4367565771936,579121.4511885185,584485.5389301532,578424.0209294283,579787.6971548852,217170.54419569444,219182.07709880747,216909.0078485356,217420.38643308193,25098,18640.29376140963,82.93075559268871
2023-05-25 21:30:06.374644,223.85855684991378,2525.8634811378943,2535.588744987121,2521.375869935734,2535.411576267855,565436.1536874285,567613.237217701,564431.5635200093,567573.576483887,212038.55763278567,212854.9639566379,211661.8363200035,212840.09118145762,31770,18247.607268643485,81.51531423369893
2023-05-26 21:30:06.374644,222.11927203688282,2528.5319388820726,2528.5319388820726,2514.0884593303795,2516.932781179373,561635.6735864938,559836.2592795916,558427.4984227922,559059.2771213292,210613.37759493518,210613.37759493518,209410.31190854707,209647.22892049846,38081,17973.870792223806,80.92120761905807
2023-05-27 21:30:06.374644,218.54467043884264,2493.8750185125605,2518.4162035402287,2489.359251597674,2502.402158100927,545023.0940364901,550386.4392305405,544036.1972442976,546886.6549476157,204383.66026368376,206394.9147114527,204013.57396661158,205082.49560535589,30671,17582.518484684148,80.45403758743957
2023-05-28 21:30:06.374644,218.52324693218083,2492.931647272138,2525.0456532017265,2474.558192136215,2496.5341539962114,544763.5179418977,551781.1747896307,540748.490868233,545550.7494083373,204286.31922821165,206917.9405461115,202780.68407558737,204581.53102812648,7115,17539.568846718663,80.26537701532662
2023-05-29 21:30:06.374644,221.68879733272192,2495.5438222611524,2520.3621941766264,2492.943388061918,2508.596631272271,553234.1086481789,558736.0636698764,552657.6215180077,556127.7701796675,207462.79074306707,209526.02387620366,207246.6080692529,208547.91381737532,11156,17879.62224085865,80.65319437594712
2023-05-30 21:30:06.374644,219.43080928353356,2515.8379833033882,2529.508489946374,2515.8379833033882,2526.035702238475,552052.3647025154,555052.0950385018,553181.5051639124,554290.0584212876,207019.6367634433,208144.53563943817,207019.6367634433,207858.77190798282,27257,17820.539429696746,81.2138731087651
2023-05-31 21:30:06.374644,220.82097045338816,2533.830409768894,2540.546468386349,2518.483576609371,2523.2130572406086,559522.8900494733,561005.9366310015,556133.9874578012,557178.3559605316,209821.08376855246,210377.22623662557,208550.24529667548,208941.88348519936,8154,17913.398789883347,81.12312303247572
2023-06-01 21:30:06.374644,220.44837698948098,2492.5062631678447,2520.02330543495,2491.99360958724,2497.6675623268593,549468.9603514675,555535.0476588019,549355.9467016653,550606.7603742294,206050.8601318003,208325.6428720507,206008.48001312447,206477.53514033603,35867,17702.12063960357,80.30181691214362
2023-06-02 21:30:06.374644,219.44968195059758,2530.919178767879,2550.9327930437053,2512.5954396772545,2534.6466731547475,555409.4088232787,559801.3901107907,551388.2701076954,556227.4062809496,208278.52830872952,209925.52129154652,206770.60129038576,208585.27735535608,32452,17882.825562016125,81.49072204590311
2023-06-03 21:30:06.374644,218.52782071375398,2546.0986800706914,2564.7959814272863,2522.1056775551,2544.370762194892,556393.3958780137,560479.2763966987,551150.2573259019,556015.7977502429,208647.52345425513,210179.728648762,206681.3464972132,208505.92415634106,24717,17876.022304213053,81.80335853504886
2023-06-04 21:30:06.374644,222.30767811419483,2527.371333198658,2551.651928381269,2523.8564432143144,2539.679715093231,561854.0528157706,567251.8155540477,561072.6657845244,564590.300616096,210695.26980591397,212719.4308327679,210402.24966919667,211721.362731036,10143,18151.694335651235,81.6525379810385
2023-06-05 21:30:06.374644,219.0952439281072,2491.070707919348,2492.8865004074123,2472.057824716346,2492.521623024956,545781.7443937523,546179.5758918475,541616.112110614,546099.6329927344,204668.1541476571,204817.3409594428,203106.04204148025,204787.3623722754,19685,17557.21556689604,80.13637124519607
2023-06-06 21:30:06.374644,219.24887866846657,2500.752327284402,2528.4162923472118,2489.234643552376,2494.3754125203322,548287.1435846633,554352.4369042079,545761.9043415585,546889.0121732766,205607.67884424873,207882.16383907798,204660.71412808442,205083.37956497874,7826,17582.59426997417,80.19597191699752
2023-06-07 21:30:06.374644,219.50385176346495,2504.0337852613193,2519.7969373452,2487.6563552487332,2506.4537600193266,549645.0608107087,553105.1334090538,546050.1518409594,550176.2545912616,206116.89780401575,207414.42502839517,204768.8069403598,206316.09547172312,25003,17688.27979009972,80.58429951675299
2023-06-08 21:30:06.374644,216.72909806520556,2517.7484662656934,2552.6413137995446,2510.0980847033147,2526.9525317757307,545669.3542488184,553231.6496237566,544011.2939529493,547664.1430653419,204626.00784330687,207461.86860890873,204004.235232356,205374.0536495032,14305,17607.514887646023,81.24334984087741
2023-06-09 21:30:06.374644,220.88099418516214,2527.542451256749,2547.812158418977,2498.418787331144,2523.2981749563323,558286.0894787924,562763.2825486275,551853.2256365903,557348.6095099599,209357.28355454715,211036.23095573531,206944.95961372135,209005.728566235,15650,17918.872476529064,81.12585962854124
2023-06-10 21:30:06.374644,215.95527572581298,2503.357404320101,2544.1298783085917,2500.313524625417,2518.274415252354,540613.2384902029,549418.2693524109,539955.8966114612,543834.6456990826,202729.9644338261,206031.8510071541,202483.46122929794,203937.992137156,26693,17484.395759358365,80.96434212395242
2023-06-11 21:30:06.374644,220.09028752656556,2517.312016913569,2533.6871879639375,2494.872730825252,2519.73478845963,554035.9255965861,557639.9417013584,549097.2566695175,554569.1540827699,207763.4720987198,209114.9781380094,205911.47125106904,207963.4327810387,15371,17829.51241264049,81.01129417781375
2023-06-12 21:30:06.374644,215.6129045429784,2550.5353755777787,2563.542762694687,2527.4341226911024,2552.918083997106,549928.3404679412,552732.9009847328,544947.412234463,550442.0831509114,206223.12767547797,207274.83786927478,204355.27958792364,206415.78118159177,43034,17696.826232989693,82.07816110717783
2023-06-13 21:30:06.374644,215.6589901654616,2520.7230513334953,2523.0077041841596,2486.319399470854,2512.6326717694615,543616.5877373826,544109.2936640355,536197.1309186813,541871.8246505478,203856.22040151848,204040.98512401333,201073.9240945055,203201.93424395542,43767,17421.290658775328,80.78295599432415
2023-06-14 21:30:06.374644,218.44748542339548,2572.913008431672,2577.614600157546,2549.0291224221123,2571.1460344561087,562046.3769050423,563073.4277950469,556829.0020641149,561660.3858832719,210767.3913393909,211152.5354231426,208810.8757740431,210622.64470622697,32904,18057.496974127826,82.66420288572375
2023-06-15 21:30:06.374644,221.70770611102645,2526.8186739886,2533.694184911608,2523.0905829990656,2525.6854442602307,560215.171968518,561739.5257235995,559388.6254670552,559963.9262049445,210080.68948819427,210652.32214634982,209770.73455014572,209986.4723268542,22022,18002.955446403823,81.2026120616725
2023-06-16 21:30:06.374644,218.30958291409843,2550.6340168302913,2550.6340168302913,2520.9210479974045,2532.4832344126457,556827.8483807325,556352.9600439501,550341.2225476853,552865.3586415716,208810.4431427747,208810.4431427747,206377.95845538197,207324.50949058935,14968,17774.735038630773,81.42116592707077
2023-06-17 21:30:06.374644,219.77743496888007,2563.598126628423,2595.745028991127,2549.6741724380545,2575.2938779060537,563421.020561421,570486.1843048912,560360.8496248376,565991.4827772527,211282.8827105329,213932.31911433418,210135.3186093141,212246.80604146974,27690,18196.74263044151,82.79755904981927
2023-06-18 21:30:06.374644,218.55761521563974,2548.6947314802187,2557.309637798648,2533.362537570057,2554.8347582468596,557036.6424249819,558919.495805244,553685.6746879532,558378.5920324591,208888.7409093682,209594.8109269665,207632.12800798245,209391.97201217216,31759,17951.98662655797,82.13978356927225
2023-06-19 21:30:06.374644,216.12713309990403,2613.4832212612546,2629.584265173861,2581.1198885647104,2610.528949558112,564844.6360158972,568324.5084766443,557850.0417026347,564206.1377422987,211816.73850596143,213121.6906787416,209193.765638488,211577.301653362,14779,18139.34342021279,83.93039206385492
2023-06-20 21:30:06.374644,219.38884984647035,2520.018879686435,2549.200536374517,2489.2902271961552,2513.573835581386,552864.0436057977,559266.1737032105,546122.5198786233,551450.0727923813,207324.01635217413,209724.81513870397,204795.94495448374,206793.77729714298,8029,17729.233307368228,80.81321509095073
2023-06-21 21:30:06.374644,219.72334226757582,2519.480433376187,2551.0300090134974,2496.4420482687665,2527.0234719165837,553588.6615991762,560520.8398053297,548526.5906229262,555246.0432381253,207595.7480996911,210195.31492699863,205697.47148359736,208217.26621429698,34671,17851.274538262773,81.2456306176663
2023-06-22 21:30:06.374644,216.36205921961385,2538.269018779297,2558.2673888326312,2528.4137564518487,2551.8442755615747,549185.1117564373,553512.0002822126,547052.8069051212,552122.282268286,205944.416908664,207567.00010582973,205144.80258942046,207045.85585060724,29825,17750.84498033327,82.04363739005497
2023-06-23 21:30:06.374644,216.67385956577957,2540.7713623378695,2571.8295012174462,2532.1044379170517,2556.7800602261277,550518.7373519499,557248.2241739179,548640.8413871265,553987.4037100214,206444.52650698123,208968.0840652192,205740.31552017241,207745.27639125803,20941,17810.809018454907,82.20232643355659
2023-06-24 21:30:06.374644,215.62573968755922,2506.660626682265,2537.832055380794,2506.660626682265,2519.626240118603,540500.5517740442,547221.9141442825,543079.6651577714,543296.2717617576,202687.70691526658,205208.21780410592,202687.70691526658,203736.10191065908,31925,17467.086926496835,81.00780427021407
2023-06-25 21:30:06.374644,220.58471125871833,2516.6929726511303,2516.6929726511303,2488.765649797439,2502.6376794212547,555143.992699095,554776.200248875,548983.6522511846,552043.6099003264,208178.99726216064,208178.99726216064,205868.86959419423,207016.35371262237,41606,17748.315647515636,80.46160976807288
2023-06-26 21:30:06.374644,221.05761852561213,2540.486522660181,2540.8299043273105,2499.0277634341874,2521.1630007840527,561593.9005956731,561669.8077292541,552429.1260141482,557322.2888682086,210597.71272337742,210626.1778984703,207160.92225530557,208995.85832557824,25194,17918.026262480987,81.0572122360523
2023-06-27 21:30:06.374644,219.46172344255885,2564.388579701209,2564.388579701209,2539.3860927294127,2552.1446829098727,562785.137277643,560432.4720885521,557298.0483964625,560098.0705861636,211044.4264791161,211044.4264791161,208986.7681486734,210036.77646981133,22847,18007.26821586174,82.05329570337334
2023-06-28 21:30:06.374644,214.2127245432019,2509.1920527290013,2532.30340846959,2509.1920527290013,2520.565028869983,537500.8660172288,542451.6124983076,539371.3119098933,539937.1022225533,201562.8247564608,203419.35468686535,201562.8247564608,202476.4133334575,19069,17359.08893462427,81.03798700692793
2023-06-29 21:30:06.374644,218.3055883857447,2524.7965118004327,2535.2139479789275,2514.0817305829128,2526.0705000597904,551177.1880628692,553451.3725972865,548838.091444754,551455.3068194248,206691.44552357597,207544.26472398243,205814.28429178277,206795.7400572843,46145,17729.401582414637,81.21499188386485
2023-06-30 21:30:06.374644,216.61467863058087,2527.629058016454,2547.3830552537343,2518.4607343503853,2533.737376845179,547521.5560995521,551800.5618627749,545535.5626150455,548844.7076196094,205320.58353733202,206925.21069854058,204575.83598064206,205816.76535735355,7310,17645.470280980244,81.46148751250435
2023-07-01 21:30:06.374644,218.22577808191338,2529.451699720899,2529.451699720899,2507.277790722585,2521.1010905315134,551991.5652922115,550848.553185521,547152.6467479368,550169.2471043998,206996.8369845793,206996.8369845793,205182.2425304763,206313.46766414994,29509,17688.054497955243,81.05522177669758
2023-07-02 21:30:06.374644,218.30340664516945,2565.6560008818838,2571.0887451599333,2536.5207210719504,2548.2621576691804,560091.4452721371,561277.4318554674,553731.1144360685,556294.310044152,210034.2919770514,210479.03694580027,207649.16791352566,208610.366266557,10909,17884.97653176929,81.92846971142092
2023-07-03 21:30:06.374644,216.3213988249165,2519.998683623269,2531.8136349545543,2500.175428517798,2516.9138982771437,545129.6402783337,547685.4670773657,540841.4460046551,544462.3351971854,204423.61510437512,205382.05015401216,202815.54225174565,204173.37569894452,33377,17504.57610587659,80.92060052010686
2023-07-04 21:30:06.374644,216.8383849636344,2508.053498983761,2512.6694083176726,2490.328638009274,2511.2408810026755,543842.2701220311,544843.176447135,539998.8398946184,544533.4168912746,203940.85129576165,204316.19116767566,202499.5649604819,204200.031334228,34412,17506.861396967422,80.7382089154814
2023-07-05 21:30:06.374644,218.6525984385958,2578.597553241434,2578.597553241434,2560.8507805276304,2564.9479779208395,563817.0553436449,562118.4348405927,559936.6773758725,560832.5402322136,211431.39575386685,211431.39575386685,209976.25401595217,210312.20258708007,35122,18030.881566107688,82.46493088947673
2023-07-06 21:30:06.374644,217.14410290972012,2561.372910663236,2561.7386829694246,2546.8272123404754,2555.6384214473815,556187.022903227,556266.4482025236,553028.5102897357,554941.8123868048,208570.13358871013,208599.91807594636,207385.69135865092,208103.17964505183,44444,17841.493453793883,82.16562192188601
2023-07-07 21:30:06.374644,221.13241157115274,2529.2001322818037,2548.3884342468923,2496.270035549024,2526.032650417124,559288.1245975537,563531.2800850493,552006.2128937629,558587.6916942092,209733.04672408267,211324.2300318935,207002.32983516107,209470.38438532845,19198,17958.709223707858,81.21377499050344
2023-07-08 21:30:06.374644,219.82649223271602,2480.9108522948686,2491.1401075790013,2462.0362807498523,2482.1211063635387,545369.9302020589,547618.5915093226,541220.7993469224,545635.9761086849,204513.72382577206,205356.971815996,202957.7997550959,204613.49104075684,18870,17542.308902671197,79.80198711924828
2023-07-09 21:30:06.374644,213.41603243541337,2535.1172907568925,2558.316629940348,2500.371029700036,2530.039780677958,541034.6739517503,545985.7848754067,533619.2647750309,539951.0518960531,202888.00273190637,204744.6693282775,200107.2242906366,202481.64446101993,39520,17359.537419497592,81.34260712389145
2023-07-10 21:30:06.374644,216.73424541557745,2527.1271908340154,2559.8344764413614,2525.6853863315823,2533.9842454312347,547715.0047745983,554803.7936402982,547402.5163637267,549201.1633285001,205393.12679047434,208051.4226151118,205275.9436363975,205950.43624818756,29837,17656.930405365874,81.46942451593019
2023-07-11 21:30:06.374644,217.17388511176077,2586.0959190643466,2617.4087101082996,2573.1719495339826,2574.7204689304917,561632.4980148738,568432.8184995818,558825.7493408986,559162.0473144094,210612.18675557768,213162.30693734315,209559.65600283697,209685.76774290352,19650,17977.174875077464,82.7791235369168
2023-07-12 21:30:06.374644,215.5867456676415,2567.191063580745,2568.530764591178,2532.7257244692896,2550.7894188197647,553452.3669044242,553741.188685431,546022.0966070538,549916.3896868078,207544.63758915907,207652.94575703662,204758.28622764518,206218.6461325529,11852,17679.925079951383,82.0097229835795
2023-07-13 21:30:06.374644,214.86579577008655,2559.2246519559353,2575.604716984912,2547.094515908192,2554.90874317014,549889.8413969348,553409.3571041517,547283.490062237,548962.5002212038,206208.69052385056,207528.5089140569,205231.30877333888,205860.93758295142,43856,17649.25733735866,82.1421622380163
2023-07-14 21:30:06.374644,216.78397148390948,2518.7863309133836,2543.599447882203,2510.8218256593705,2529.414828135804,546032.504134788,551411.5901761834,544305.9270549185,548336.59197357,204762.18905054548,206779.34631606878,204114.72264559445,205626.22199008873,47920,17629.13425840953,81.32251444807831
2023-07-15 21:30:06.374644,213.08666693672455,2529.964728285197,2550.903384064587,2529.964728285197,2545.460780354642,539101.7514177687,543563.4997879342,541436.8347754783,542403.7535039246,202163.15678166325,203836.31242047535,202163.15678166325,203401.4075639717,20968,17438.39228086177,81.8384034065183
2023-07-16 21:30:06.374644,217.40357224026607,2562.6100187374172,2576.988298916606,2534.513669384482,2551.8336263540223,557120.5723322097,560246.4618058366,551012.3256159711,554777.7461321969,208920.21462457863,210092.42317718873,206629.62210598917,208041.65479957382,36735,17836.218689949746,82.04329501033718
2023-07-17 21:30:06.374644,212.68070150108014,2525.9100860322014,2554.5775002902546,2525.9100860322014,2545.617124483786,537212.3290259823,543309.3348006071,539126.9300205885,541403.635788374,201454.62338474335,203741.00055022765,201454.62338474335,203026.36342064023,28190,17406.238290521283,81.84342998324259
2023-07-18 21:30:06.374644,211.45631195041034,2517.42205857403,2539.2472680735873,2517.42205857403,2524.2609882517595,532324.7841286742,536939.8624369957,533315.1864847154,533770.9189760152,199621.7940482528,201352.44841387338,199621.7940482528,200164.0946160057,8962,17160.844874486083,81.15681477170607
2023-07-19 21:30:06.374644,214.53659530026425,2526.634533660597,2550.0205538376913,2511.857388867429,2538.2950795369593,542055.5704196154,547072.7275660324,538885.3320874302,544557.1842312727,203270.83890735576,205152.27283726216,202081.9995327863,204208.94408672725,39929,17507.625521838756,81.60802094738403
2023-07-20 21:30:06.374644,217.19558340217532,2540.590652641419,2546.0106068665928,2525.18624318467,2537.3974567983278,551805.0689865664,552982.259106516,548459.2992876418,551111.5209525088,206926.9008699624,207368.34716494352,205672.23723286565,206666.8203571908,45041,17718.348796055452,81.57916172772607
2023-07-21 21:30:06.374644,212.6351411459302,2508.642879227516,2518.5268736348594,2508.642879227516,2516.9664469846757,533425.6327092756,535527.3172551666,533702.8399085414,535195.5157141569,200034.61226597836,200822.74397068747,200034.61226597836,200698.31839280884,6050,17206.645952744242,80.92228999902505
2023-07-22 21:30:06.374644,214.3495511599594,2529.450252585039,2574.4921003405007,2526.972109698108,2539.7268880828424,542186.526323049,551841.2261728474,541655.3375075251,544389.3185294376,203319.94737114338,206940.4598148178,203120.75156532193,204145.9944485391,41830,17502.22860498449,81.65405462674111
2023-07-23 21:30:06.374644,216.78201679258243,2503.6081581019307,2533.6114237563697,2473.7699579947844,2504.262134331267,542737.2257716991,549241.394210632,536268.8405750112,542878.996057629,203526.45966438716,205965.52282898698,201100.8152156292,203579.62352161086,40012,17453.671426749905,80.51383716724057
2023-07-24 21:30:06.374644,214.26823451612657,2544.7080221218007,2544.7080221218007,2512.7584026201675,2528.8854338407255,545250.0952590626,543655.7517248762,538404.3066949856,541859.817202601,204468.7857221485,204468.7857221485,201901.6150106196,203197.43145097536,35898,17420.904616853168,81.30549403895785
2023-07-25 21:30:06.374644,215.95772394841813,2550.964837300068,2554.0712345469965,2525.4976225697997,2534.3222862005405,550900.5601357695,551571.4106148958,545400.7184073151,547306.4726796203,206587.71005091356,206839.27898058592,204525.26940274314,205239.9272548576,34222,17596.015711150343,81.4802927709274
2023-07-26 21:30:06.374644,216.14695966295213,2452.3004624236214,2478.444380446664,2452.3004624236214,2472.2837585706434,530057.2891329173,535708.2175272754,531408.1918096269,534376.6178391406,198771.483424844,200890.5815727283,198771.483424844,200391.23168967772,5374,17180.318217564964,79.48570927936224
2023-07-27 21:30:06.374644,219.06878432265077,2511.115029808587,2531.525876873027,2504.326671223492,2512.715823530038,550106.9168745042,554578.2963279065,548619.7994117212,550457.6008090137,206290.09382793907,207966.86112296494,205732.42477939546,206421.60030338014,41660,17697.325128890618,80.78562938351112
2023-07-28 21:30:06.374644,211.57080764067834,2505.647619757368,2511.91214643707,2482.3606395937422,2496.808544934649,530121.8905750096,531447.2815441207,525195.0453742789,528251.8003759707,198795.7089656286,199292.73057904528,196948.1420153546,198094.425140989,16837,16983.404075873543,80.27419888226885
2023-07-29 21:30:06.374644,217.60909594673407,2521.24371734745,2534.9787015571364,2501.7600529110973,2515.4792793205434,548645.5659933618,551634.4234900742,544405.7433896374,547391.1718456856,205742.08724751067,206862.90880877784,204152.15377111404,205271.68944213208,27503,17598.738806767153,80.87447648401445
2023-07-30 21:30:06.374644,214.58961986802015,2538.94913543705,2538.94913543705,2524.5221630416745,2528.774243970286,544832.1298376749,543540.8130643961,541736.2513155049,542648.7037456237,204312.04868912807,204312.04868912807,203151.09424331435,203493.2639046089,42104,17446.267481533687,81.30191920427882
2023-07-31 21:30:06.374644,214.03676464883898,2514.6359155664263,2514.6359155664263,2491.943644013916,2510.9978769015374,538224.535637609,537734.5246639759,533367.5552519767,537445.8616121088,201834.20086410336,201834.20086410336,200012.83321949127,201542.1981045408,16870,17278.99503639753,80.73039615803808
2023-08-01 21:30:06.374644,212.26171655340713,2490.1125325004496,2499.4648183275426,2483.884020959852,2492.6797192344698,528555.5605596972,530540.6928030541,527233.4860085173,529100.4760225734,198208.33520988646,198952.7598011453,197712.55725319398,198412.67850846503,32759,17010.68917253644,80.14145415257028
2023-08-02 21:30:06.374644,215.90420480651687,2517.572242236861,2546.348816470254,2517.572242236861,2531.7157575728606,543554.4330031091,549767.4163800256,543749.7414505923,546608.077434897,203832.9123761659,206162.7811425096,203832.9123761659,204978.02903808636,25840,17573.562160329762,81.39649099210251
2023-08-03 21:30:06.374644,218.2497163497739,2528.7374596504997,2541.0276161012075,2494.701569948023,2522.4222649307003,551896.2332917694,554578.5564510308,544467.9100184917,550517.9438354796,206961.08748441353,207966.95866913654,204175.4662569344,206444.22893830482,26056,17699.265169607752,81.09769848829553
2023-08-04 21:30:06.374644,216.04227125552012,2518.7363400547306,2523.424390465893,2506.702242806289,2509.0402327807406,544153.51959924,545166.336657828,541553.6458971769,542058.7505614301,204057.56984971502,204437.37624668548,203082.61721144133,203272.0314605363,26590,17427.300365272316,80.66745648498531
2023-08-05 21:30:06.374644,218.81786166726766,2517.7332337916755,2536.1298836532837,2505.6247399579674,2516.307037553125,550925.0024669094,554950.5180514678,548275.447738206,550612.9252556718,206596.875925091,208106.44426930044,205603.29290182726,206479.84697087694,37046,17702.318841810436,80.90108950931969
2023-08-06 21:30:06.374644,214.9249078532332,2519.5963128945245,2547.570781446794,2511.2357514648597,2526.205719744721,541524.0053762018,547536.4154520415,539727.1124813298,542944.5315344449,203071.50201607568,205326.15579451557,202397.66718049868,203604.19932541682,23246,17455.7784058142,81.21933929444343
2023-08-07 21:30:06.374644,217.1155312176974,2518.6714369158058,2528.880587396694,2495.093192862902,2516.709156764397,546842.6869888164,549059.2521187558,541723.4840060896,546416.6454913453,205066.00762080614,205897.21954453344,203146.3065022836,204906.2420592545,29633,17567.40758395529,80.9140179325284
2023-08-08 21:30:06.374644,214.21081781997214,2476.209259548418,2479.7917232828568,2460.7980192228906,2479.698173675065,530430.8105812542,531198.2130676188,527129.5561875029,531178.1737296269,198911.5539679703,199199.32990035706,197673.58357031358,199191.8151486101,10553,17077.487581328027,79.72408808253299
2023-08-09 21:30:06.374644,216.44486379199375,2507.392073941509,2510.819650415098,2477.432796780535,2492.892937989757,542712.1359173947,543454.0172403572,536227.6042529811,539573.872411216,203517.050969023,203795.25646513398,201085.35159486794,202340.202154206,16574,17347.41102145113,80.14830928962196
2023-08-10 21:30:06.374644,215.19812871326238,2503.1477393655996,2526.1243977533377,2491.252566523108,2510.7119707584934,538672.7094043101,543617.2432934352,536112.890467885,540300.5178452149,202002.26602661627,203856.46623503818,201042.33392545686,202612.6941919556,24918,17370.77282166972,80.72120406894702
2023-08-11 21:30:06.374644,216.92053402735954,2497.127244936321,2514.8462979526284,2484.0787956391896,2503.540415544642,541678.1755058558,545521.8019486123,538847.6989160931,543069.3238990214,203129.31581469593,204570.67573072962,202067.88709353493,203650.99646213301,14994,17459.790506012778,80.49063338674561
2023-08-12 21:30:06.374644,211.2052544583935,2521.0763084742634,2531.167190175181,2490.905859012245,2508.367646035412,532464.5632403342,534595.810477686,526092.4057845845,529780.4269561106,199674.2112151253,200473.42892913223,197284.65216921916,198667.6601085415,25294,17032.54973495726,80.64583233512022
2023-08-13 21:30:06.374644,211.83613211958254,2519.412470924925,2519.412470924925,2509.2326042419204,2511.3329564247124,533702.5930545763,532978.8639666643,531546.1294709556,531991.0599534472,200138.47239546612,200138.47239546612,199329.79855160834,199496.6474825427,40300,17103.62204068439,80.74116920683242
2023-08-14 21:30:06.374644,213.4598049856207,2503.3640869790306,2529.261934754125,2495.232807674526,2507.7198853400946,534367.6098145503,539895.7593501692,532631.9085199272,535297.3976832597,200387.85368045635,202460.90975631346,199736.9656949727,200736.5241312224,15736,17209.921479014265,80.625006360702
2023-08-15 21:30:06.374644,215.47621794535462,2566.0455805504134,2566.0455805504134,2513.1243528024447,2543.211193314241,552921.7967723949,550760.0381076302,541518.5307682379,548001.5293716448,207345.6737896481,207345.6737896481,203069.4490380892,205500.5735143668,46228,17618.361926814712,81.76607755764596
2023-08-16 21:30:06.374644,217.28090349397462,2520.5091499597893,2536.694867581736,2520.5091499597893,2525.345549146883,547658.505368093,551175.352716688,547663.9778539226,548709.3625531222,205371.9395130349,206690.75726875797,205371.9395130349,205766.01095742083,32654,17641.118909243898,81.19168418817442
2023-08-17 21:30:06.374644,217.46651037815707,2529.3764938876598,2529.3764938876598,2498.8205827324036,2515.812023869156,550054.6795582873,547111.9677243491,543409.7921879288,547104.8615982342,206270.5048343577,206270.5048343577,203778.67207047332,205164.3230993378,24471,17589.533873400018,80.88517446168939
2023-08-18 21:30:06.374644,213.12805521404616,2528.676955297779,2550.2226723592835,2528.676955297779,2537.407049997451,538932.0017471912,543523.9985227017,540322.4169637876,540792.6298523668,202099.5006551967,203821.49944601313,202099.5006551967,202797.23619463755,41840,17386.594323957266,81.5794701560098
2023-08-19 21:30:06.374644,214.367051372652,2492.357024236601,2507.1528326032267,2476.334756980313,2495.031908787598,534279.2262535176,537450.9600657459,530844.5800654825,534852.633367477,200354.7098450691,201544.1100246547,199066.71752455595,200569.73751280387,32469,17195.62221474656,80.2170787463661
2023-08-20 21:30:06.374644,214.1139959154672,2466.4720815576397,2493.715562158462,2457.6272819241763,2471.144639737285,528106.1931962464,533939.403690334,526212.3978036538,529106.6532992377,198039.8224485924,200227.27638387523,197329.64917637018,198414.99498721416,22398,17010.88777325224,79.44908578575675
2023-08-21 21:30:06.374644,219.49924827484884,2545.6933389511732,2552.0948773945356,2508.72699658079,2530.9115346992535,558777.7742380725,560182.9071141931,550663.6898763027,555533.1793166301,209541.66533927718,210068.5901678224,206498.88370361354,208324.9422437363,47516,17860.5060222682,81.37063464559466
2023-08-22 21:30:06.374644,211.7066846857052,2488.123727630069,2520.274153367656,2460.244810495642,2497.6738817497094,526752.4254644004,533558.8855085389,520850.27234524343,528774.256931307,197532.15954915015,200084.5820657021,195318.85212946628,198290.34634924014,36728,17000.201161628956,80.3020200861546
2023-08-23 21:30:06.374644,217.18803281578363,2482.250616553587,2489.629751578693,2482.250616553587,2486.2420582769314,539115.1283650396,540717.7881850244,539416.7942311403,539982.0217410316,202168.17313688985,202769.17056938415,202168.17313688985,202493.25815288682,39147,17360.533106386043,79.93447870101215
2023-08-24 21:30:06.374644,215.1071358940594,2507.0892509157516,2522.4741106093015,2487.909152292261,2502.2468907335333,539292.7881952702,542602.1813000817,535167.0121142055,538251.1619655058,202234.79557322635,203475.8179875306,200687.62954282708,201844.1857370647,39170,17304.885608458906,80.44904562938362
2023-08-25 21:30:06.374644,218.09898071106858,2529.357469214806,2538.4094779711527,2508.602782207341,2522.6450219269677,551650.2858896771,553624.5197728241,547123.7098083718,550186.307978123,206868.8572086289,207609.19491480905,205171.39117813943,206319.8654917961,26021,17688.603008555907,81.10486028668696
2023-08-26 21:30:06.374644,215.9191014865465,2499.951389588853,2504.925986134204,2465.551794828646,2492.531574039705,539787.2578000686,540861.3682163988,532359.7282079434,538185.1778935005,202420.2216750257,202823.01308114955,199634.89807797875,201819.4417100627,34892,17302.764206966967,80.13669117751073
2023-08-27 21:30:06.374644,217.42159556199448,2481.3815874794823,2485.413894694132,2445.41263989799,2468.413563205438,539505.9439479439,540382.6546163491,531685.5179740901,536686.4154189945,202314.72898047895,202643.49548113093,199382.06924028377,201257.40578212292,28957,17254.578685024255,79.36127970181613
2023-08-28 21:30:06.374644,211.8344826165732,2482.9427097239736,2494.6460145754977,2473.334532863927,2479.9419517989772,525972.8842809703,528452.0478090969,523937.5411069338,525337.2202784711,197239.83160536387,198169.5179284113,196476.57791510018,197001.45760442666,31707,16889.699726031093,79.7319257253678
2023-08-29 21:30:06.374644,216.94489122001488,2501.277423241846,2521.2623531261434,2496.8565921456147,2498.9362261686056,542639.3584962814,546974.9869360699,541680.2817750075,542131.4477519026,203489.75943610555,205115.6201010262,203130.1056656278,203299.2929069635,13388,17429.637594904278,80.3426053713764
2023-08-30 21:30:06.374644,219.07061671383903,2441.9366845074946,2458.756577786843,2434.2258340809753,2441.474008673538,534956.5754512042,538641.319844972,533267.3546928784,534855.2167709207,200608.7157942016,201990.4949418645,199975.2580098294,200570.70628909525,30961,17195.70527169884,78.49515355743044
2023-08-31 21:30:06.374644,219.73147227623207,2455.7640040790734,2463.238128321681,2440.146882836564,2453.557951649955,539608.6401792696,541250.9405030732,536177.0671359366,539123.9010311009,202353.2400672261,202969.10268865243,201066.40017597622,202171.46288666283,16791,17332.94434899373,78.88366105582828
2023-09-01 21:30:06.374644,217.88367654123462,2452.257822252131,2486.5070284177896,2452.257822252131,2475.7987258935445,534306.9501392958,541769.2930972881,537044.8018769574,539436.1287737899,200365.10630223592,203163.48491148304,200365.10630223592,202288.5482901712,40214,17342.98253516557,79.59871801866493
2023-09-02 21:30:06.374644,217.14434693347076,2457.4536075847955,2482.7521734151755,2438.0938279909637,2462.074157761982,533622.1587383022,539115.5992938934,529418.2920416236,534625.4850890007,200108.30952686333,202168.34973521004,198531.85951560887,200484.55690837523,28206,17188.319350855218,79.15746323603395
2023-09-03 21:30:06.374644,216.22144557800758,2454.1647359183535,2454.1647359183535,2405.4243769528184,2429.4123660273362,530643.0468868356,529554.2379420244,520104.3360133166,525291.0536875183,198991.14258256333,198991.14258256333,195039.1260049937,196984.14513281937,10522,16888.215460632662,78.10736303076298
2023-09-04 21:30:06.374644,218.0568461238227,2495.1229278448955,2506.8774559795443,2484.845929454196,2491.3322541923335,544078.6363370963,546641.7916698116,541837.6664804008,543252.0539957341,204029.48862641113,204990.67187617935,203189.1249301503,203719.52024840028,17620,17465.665316220875,80.09813217780422
2023-09-05 21:30:06.374644,216.1476221294382,2479.295266222039,2489.0171530554912,2474.5648723536165,2476.4431264866407,535893.7763506662,537995.1390723283,534871.3129642709,535277.2931288789,200960.1661314998,201748.17715212313,200576.74236160162,200728.9849233296,20178,17209.275113454187,79.61943596336877
2023-09-06 21:30:06.374644,214.36400800241276,2499.8141403581926,2500.9880840888572,2458.0410459686973,2482.116700509322,535870.1783882881,536121.8296715628,526915.5304482928,532076.4842509027,200951.31689560803,201045.68612683605,197593.32391810982,199528.6815940885,25970,17106.368449424597,79.80184546785159
2023-09-07 21:30:06.374644,216.23965315832217,2533.7717056485835,2551.1621837728767,2523.7361183914313,2537.827386211183,547901.91481182,551662.4257696746,545731.8229040934,548778.9137699975,205463.2180544325,206873.40966362797,204649.43358903503,205792.09266374906,18190,17643.35499517739,81.59298426901097
2023-09-08 21:30:06.374644,219.01765579917537,2488.0048736873982,2494.5220153228697,2461.5284065089245,2471.359313787732,544916.9950519374,546344.3641354495,539118.1812766643,541271.3235432478,204343.87314447653,204879.13655079357,202169.3179787491,202976.7463287179,39345,17401.984424615734,79.4559877115994
2023-09-09 21:30:06.374644,216.19553304144912,2427.1222750562165,2442.9956875030934,2425.6665402044196,2432.3245254630842,524732.9940125535,528164.7548776928,524418.2706403022,525857.6973122812,196774.87275470755,198061.7830791348,196656.85149011333,197196.63649210546,19000,16906.433169762127,78.20099106091224
2023-09-10 21:30:06.374644,214.22738860544777,2405.2904320400407,2439.1861047690345,2396.7443173284446,2418.1407216568273,515279.08809360716,522540.4695473644,513448.2762562193,518031.972081035,193229.65803510268,195952.67608026165,192543.10359608225,194261.98953038815,25660,16654.834493346036,77.7449715195019
2023-09-11 21:30:06.374644,217.32958840269282,2438.749013416263,2452.2155621134393,2429.06142100557,2435.6486596823906,530012.3193032297,532938.9987887918,527906.9188320007,529338.5207023444,198754.61973871113,199852.12454579695,197965.09456200025,198501.94526337914,21708,17018.34235797146,78.30786437804076
2023-09-12 21:30:06.374644,213.75997197188764,2462.964136731828,2483.7346851999023,2458.8155557632417,2478.941287492807,526483.14483556,530923.0566939362,525596.3442839918,529898.4201344175,197431.179313335,199096.1462602261,197098.62910649693,198711.90755040655,13799,17036.343239918257,79.69975364485691
2023-09-13 21:30:06.374644,221.55831013362578,2516.532574375203,2524.853465568493,2507.9364153510173,2513.3938814959342,557558.7045747929,559402.267166384,555654.1541077545,556863.3010844337,209084.51421554733,209775.850187394,208370.3077904079,208823.73790666263,33711,17903.269710790693,80.80742943707088
2023-09-14 21:30:06.374644,215.83555273946334,2454.0636809156586,2459.7967891202543,2420.830317482027,2437.2182104944923,529674.1910282732,530911.5996065272,522501.24966218387,526038.3396087644,198627.82163560245,199091.84985244772,195937.96862331894,197264.37735328666,24705,16912.24085676326,78.35832657078761
2023-09-15 21:30:06.374644,217.85612984838448,2465.5814811312603,2496.85375873791,2459.065379970509,2478.652411287678,537142.039305104,543954.896676033,535722.4667245222,539989.6215624997,201428.26473941398,203983.0862535124,200895.92502169582,202496.1080859374,46671,17360.777442209997,79.69046606612369
2023-09-16 21:30:06.374644,213.9936281533319,2385.545402874033,2409.316527974085,2371.668921210386,2389.229859829113,510491.5158855161,515578.3851909631,507522.0372283092,511279.96619710856,191434.31845706856,193341.89444661117,190320.76396061596,191729.9873239157,22447,16437.756114876174,76.8154664211138
2023-09-17 21:30:06.374644,217.8570843571341,2392.5544706202572,2411.7498422540193,2383.0145838998706,2393.3150940287155,521234.94113495573,525416.7888322388,519156.60922895494,521400.64833301626,195463.1029256084,197031.29581208952,194683.7284608581,195525.2431248811,42840,16763.138127990493,76.94680965257014
2023-09-18 21:30:06.374644,219.76157510980462,2458.8828548631723,2470.8451392575134,2424.753485954182,2454.0947549131497,540367.9691952239,542996.8196556357,532867.6453262806,539315.7288084237,202637.98844820895,203623.8073708634,199825.36699735525,202243.3983031589,22218,17339.111651505395,78.90091966862731
2023-09-19 21:30:06.374644,216.67175584710924,2388.942705677027,2415.100706619707,2388.942705677027,2403.421358563415,517616.4106571853,523284.1106508862,518904.95259340864,520753.52580037987,194106.15399644448,196231.5414940823,194106.15399644448,195282.57217514244,33736,16742.333005413446,77.27173336002106
2023-09-20 21:30:06.374644,214.88050941167677,2394.4113341687926,2394.5037572245515,2354.85576143537,2391.7726188630413,514512.32722728275,514532.1871405856,506012.60560825426,513945.3187381905,192942.12271023102,192949.5701777196,189754.72710309536,192729.49452682145,35879,16523.44774749841,76.89721796142047
2023-09-21 21:30:06.374644,218.5225972040825,2405.425720457093,2430.6218465729276,2387.744731646101,2409.062073642483,525639.8758157853,531145.798734099,521776.18021967105,526434.501158208,197114.95343091947,199179.67452528712,195666.06758237665,197412.937934328,23520,16924.97753209259,77.45308642572324
2023-09-22 21:30:06.374644,220.7123867862662,2443.5788441613367,2463.1583345653844,2421.324044968121,2449.5803183003477,539328.1189952742,543649.5550544104,534416.2091478906,540652.7186767315,202248.04462322782,203868.58314540389,200406.07843045896,202744.7695037743,36665,17382.096150872283,78.7557772694503
2023-09-23 21:30:06.374644,218.4297225776095,2429.9899485721926,2434.066749404592,2390.9511765758075,2414.7939388104264,530782.0303330036,531672.5248078288,522254.8021960627,527462.7701364544,199043.26137487637,199377.1968029358,195845.55082352352,197798.5388011704,40637,16958.036591321194,77.63737003264669
2023-09-24 21:30:06.374644,219.99915544958958,2452.1767961288074,2478.309465726915,2426.9226588627007,2457.8492438490007,539476.824161418,545225.9894026448,533920.9352912665,540724.7578691925,202303.80906053176,204459.7460259918,200220.35073422495,202771.7842009472,49544,17384.412225732787,79.02162920086165
2023-09-25 21:30:06.374644,217.51459109225766,2413.7982835314974,2443.4713904183013,2406.5767414565976,2421.906114210656,525036.3466215471,531490.6803324671,523465.5558500697,526799.9180963696,196888.62998308017,199309.00512467517,196299.58344377612,197549.9692861386,25402,16936.725761843158,77.86603161093305
2023-09-26 21:30:06.374644,221.6621347808836,2431.168583841207,2441.325616641323,2413.854413208454,2427.198841121771,538898.0183064595,541149.4478799728,535060.122282043,538018.0766607384,202086.75686492232,202931.04295498977,200647.5458557661,201756.77874777693,22410,17297.391867950697,78.03619660558364
2023-09-27 21:30:06.374644,220.05325401307496,2434.7008716275677,2445.3607186635595,2416.9407905373937,2430.0029088599863,535763.8493501162,538109.5833776678,531855.6857146873,534730.0473558776,200911.44350629358,201791.09376662545,199445.88214300777,200523.76775845408,25173,17191.68104925018,78.12634940955154
2023-09-28 21:30:06.374644,220.33367726785684,2434.822157074511,2450.616208468715,2428.5475619199797,2443.206437317202,536473.3193614823,539953.2807841247,535090.8147377174,538320.6586585987,201177.49476055586,202482.48029404678,200659.05552664402,201870.2469969745,27599,17307.119941441575,78.55085239015551
2023-09-29 21:30:06.374644,217.6953895268537,2459.6225959016115,2487.354907824721,2459.6225959016115,2466.1759505907,535448.4991038523,541485.695550434,535782.4095675128,536875.1342056011,200793.18716394462,203057.13583141274,200793.18716394462,201328.17532710038,28602,17260.646032844685,79.28933883938141
2023-09-30 21:30:06.374644,221.09627795133227,2439.7047091214754,2469.04143666879,2423.2100468868657,2444.0843450231237,539409.6304870959,545895.8717550796,535762.7220609593,540377.9516837324,202278.61143266095,204710.95190815485,200911.02077285975,202641.73188139967,18989,17373.262335510946,78.57907775726602
2023-10-01 21:30:06.374644,218.41949506187584,2427.2172922853433,2435.656470362673,2411.059937003674,2417.1151897200207,530151.5753864181,531994.8564008059,526622.4940042606,527945.0792450372,198806.84076990682,199498.0711503022,197483.43525159772,197979.40471688894,27411,16973.542928402687,77.71199992669702
2023-10-02 21:30:06.374644,219.27858832380278,2411.370848386038,2454.963816932632,2402.5945202441876,2429.7053250994823,528761.9955592611,538321.0001630022,526837.5347136497,532782.3537306407,198285.74833472288,201870.37506112581,197564.07551761862,199793.38264899026,19198,17129.06229843881,78.11678187662103
2023-10-03 21:30:06.374644,218.02217612840516,2430.665973983538,2457.698647751733,2405.552474955482,2430.1533619330685,529939.0850891605,535832.8074506716,524463.7853808651,529827.3242944074,198727.15690843516,200937.30279400182,196673.91951782443,198685.24661040277,21632,17034.05749403316,78.13118658456663
2023-10-04 21:30:06.374644,217.47494303400296,2472.4680654083054,2472.4680654083054,2433.91051317525,2453.5828251271346,537699.8516780627,535014.0283150268,529314.5502026484,533592.7851237316,201637.4443792735,201637.4443792735,198492.95632599315,200097.29442139936,17066,17155.117834482113,78.88446075609286
2023-10-05 21:30:06.374644,217.66713527333002,2497.5668974933756,2515.598171623604,2491.315739659169,2493.495769413773,543638.2317308817,547563.0475161367,542277.5601129686,542752.0809444638,203864.33689908066,205336.14281855125,203354.0850423632,203532.03035417394,33898,17449.591079747424,80.16769075550253
2023-10-06 21:30:06.374644,217.07004103197968,2494.132912342693,2511.3613537722185,2477.9960040029996,2493.089013559106,541401.5336214394,545141.3121094635,537898.6942660129,541174.934469653,203025.57510803977,204427.99204104883,201712.01034975483,202940.60042611987,28322,17398.88549606652,80.1546132608583
2023-10-07 21:30:06.374644,221.11100119154733,2503.9332134545944,2503.9332134545944,2473.163490446334,2496.9829315909856,553647.1797437137,553443.3343108486,546843.6554829708,552110.3959622878,207617.69240389264,207617.69240389264,205066.37080611405,207041.39848585794,48607,17750.462833149686,80.27980553927968
2023-10-08 21:30:06.374644,220.57328697311561,2516.2039322925402,2520.425257117533,2468.6589749559002,2512.3116008905704,555007.3720404444,555938.4835324743,544520.2245217052,554148.8277091233,208127.76451516664,208476.93132467783,204195.08419563944,207805.81039092122,36083,17815.998833240847,80.772633333566
2023-10-09 21:30:06.374644,222.14842043955312,2514.0741888319335,2524.4593445065693,2481.0574913781115,2501.9262623919512,558497.6099168648,560804.655846004,551163.0027293677,555798.9672466068,209436.60371882428,210301.74594225152,206686.1260235129,208424.61271747755,35582,17869.051158905826,80.43873719651972
2023-10-10 21:30:06.374644,220.3331879178778,2496.1661689431858,2510.2182177886184,2465.3577008936454,2483.305403589351,549988.2495760081,553084.3822949,543200.1215957868,547154.5961465338,206245.59359100304,207406.6433605875,203700.04559842002,205182.9735549502,12819,17591.1328493613,79.8400631308165
2023-10-11 21:30:06.374644,220.4397625418734,2494.0325584288566,2517.521152758099,2493.7423542260403,2500.8041266575365,549783.9449517581,554961.7651081388,549719.9724062006,551276.6678441244,206168.9793569093,208110.66191555205,206144.98965232522,206728.75044154664,5532,17723.658302601736,80.40265972181705
2023-10-12 21:30:06.374644,216.9174403607215,2473.4416452522946,2497.8651619996926,2468.28533943468,2479.0837347291654,536532.6305697395,541830.5173071923,535414.1379100655,537756.4981773485,201199.7364636523,203186.44399019712,200780.30171627455,201658.68681650568,11934,17288.982065886976,79.70433342643642
2023-10-13 21:30:06.374644,221.21997248029805,2551.7030269672773,2568.0890675404717,2513.65174175299,2540.2249897205375,564487.6734035943,568112.5928482574,556069.9691356497,561948.5023197427,211682.87752634787,213042.22231809652,208526.23842586865,210730.6883699035,37946,18066.75997684358,81.67006895431503
2023-10-14 21:30:06.374644,222.134733991044,2496.8948787122176,2527.3147050550583,2487.0010908711206,2509.878768700372,554647.0796863385,561404.3797190592,552449.3257560926,557531.2526350261,207992.65488237696,210526.6423946472,207168.4971585347,209074.2197381348,35121,17924.74449058083,80.69441602071701
2023-10-15 21:30:06.374644,221.88659272233343,2470.206750858749,2483.0820318100864,2460.5112998126583,2464.9046754915094,548105.7592677538,550962.6114883889,545954.4686702306,546929.29983016,205539.65972540766,206610.97930814582,204732.92575133647,205098.48743630998,12654,17583.889526432613,79.24846642633496
2023-10-16 21:30:06.374644,218.47892913658123,2493.439840163311,2525.616847942778,2493.439840163311,2497.5203380988564,544764.0661453685,551794.0643478459,545518.3923515058,545655.5689646704,204286.5248045132,206922.77413044218,204286.5248045132,204620.8383617514,9488,17542.938817022583,80.29708354683095
2023-10-17 21:30:06.374644,220.15400883711376,2486.4520354834713,2497.78987372048,2463.194615805134,2478.544061513006,547402.3833928877,549898.4539323119,542282.1692154945,545661.4112215101,205275.89377233287,206211.92022461694,203355.81345581045,204623.0292080663,38416,17543.12664678209,79.68698254257579
2023-10-18 21:30:06.374644,221.42536714311697,2455.9229333709054,2487.0782186492243,2442.946594904123,2459.8118680959783,543803.6371968535,550702.2076780539,540930.3466876729,544664.7459961484,203926.36394882007,206513.3278792702,202848.88000787733,204249.27974855568,21391,17511.083654711565,79.08472898856972
2023-10-19 21:30:06.374644,220.78968901694844,2473.3974884385643,2487.3913750863117,2448.4284323870706,2472.867035952519,546100.6622876519,549190.3681687465,540587.7521669959,545983.5438482198,204787.74835786945,205946.3880632799,202720.40706262348,204743.82894308242,49423,17553.483277013238,79.50446206865848
2023-10-20 21:30:06.374644,224.80408467214235,2458.56736137248,2480.1248745997073,2458.56736137248,2471.495100427707,552695.9852781446,557542.202306999,555005.5820973519,555602.1938233351,207260.99447930424,209078.32586512464,207260.99447930424,208350.82268375065,32268,17862.724852859283,79.46035335019232
2023-10-21 21:30:06.374644,223.11860815968728,2429.229953083976,2468.225163857893,2394.4856026683187,2441.5302174900457,542006.4060319192,550706.9631846892,534254.2949257653,544750.8239061976,203252.4022619697,206515.11119425844,200345.36059716198,204281.55896482407,37700,17513.851077231146,78.49696071149697
2023-10-22 21:30:06.374644,222.86139408243113,2467.57109608203,2477.8606143647917,2459.100343220744,2465.1295354323706,549926.3344703539,552219.4708592867,548038.5306787599,549382.2048602339,206222.3754263827,207082.3015722325,205514.44900453498,206018.32682258773,28661,17662.75092786246,79.25569583591462
2023-10-23 21:30:06.374644,226.36613301530562,2450.2706253188117,2453.74717665361,2423.6922279560276,2448.519415157559,554658.2862944142,555445.2597763017,548641.8372616565,554261.8716221143,207996.85736040532,208291.97241611313,205740.6889731212,207848.20185829286,7480,17819.63321830357,78.72166846681431
2023-10-24 21:30:06.374644,223.82713158154965,2448.707487173088,2480.38446100614,2448.707487173088,2455.6624425390173,548087.1729362166,555177.3391264525,548306.8457113892,549643.8806460502,205532.68985108123,208191.50217241968,205532.68985108123,206116.45524226883,23479,17671.163858219206,78.95132195859043
2023-10-25 21:30:06.374644,224.60237656250126,2427.7988447765247,2453.8466000861554,2408.3252186638956,2425.4518622078044,545289.3903525026,551139.7780991641,540915.5676473165,544762.2524898172,204483.52138218848,206677.41678718655,202843.33786774368,204285.84468368144,41520,17514.218508546077,77.98002997115451
2023-10-26 21:30:06.374644,224.06109974994115,2446.6255379768572,2446.6255379768572,2433.841159872453,2445.0544536464454,548193.608715386,547927.3604059895,545329.1268976941,547841.5898325141,205572.60326826974,205572.60326826974,204498.42258663528,205440.59618719277,14666,17613.21983772229,78.61026745049416
2023-10-27 21:30:06.374644,224.37271770480544,2446.4292196696024,2471.1151072546736,2434.708831803467,2450.550121639691,548911.9726897151,554450.8123761329,546282.2374116359,549836.590664139,205841.98975864315,207919.05464104985,204855.83902936347,206188.72149905213,41657,17677.35952495303,78.78695714757795
2023-10-28 21:30:06.374644,226.97652223404003,2454.424415363067,2497.350522820604,2454.424415363067,2472.8012685775257,557096.7178854259,566839.9364691824,559123.5828988649,561267.8321176491,208911.26920703473,212564.9761759434,208911.26920703473,210475.43704411841,30267,18044.876289790674,79.50234760002976
2023-10-29 21:30:06.374644,224.27492830705663,2443.244495229308,2451.415927754553,2426.4876179138,2442.6099028685,547958.4840041639,549791.1314479291,544200.3365455781,547816.1608479393,205484.43150156146,206171.67429297342,204075.12620459177,205431.06031797724,7262,17612.40229063591,78.53167337658141
2023-10-30 21:30:06.374644,222.80281174315755,2407.127416021843,2428.189842649906,2387.439449729779,2412.7571233401045,536314.756513708,541007.5243885744,531928.2222663315,537569.0711335076,201118.0336926405,202877.8216457154,199473.08334987433,201588.40167506537,21813,17282.956247862257,77.57188494349846
2023-10-31 21:30:06.374644,227.31086580063234,2457.362131673195,2464.037014548375,2445.9881430712576,2447.809980116068,558585.1137363215,560102.3871417964,555999.6825396086,556413.805895612,209469.41765112054,210038.39517817367,208499.8809523532,208655.17721085448,15511,17888.818347981352,78.69885961760149
2023-11-01 21:30:06.374644,227.01192233698998,2378.546401343782,2397.65913621552,2345.6246142237183,2381.861855740441,539958.3909367817,544297.2096211321,532484.7527558869,540711.0386127878,202484.39660129312,204111.45360792454,199681.78228345758,202766.63947979544,29170,17383.971148816483,76.57857976563541
2023-11-02 21:30:06.374644,222.69842983636138,2402.3842118341236,2440.1100430769725,2392.3446510293543,2420.508534785541,535007.191839124,543408.6752211779,532771.3974116552,539043.4501022517,200627.69693967147,203778.2532079417,199789.2740293707,202141.2937883444,5812,17330.35783507754,77.82109842254219
2023-11-03 21:30:06.374644,228.67415077032877,2469.7562130106126,2469.7562130106126,2432.0791028107733,2454.564536399018,564769.404619945,561850.5185883348,556153.6234415167,561295.4608720111,211788.52673247937,211788.52673247937,208557.60879056875,210485.79782700416,16209,18045.764559928342,78.9160234828562
2023-11-04 21:30:06.374644,226.33246638868556,2489.8689538298772,2504.2460395606613,2475.185614810782,2479.752189329014,563538.1813049323,566792.1825778623,560214.8649699193,561248.4290435786,211326.81798934963,212547.06846669834,210080.57436371973,210468.16089134198,35470,18044.252476966903,79.72582472483849
2023-11-05 21:30:06.374644,224.95297771511167,2524.520780241966,2524.520780241966,2482.6868453502193,2498.973573171197,567898.4668191073,567521.0084783791,558487.7985956687,562151.5465162332,212961.92505716524,212961.92505716524,209432.92447337578,210806.82994358748,45586,18073.287889539395,80.34380610449618
2023-11-06 21:30:06.374644,225.51070779263563,2454.404368437745,2468.7862731561067,2434.4148789259516,2455.3102710349995,553494.4663357326,556737.7398481767,548986.6224075147,553698.7570716308,207560.42487589974,208776.65244306627,205869.98340281803,207637.03390186155,43764,17801.528969638337,78.93999939026153
2023-11-07 21:30:06.374644,226.59099025114287,2458.2863396396942,2498.956528224176,2445.243009601847,2459.662082706541,557025.5360198156,566241.034324874,554070.0349503674,557337.2670036636,208884.57600743085,212340.38787182776,207776.26310638778,209001.47512637384,17663,17918.507812617787,79.07991328006625
2023-11-08 21:30:06.374644,228.91090209008956,2470.608180683661,2498.7064321064804,2452.7803305917414,2472.28892056257,565549.1473514518,571981.1434318036,561468.1581045836,565933.8870333118,212080.93025679444,214492.92878692632,210550.55928921886,212225.20763749193,42681,18194.890915422835,79.48587524113267
2023-11-09 21:30:06.374644,228.61473602518953,2425.0990651406833,2451.6074208221034,2407.3929967658655,2430.7617757185844,554413.3826120712,560473.5833486409,550365.5144645183,555707.9616960251,207905.0184795267,210177.59375574035,206387.06792419436,208390.48563600943,8007,17866.125311729204,78.15074752740317
2023-11-10 21:30:06.374644,226.797088164441,2424.9899049375304,2438.224897367452,2401.330854213328,2420.8668082257354,549980.6492679964,552982.307012981,544614.8454550126,549045.5429395409,206242.74347549866,207368.3651298679,204230.56704562972,205892.07860232785,9176,17651.927177840178,77.83261717252834
2023-11-11 21:30:06.374644,224.14836867032972,2433.021010623176,2443.3452620878566,2426.310150319842,2438.5608085317845,545357.6904718219,547671.8545953722,543853.462082455,546599.4271357998,204509.13392693322,205376.94547326458,203945.04828092066,204974.78517592492,44179,17573.284051433893,78.4014920678311
2023-11-12 21:30:06.374644,231.00579402813898,2448.1870848784047,2448.3199537698792,2437.165825557363,2438.1283844891395,565545.4014717707,565576.0949555475,562999.4267111234,563221.7834014574,212079.525551914,212091.0356083303,211124.7850166713,211208.1687755465,26553,18107.696225612697,78.38758932239585
2023-11-13 21:30:06.374644,229.07498030106865,2415.2188177671715,2428.1001454098655,2384.490519139308,2413.1683869635426,553266.2031027852,556216.9929787868,546227.118699922,552796.5007068352,207474.82616354444,208581.37236704506,204835.16951247075,207298.6877650632,43684,17772.5212418607,77.58510736616594
2023-11-14 21:30:06.374644,229.28648893795676,2462.332741068239,2471.3917905490316,2426.7750338137403,2451.593085596194,564579.6287965116,566656.7464450777,556426.7269454438,562117.1709009231,211717.36079869184,212496.27991690414,208660.02260454142,210793.93908784614,20305,18072.182706433996,78.82048919241224
2023-11-15 21:30:06.374644,228.69700467893657,2480.044955558366,2483.9410509638137,2480.044955558366,2481.514724275809,567178.8528053047,568069.878154474,567398.1335059102,567514.9845085547,212692.06980198924,213026.20430792775,212692.06980198924,212818.119190708,23102,18245.72352458059,79.78249149696364
2023-11-16 21:30:06.374644,232.62214838098163,2468.2968756907826,2481.6713783857026,2466.3801544767502,2474.901113893771,574180.5220652546,577291.7276156741,573734.650258599,575716.8141444535,215317.69577447049,216484.39785587782,215150.49384697463,215893.80530417006,36407,18509.414034994006,79.569859144269
2023-11-17 21:30:06.374644,226.34515162854413,2460.0788079498475,2465.623037466981,2449.9811831486227,2464.2784517105165,556826.9108035763,558081.8202742953,554541.362386855,557777.4798073708,208810.09155134112,209280.68260286073,207953.01089507062,209166.55492776405,20970,17932.66074483574,79.22833287927456
2023-11-18 21:30:06.374644,227.33586849961085,2466.5908602192985,2500.165026692683,2466.3997210597377,2483.1451640211644,560744.5754411565,568377.1877355339,560701.1226543135,564507.96247336,210279.2157904337,213141.44540082524,210262.92099536755,211690.48592751002,29574,18149.047147420268,79.8349113129122
2023-11-19 21:30:06.374644,229.56645964105394,2486.9602607652864,2486.9602607652864,2433.8122432645773,2455.3125097987318,570922.6623318791,566834.055159458,558721.6601173006,563657.4001868854,214095.99837445468,214095.99837445468,209520.6225439877,211371.52507008202,46996,18121.701394897293,78.94007136813322
2023-11-20 21:30:06.374644,228.21247296783832,2469.273979571169,2500.79588683574,2453.3263626120556,2469.8351291018107,563519.121313072,570712.8137225825,559879.6762088889,563647.1826351645,211319.67049240202,214017.30514596845,209954.87857833333,211367.6934881867,28276,18121.37289850709,79.40698407259025
2023-11-21 21:30:06.374644,231.67315452952352,2417.687321354318,2455.2008212970636,2417.687321354318,2439.9830298659226,560113.2484041887,568804.1192733677,563623.8618932299,565278.5655275428,210042.46815157076,213301.54472751287,210042.46815157076,211979.46207282855,9344,18173.822194172546,78.44721751140298
2023-11-22 21:30:06.374644,227.43215717227997,2484.0133467809983,2484.0133467809983,2457.7119709105373,2472.2611907358073,564944.5139031372,564153.7799332329,558962.7352523193,562271.6957023542,211854.19271367643,211854.19271367643,209611.0257196197,210851.88588838282,27717,18077.150710595237,79.48498370716503
2023-11-23 21:30:06.374644,228.9232548865943,2450.34714833538,2462.6091197881137,2437.3714315033744,2459.986002783543,560941.4447990197,563748.495215306,557971.0014673502,563148.0027326712,210353.0417996324,211405.6857057397,209239.1255502563,211180.5010247517,14125,18105.324161930013,79.09032754460247
2023-11-24 21:30:06.374644,227.65812707906773,2408.505511336448,2425.153279891034,2408.046198459311,2418.0446018879397,548315.853770468,552105.8535796509,548211.2874611159,550487.5052594583,205618.44516392553,207039.69509236907,205579.23279791843,206432.81447229686,48740,17698.286563125588,77.74188119947722
2023-11-25 21:30:06.374644,233.70758394555438,2467.2248574980226,2476.9969616844737,2445.5076779493616,2461.5491518581434,576609.1604962775,578892.9753557573,571533.6909338481,575282.7050439953,216228.43518610406,217084.86575840897,214325.13410019304,215731.01439149823,49869,18495.45733809141,79.14058391686284
2023-11-26 21:30:06.374644,234.09115893756533,2460.8838984862136,2489.3002038717345,2445.6899777775243,2464.589455979039,576071.1638074316,582723.169667852,572514.401299929,576938.6020554369,216026.68642778683,218521.18862544448,214692.90048747338,216351.97577078885,11916,18548.69476772881,79.23833189123536
2023-11-27 21:30:06.374644,232.6715815740464,2461.6366858325323,2470.391002919942,2436.980447286648,2452.8926127586137,572752.9009533493,574789.7817556775,567016.0949352115,570718.4036418416,214782.337857506,215546.1681583791,212631.03560070432,214019.4013656906,40547,18348.714108855504,78.8622699297061
2023-11-28 21:30:06.374644,230.40651283382996,2453.5531569348354,2468.148899720107,2453.5531569348354,2467.870475386392,565314.6269417902,568677.581139164,566269.6386782897,568613.4303593448,211992.98510317132,213254.09292718652,211992.98510317132,213230.0363847543,27439,18281.038784701155,79.34381903600534
2023-11-29 21:30:06.374644,230.14729689091166,2475.0938152392837,2494.7883683909704,2468.7914550338955,2477.18374600594,569636.1511287347,574168.7993000698,568185.6799634318,570117.1430453698,213613.5566732755,215313.29973752616,213069.62998628692,213793.92864201366,48330,18329.38345696276,79.64324741607665
2023-11-30 21:30:06.374644,231.61903457825053,2491.776154356862,2496.4008392758606,2473.9603282320413,2478.843203561596,577142.7872572422,578213.9523134092,573016.3028099972,574147.2696797947,216428.54522146584,216830.23211752845,214881.11355374896,215305.22612992302,28104,18458.95285750369,79.69660017559426
2023-12-01 21:30:06.374644,232.22181233034448,2482.135061194732,2491.0782639156023,2448.3296953643585,2477.696606803659,576405.9023593311,578482.7091032093,568555.5590397115,575375.1964366906,216152.2133847492,216931.01591370348,213208.3346398918,215765.698663759,41953,18498.43095539772,79.65973626131012
2023-12-02 21:30:06.374644,235.80531325130127,2464.8988970993673,2498.527772911713,2462.068691983962,2468.416500755149,581236.2565633033,589166.1241585226,580568.8791594997,582065.7261952489,217963.59621123874,220937.29655944597,217713.32968481237,218274.64732321835,12999,18713.532863787583,79.36137414616198
2023-12-03 21:30:06.374644,231.93310395608572,2472.53521405892,2502.8498645651252,2449.5948799353746,2476.0945087112254,573462.76683741,580493.7378246583,568142.1439383465,574288.2850940137,215048.53756402875,217685.15168424684,213053.30397687995,215358.10691025513,44349,18463.486532086346,79.60822764998233
2023-12-04 21:30:06.374644,233.3923125655355,2467.4983243447127,2490.487893205343,2448.830161027104,2465.1581993951195,575895.1401703963,581260.7288116633,571538.1343623485,575348.9729967184,215960.67756389861,217972.77330437375,214326.8003858807,215755.8648737694,29614,18497.58786640684,79.25661740302922
2023-12-05 21:30:06.374644,233.19546877601064,2447.519436946922,2463.653075410956,2435.835203579049,2446.6720064043075,570750.442437235,574512.7338219181,568025.7321597256,570552.825474595,214031.41591396314,215442.2751832193,213009.6495598971,213957.3095529731,24720,18343.39073670894,78.66227294048282
2023-12-06 21:30:06.374644,231.85732815329268,2452.9213845115682,2459.306999703346,2429.4404267481796,2452.1915564479114,568727.7983829277,570208.3500599083,563283.5662534281,568558.5823980769,213272.92439359787,213828.13127246563,211231.33734503554,213209.46839927882,45979,18279.275411460803,78.8397304627425
2023-12-07 21:30:06.374644,236.80856566586547,2498.494273478141,2498.494273478141,2480.5310354593735,2495.2666853420583,591664.8452267372,591618.9894924836,587410.9965967983,590900.5247096713,221874.31696002645,221874.31696002645,220279.12372379936,221587.69676612673,30227,18997.573453886038,80.2246269822386
2023-12-08 21:30:06.374644,238.35793384864826,2436.325711451529,2481.9368050078533,2436.325711451529,2451.35895324845,580717.5627639245,591589.3287845873,581732.7744216794,584300.8552176856,217769.08603647168,221845.99829422025,217769.08603647168,219112.8207066321,24404,18785.39272176201,78.81296166825115
2023-12-09 21:30:06.374644,236.86167516137635,2468.8403791465175,2488.7632645373806,2430.096881943884,2461.5426731349116,584773.6679106917,589492.6359184196,575596.8182616658,583045.1210399475,219290.12546650937,221059.73846940734,215848.80684812466,218641.9203899803,39463,18745.020609566214,79.1403756212295
2023-12-10 21:30:06.374644,236.8218649905091,2451.612091451098,2465.3650702599302,2449.797809458397,2452.006760482926,580595.3477307316,583852.3538214142,580165.6860856015,580688.813986903,217723.25539902435,218944.63268303033,217562.13228210056,217758.30524508865,30926,18669.264852973993,78.83378913893696
2023-12-11 21:30:06.374644,233.73637664095352,2499.143989825672,2516.449240027004,2487.251902537901,2497.735353530714,584140.8608858687,588185.7273647931,581361.2474925271,583811.6113422802,219052.82283220073,220569.64776179742,218010.46780969767,218929.35425335506,9051,18769.663430500263,80.30399644833263
2023-12-12 21:30:06.374644,238.2030109127373,2458.1828006322157,2488.751371632905,2458.1828006322157,2472.6099552400174,585546.5444844989,592828.0701361628,588119.5983272857,588983.1361509807,219579.9541816871,222310.52630106104,219579.9541816871,220868.67605661775,8601,18935.929017199738,79.49619673798824
2023-12-13 21:30:06.374644,233.8975581455744,2425.2264524562643,2450.7757320448263,2414.5797039651593,2446.3960868138115,567254.5451795742,573230.4592877175,564764.2967053147,572206.0709626392,212720.4544423403,214961.42223289405,211786.611264493,214577.2766109897,11378,18396.542919323536,78.65340192627234
2023-12-14 21:30:06.374644,235.18609688032407,2492.1476954003997,2492.1476954003997,2481.308012078393,2485.741002865836,586118.4893305148,584972.829552781,583569.1465185933,584611.7243193984,219794.43349894305,219794.43349894305,218838.4299444725,219229.3966197744,41830,18795.387227346913,79.91836940748905
2023-12-15 21:30:06.374644,238.19829564798928,2461.272256553707,2483.1285086058556,2453.521077607827,2456.913982793311,586270.8566367736,591476.9786248483,584424.5390226025,585232.7232550799,219851.5712387901,221803.86698431813,219159.20213347592,219462.27122065498,40466,18815.352470906633,78.9915598821133
2023-12-16 21:30:06.374644,236.14124018485614,2433.102598857789,2433.102598857789,2421.9080742940077,2429.8011418114183,574555.8651912748,573792.2214233042,571912.3762775037,573776.2550299278,215458.44944672805,215458.44944672805,214467.1411040639,215166.09563622292,8681,18447.024660170006,78.11986245314573
2023-12-17 21:30:06.374644,236.6470417767325,2429.252237746659,2430.955756450114,2413.094983406987,2428.242656819514,574875.3557922544,575278.4884540385,571051.7893495369,574636.4414524115,215578.25842209542,215729.43317026444,214144.42100607633,215488.6655446543,49749,18474.679830645946,78.06975603451426
2023-12-18 21:30:06.374644,241.406490219151,2398.475585660872,2420.402563754951,2382.279570612678,2399.9200912017927,579007.5730107138,584300.8878335176,575097.7498623928,579356.2860234496,217127.83987901767,219112.83293756912,215661.65619839728,217258.6072587936,18837,18626.423804766255,77.1591650843729
2023-12-19 21:30:06.374644,232.7998117020058,2426.6749752267706,2440.553399599982,2407.993635029748,2423.872689692595,564929.4772947618,568160.371875566,560580.4648145539,564277.1057500704,211848.5539855357,213060.13945333724,210217.67430545768,211603.9146562764,34899,18141.625056265126,77.92925843370023
2023-12-20 21:30:06.374644,234.01226952936042,2447.8631631027656,2447.8631631027656,2406.4061138160664,2432.496222269861,572830.0142949971,572585.7896669453,563128.5561034261,569233.9615949658,214811.2553606239,214811.2553606239,211173.20853878482,213462.73559811217,36193,18300.988991607697,78.20651123731609
2023-12-21 21:30:06.374644,237.89773211616532,2417.2001857184973,2435.57212610223,2417.2001857184973,2420.270558674919,575046.4422532042,579417.0852050675,575134.4630914611,575776.8770162876,215642.41584495158,217281.40695190034,215642.41584495158,215916.32888110785,17899,18511.345068682087,77.81344731862713
2023-12-22 21:30:06.374644,238.2830172061386,2397.54966982765,2414.199883833447,2384.9806456712136,2396.193324710745,571295.3692281139,575262.832458543,568300.3842287813,570972.1752212849,214235.76346054272,215723.5621719536,213112.644085793,214114.56570798182,5466,18356.87291735098,77.03934684877088
2023-12-23 21:30:06.374644,236.59036443111177,2397.7019594752633,2414.631627526782,2392.266920821926,2405.3421042662358,567273.1803894433,571278.5767234499,565987.302613753,569080.765029846,212727.44264604122,214229.4662712937,212245.2384801574,213405.28688619225,22106,18296.063690517167,77.33348672227356
2023-12-24 21:30:06.374644,235.92346805732393,2411.0694661737243,2420.940765571953,2381.377962211953,2405.008853295107,568827.8701868257,571156.741375088,561822.9476003269,567398.0293779494,213310.45132005966,214183.778015658,210683.60535012255,212774.26101673103,10487,18241.96339306679,77.3227724627488
2023-12-25 21:30:06.374644,240.85712042277908,2442.0955871276055,2451.9822110213768,2411.5221104856487,2427.9299915112674,588196.110912731,590577.3746744879,580832.2713674363,584784.2263435064,220573.54159227415,221466.51550293295,217812.1017627886,219294.08487881487,24126,18800.93320291623,78.05970361892608
2023-12-26 21:30:06.374644,236.61707532488197,2437.7189706838903,2456.77466773893,2428.3303118489985,2446.5987841185815,576805.9333072038,581314.8366126443,574584.4163124686,578907.048791551,216302.22499020142,217993.0637297416,215469.1561171757,217090.14329683164,12567,18611.980735325073,78.65991879108722
2023-12-27 21:30:06.374644,237.5124291546471,2394.4241140291065,2394.4241140291065,2349.1429050550373,2375.5773145066632,568705.4877495167,566552.361809895,557950.6378110264,564229.1386131507,213264.55790606877,213264.55790606877,209231.4891791349,211585.9269799315,44142,18140.082902943373,76.37652722383858
2023-12-28 21:30:06.374644,238.90291129555587,2414.1140861334975,2436.5157350276254,2392.8770035287334,2426.0561256597252,576738.8833769029,582090.7025155309,571665.2825152006,579591.8713865252,216277.0812663386,218284.01344332407,214374.4809432002,217346.95176994696,49315,18633.99792266349,77.99945747776698
2023-12-29 21:30:06.374644,239.63518792218434,2415.291070099846,2432.927460553448,2401.5707113358594,2405.2349411622854,578788.7294701503,583015.0292107682,575500.8487193825,576378.9271224283,217045.77355130637,218630.63595403807,215812.81826976844,216142.09767091062,32650,18530.701103473133,77.33004135104684
2023-12-30 21:30:06.374644,241.72126449424906,2396.8982014156486,2424.649524343647,2396.8982014156486,2399.2590501609766,579381.2641101818,586089.3489797259,579505.92329003,579951.9314541821,217267.97404131817,219783.50586739718,217267.97404131817,217481.9742953183,17786,18645.573927925096,77.13791213725068
2023-12-31 21:30:06.374644,240.80023215396378,2413.3361039175074,2413.3361039175074,2391.557372680878,2397.7144954682544,581131.8940888783,580737.7200578402,575887.5705510791,577370.2071476798,217924.46028332936,217924.46028332936,215957.83895665465,216513.8276803799,14195,18562.57096025205,77.08825358780376
2024-01-01 21:30:06.374644,239.2418687311038,2411.631299820173,2411.631299820173,2380.0868270124943,2389.274715260968,576963.178859399,572924.8713159633,569416.4202367525,571614.54779101,216361.19207227463,216361.19207227463,213531.1575887822,214355.45542162875,6647,18377.52532764307,76.81690855565991
2024-01-02 21:30:06.374644,238.0696952971629,2366.183277024998,2392.2631366105065,2342.830867912845,2367.710890011922,563316.5317785837,569525.3560034984,557757.0308567986,563680.2101369126,211243.69941696886,213572.0085013119,209158.8865712995,211380.07880134223,47652,18122.434739484073,76.12361599215271
2024-01-03 21:30:06.374644,240.19004085279255,2384.6601545956128,2426.0433901639576,2372.529574465795,2390.4679948420458,572771.6199523468,582711.4609941283,569857.9754153979,574166.6053384041,214789.35748213006,218516.7978727981,213696.7407807742,215312.47700190154,18189,18459.57450290651,76.85527335644045
2024-01-04 21:30:06.374644,242.9271575691678,2383.7413011727085,2406.9711148215792,2383.7413011727085,2396.255541391956,579075.4986741156,584718.6512746973,580955.2332553187,582115.5474797152,217153.31200279336,219269.49422801146,217153.31200279336,218293.3303048932,35244,18715.134628334465,77.0413471600288
2024-01-05 21:30:06.374644,239.3199236509821,2431.2925838741116,2438.9440767182846,2403.961149580843,2424.952872991428,581856.7555459514,583687.910229235,575315.7987776145,580339.5364215383,218196.28332973178,218882.9663359631,215743.42454160543,217627.32615807687,12134,18658.035507379704,77.96398710728465
2024-01-06 21:30:06.374644,239.44121302862598,2410.09722474856,2410.09722474856,2361.5836335470563,2386.840526759342,577076.6030107202,574032.3501885491,565460.4498850573,571507.9910331415,216403.7261290201,216403.7261290201,212047.66870689648,214315.49663742806,22941,18374.099505952337,76.73864763641848
2024-01-07 21:30:06.374644,240.75328887369972,2367.372015058017,2390.7664302171697,2361.3882260409932,2372.5518184640223,569952.5986127753,575584.8810036181,568511.9817270006,571199.6533184904,213732.22447979075,215844.33037635678,213191.9931476252,214199.8699944339,16100,18364.18638498233,76.27925533988208
2024-01-08 21:30:06.374644,239.59906629857466,2373.5498387260427,2373.5498387260427,2355.010485111221,2365.0969117928285,568700.3251718923,567825.7427277123,564258.3133560019,566675.0117712041,213262.6219394596,213262.6219394596,211596.8675085007,212503.12941420154,14351,18218.718228240872,76.0395747035809
2024-01-09 21:30:06.374644,239.74718035112664,2345.750515263905,2364.6256451566414,2330.0136763523356,2360.119430151777,562387.0718417238,566912.3310122686,558614.209085035,565831.9786707964,210895.1519406464,212592.1241296007,209480.32840688812,212186.99200154864,47528,18191.614540599163,75.87954507215512
2024-01-10 21:30:06.374644,241.3508486992925,2354.2936242025216,2367.769375409328,2334.745238560433,2353.7720208899977,568210.7642886118,571463.148279235,563492.7448231926,568084.8748864498,213079.03660822945,214298.68060471312,211309.7793086972,213031.82808241865,30179,18264.045617491312,75.6754712778304
2024-01-11 21:30:06.374644,240.62999035416308,2380.2130843766954,2387.069610637243,2350.315389451908,2371.00993984109,572750.651534417,574400.5373823555,565556.3694930536,570536.0989535862,214781.49432540635,215400.20151838334,212083.6385598951,213951.03710759484,6480,18342.852975616843,76.2296828280126
2024-01-12 21:30:06.374644,237.46799440471253,2343.7253836454984,2346.259424328057,2325.819482325255,2344.735881108471,556559.7662897119,557161.519848339,552307.687815185,556799.7270955951,208709.91235864197,208935.56994312714,207115.38293069438,208799.89766084816,49657,17901.225793968464,75.38495285445275
2024-01-13 21:30:06.374644,240.49220021554925,2352.9064373755737,2354.552716745269,2332.614296290164,2353.4288032583045,565855.6460257812,566251.5633735687,560975.5443690666,565981.2709462366,212195.86725966795,212344.33626508826,210365.82913839997,212242.9766048387,35986,18196.41431797314,75.66443658296669
2024-01-14 21:30:06.374644,242.00451873877307,2375.444878217949,2396.8677100516256,2361.371285844072,2370.5254059649587,574868.3945436181,580052.8166515487,571462.5215942524,573677.8600285845,215575.6479538568,217519.80624433077,214298.44559784466,215129.19751071918,5824,18443.861240630933,76.21410471377686
2024-01-15 21:30:06.374644,240.65508964538174,2391.9612596276093,2403.781635078362,2366.2913471495312,2394.7420886387135,575637.6513639626,578482.2848777055,569460.0562753616,576306.8720189183,215864.11926148596,216930.85682913958,213547.52110326057,216115.07700709434,39681,18528.38451706913,76.99268856041003
2024-01-16 21:30:06.374644,241.29536651207317,2390.4447892796234,2417.175643407485,2390.0070793151567,2390.1771167326224,576803.2515561022,583253.2828000654,576697.6341698003,576738.6634107684,216301.21933353832,218719.9810500245,216261.61281367514,216276.99877903814,33023,18542.26669916308,76.84592141503761
2024-01-17 21:30:06.374644,242.42903088868155,2398.0416902775937,2415.965764126404,2375.2101612015776,2400.3567505044252,581354.9230046528,585700.2388573971,575819.8975370475,581916.1608118926,218008.09612674481,219637.58957152392,215932.46157639282,218218.5603044597,7040,18708.724305937903,77.17320399647708
2024-01-18 21:30:06.374644,240.08438293472864,2418.5268214110665,2428.9021314117226,2410.762896798915,2420.316408439127,580650.5195295665,583141.4694288305,578786.5224799063,581080.1714269065,217743.94482358743,218678.05103581146,217044.9459299649,217905.06428508993,45428,18681.847075196325,77.81492142167689
2024-01-19 21:30:06.374644,243.93939310078636,2428.998077470812,2433.5947997287126,2413.1689768043816,2420.9891267247694,592528.3168612067,593649.6384990519,588666.9756513064,590574.618276843,222198.1188229525,222618.61443714448,220750.1158692399,221465.48185381613,11723,18987.095495011672,77.8365498006581
2024-01-20 21:30:06.374644,243.25895617028232,2427.043541169379,2451.6353746986647,2407.317163430644,2424.985492868265,590400.0784046887,596382.2621593361,585601.4603469433,589899.4397232117,221400.02940175828,223643.34830975105,219600.54763010377,221212.28989620437,6638,18965.388365586794,77.96503585989566
2024-01-21 21:30:06.374644,246.3483431450257,2383.338801087,2385.341666965026,2376.6022565449734,2382.5420783930304,587131.5648010344,587624.9674916278,585472.0282145835,586935.2934854289,220174.3368003879,220359.36280936043,219552.0105804688,220100.73505703584,40240,18870.090454135447,76.60044941543654
2024-01-22 21:30:06.374644,243.8870589358091,2386.9286779901727,2401.801776446846,2382.2264982046363,2382.8015880684993,582141.0151645622,585768.3714044229,580994.2143660802,581134.4713416016,218302.88068671082,219663.1392766586,217872.8303872801,217925.4267531006,6490,18683.592828626595,76.6087928390213
2024-01-23 21:30:06.374644,246.63872944855626,2391.6482844326138,2393.7438813521103,2372.1600142012203,2392.999265204515,589873.0941602791,590389.9495219401,585066.5319512582,590206.2983413703,221202.41031010466,221396.23107072752,219399.94948172182,221327.36187801388,18743,18975.25393330023,76.93665552765813
2024-01-24 21:30:06.374644,243.1059606008149,2380.0597515183636,2404.788096243687,2376.303510164812,2394.17303054543,578606.7121802086,584618.3201787265,577693.547517705,582037.7344353109,216977.51706757824,219231.87006702242,216635.08031913938,218264.1504132416,31664,18712.63292294595,76.9743929315167
2024-01-25 21:30:06.374644,242.2903092926473,2410.440384050105,2432.672098316056,2391.1944114434614,2406.0696678599074,584026.3461829874,589412.8751085905,579363.233527486,582967.3640054341,219009.87981862028,221029.82816572144,217261.21257280724,218612.76150203779,20714,18742.52070490722,77.35687841753845
2024-01-26 21:30:06.374644,242.78892828098898,2421.162581739363,2421.162581739363,2399.330084839549,2413.0147628179284,587831.4684145323,587703.9891951636,582530.7798905284,585853.2681907697,220436.8006554496,220436.8006554496,218449.04245894816,219694.97557153864,41933,18835.303118273205,77.58016823887756
2024-01-27 21:30:06.374644,244.9229941201663,2420.69136016404,2420.69136016404,2389.0039148766327,2406.360638904732,592882.9757721944,590471.0687902571,585121.9917963838,589373.0526134633,222331.1159145729,222331.1159145729,219420.74692364392,221014.89473004872,22023,18948.46491169828,77.3662333468816
2024-01-28 21:30:06.374644,244.9206434931437,2426.3775033205193,2444.7377153309358,2416.262321044307,2427.5263858898584,594269.939470549,598766.7344108107,591792.5225184087,594551.3245287295,222851.22730145586,224537.52540405403,221922.19594440327,222956.74669827358,27212,19114.94741926214,78.04672740655741
2024-01-29 21:30:06.374644,241.6567333011835,2410.41958147698,2430.492417746642,2390.458993622058,2412.091048235817,582494.1219449328,587344.8579859489,577670.5114891412,582898.043141695,218435.29572934983,220254.32174473084,216626.44180842792,218586.76617813561,8999,18740.292024874452,77.55047014759809
2024-01-30 21:30:06.374644,243.84142867394547,2393.9631361813845,2417.696724721755,2393.9631361813845,2403.8195864202803,583747.3913192279,589534.6234564714,586050.5204138744,586150.8022271339,218905.27174471045,221075.48379617676,218905.27174471045,219806.5508351752,20126,18844.868898763307,77.28453667337375
2024-01-31 21:30:06.374644,245.59515141560013,2369.6840022530673,2387.3717949241077,2368.647471982691,2385.4740526313217,581982.9013404674,586326.9374597193,581728.3345317675,585860.8611539747,218243.58800267527,219872.6015473947,218148.12544941282,219697.8229327405,18461,18835.54723360258,76.6947145058055
2024-02-01 21:30:06.374644,244.07981542560915,2430.4822759807344,2442.565722100922,2423.0587467854134,2428.960869140777,593231.6653165921,596180.9906153127,591419.7316807916,592860.320615908,222461.87449372205,223567.87148074227,221782.39938029685,222322.6202309655,10334,19060.581295521733,78.09284707961409
2024-02-02 21:30:06.374644,252.23353301582404,2443.793390945436,2471.9862715758027,2436.6462410016316,2447.2749180004707,616406.6409588882,623517.830846179,614603.8900775686,617284.7988282698,231152.49035958308,233819.18656731714,230476.45877908822,231481.79956060118,19843,19845.833295661967,78.68165698395585
2024-02-03 21:30:06.374644,244.2697222709116,2433.3737666690745,2454.2916003658315,2423.2429849869404,2439.706518267198,594399.5341655768,599509.1275931929,591924.8909376947,595946.4336396612,222899.8253120913,224815.92284744733,221971.8341016355,223479.91261487294,46258,19159.80046423808,78.43832746370016
2024-02-04 21:30:06.374644,246.7938000542769,2445.5079870172344,2453.2509466343568,2431.6435353997217,2437.498741462955,603536.2091790686,605447.1236066449,600114.5484787138,601559.57703316,226326.07844215073,227042.67135249183,225042.9556795177,225584.841387435,40338,19340.264179306843,78.36734584413185
2024-02-05 21:30:06.374644,247.2008986404375,2432.2932888802275,2448.462023463738,2405.366432354569,2427.32495637486,601265.0867682975,605262.01248722,594608.7436375925,600036.9105082261,225474.40753811155,226973.25468270748,222978.2788640972,225013.8414405848,6844,19291.310137224347,78.04025130209976
2024-02-06 21:30:06.374644,247.60970063002915,2441.7695998127724,2477.609720840874,2439.711374746308,2452.3145209910454,604605.8396171466,613480.201255459,604096.2031246102,607216.864393266,226727.18985643,230055.07547079714,226536.07617172884,227706.32414747478,10168,19522.147131985148,78.8436838616569
2024-02-07 21:30:06.374644,244.6727792362905,2434.843354076226,2456.278920782773,2434.843354076226,2450.1941401440463,595739.8904468416,600984.5901274374,597664.6648348995,599495.8099375168,223402.4589175656,225369.22129778902,223402.4589175656,224810.92872656882,31380,19273.91364253848,78.7755120852652
2024-02-08 21:30:06.374644,247.6160420644189,2480.8186235776557,2480.8186235776557,2452.4123436394584,2458.7392478025586,614290.4886499986,611469.7441845881,607256.6380419283,608823.2810093161,230358.93324374946,230358.93324374946,227721.2392657231,228308.73037849355,44939,19573.793756729556,79.05024347107427
2024-02-09 21:30:06.374644,245.8456786568003,2377.7200696112504,2401.317616596233,2377.7200696112504,2392.9797845023127,584552.2041694723,590353.5591226311,585740.4420312973,588303.7391329748,219207.07656355214,221382.58467098666,219207.07656355214,220613.90217486554,39460,18914.086263277222,76.93602920900582
2024-02-10 21:30:06.374644,246.69741016607082,2455.2057386208544,2455.2057386208544,2420.664448514867,2443.717159492129,605692.8971426397,603609.1080640218,597171.6503296979,602858.6944250953,227134.83642848989,227134.83642848989,223939.3688736367,226072.01040941075,13617,19382.031070765668,78.56727247712088
2024-02-11 21:30:06.374644,250.12195682172018,2453.0377694028302,2476.4508493153153,2453.0377694028302,2471.8574746704894,613558.6070406234,619414.7324035575,614993.1087722362,618265.8285489784,230084.4776402338,232280.52465133407,230084.4776402338,231849.6857058669,7669,19877.373603040716,79.47200394394487
2024-02-12 21:30:06.374644,248.4781073388337,2513.249070545252,2519.5069234906427,2486.1938889836138,2508.5375203699214,624487.3723201671,626042.3117760426,617764.7520120228,623316.655249969,234182.76462006266,234765.86691601598,231661.78200450854,233743.74571873836,10703,20039.758720742317,80.65129391772378
2024-02-13 21:30:06.374644,250.79369413582796,2442.9932856298556,2446.4069121178254,2418.759738666573,2439.248726975406,612687.3108521354,613543.4268494532,606609.6900871997,611748.1991542777,229757.74156955077,230078.78506854497,227478.63378269988,229405.57468285412,46219,19667.83047692508,78.4236091428748
2024-02-14 21:30:06.374644,245.94821358840773,2470.677084841015,2502.9886513263923,2456.9310640245963,2483.9083129735877,607658.6153704625,615605.5874257841,604277.8061067152,610912.8122932494,227871.98076392344,230852.09528466902,226604.1772900182,229092.30460996853,35652,19640.97261745272,79.85944710317449
2024-02-15 21:30:06.374644,245.43600919108422,2480.635402574401,2498.5980010094177,2480.635402574401,2492.259415871137,608837.2534659796,613245.9219405721,610878.391064026,611690.2049003147,228313.97004974235,229967.22072771454,228313.97004974235,229383.82683761802,37312,19665.965949727197,80.12794109573319
2024-02-16 21:30:06.374644,249.33335965480785,2489.854983943803,2489.854983943803,2441.1551609756216,2473.511421013997,620803.908199976,618885.7603725567,608661.417724725,616728.9127459577,232801.465574991,232801.465574991,228248.03164677188,231273.34227973415,31609,19827.96144373578,79.52517951400958
2024-02-17 21:30:06.374644,246.84411977984766,2523.926480405303,2539.1261975016337,2518.8328848331334,2527.945254823224,623016.410444696,626768.3712322424,621759.0863291692,624008.4212784814,233631.153916761,235038.13921209093,233159.65737343847,234003.1579794305,28414,20061.99914089768,81.27526660418357
2024-02-18 21:30:06.374644,249.46636690943978,2472.1313056220224,2493.3499565639063,2441.630650842499,2468.426110239683,616713.6153366158,622006.9550978072,609104.7278004092,615789.293705894,231267.60575123093,233252.60816167772,228414.27292515343,230920.98513971025,14943,19797.75249826048,79.36168309803344
2024-02-19 21:30:06.374644,249.75344751803934,2454.5262135877088,2487.8404086192577,2449.81713928948,2465.0410533409945,613026.3838669297,621346.7189273473,611850.2763263284,615652.5013454125,229884.89395009863,233005.01959775525,229443.85362237314,230869.6880045297,35872,19793.354595724424,79.25285107274084
2024-02-20 21:30:06.374644,244.3780897001058,2518.9197212595577,2518.9197212595577,2477.295663977719,2498.444258231641,615568.7895893337,612622.1017090294,605396.7819852302,610565.0350488463,230838.29609600012,230838.29609600012,227023.7932444613,228961.88814331737,14931,19629.791507486058,80.32678824671311
2024-02-21 21:30:06.374644,249.12663533303305,2467.0841951896427,2511.6823482970867,2467.0841951896427,2479.17696347266,614616.3846308994,625726.9724566244,615574.4587471382,617629.0153051097,230481.14423658728,234647.61467123416,230481.14423658728,231610.8807394161,37632,19856.899926218804,79.70733079790571
2024-02-22 21:30:06.374644,249.42680711805858,2504.6266847845163,2532.5593864195525,2483.1891961840793,2499.484487667143,624721.0370084901,631688.2015914985,619373.9526742533,623438.435199932,234270.3888781838,236883.07559681192,232265.23225284496,233789.4131999745,48735,20043.67397119123,80.36023237472128
2024-02-23 21:30:06.374644,250.6125902751965,2488.246146446234,2516.6875260813617,2477.4844850193035,2497.624506055128,623585.8120031666,630713.5798245262,620888.804157299,625936.1469972839,233844.6795011875,236517.59243419732,232833.30155898712,234726.05512398147,43635,20123.975919408564,80.30043262189555
2024-02-24 21:30:06.374644,249.10868505694643,2491.0838265127773,2507.4817040624857,2452.7642791782205,2482.5740596117353,620550.6163892244,624635.4701033571,611004.8843407355,618430.7595463647,232706.48114595917,234238.30128875893,229126.8316277758,231911.53482988675,27615,19882.676168543105,79.81654989347615
2024-02-25 21:30:06.374644,247.99647629611,2429.978633715392,2444.8997345578878,2411.737208738577,2437.977520052095,602626.138636253,606326.5190676508,598102.329519383,604609.8342620484,225984.80198859487,227372.44465036906,224288.37356976862,226728.68784826813,9964,19438.330576840548,78.38273892173211
2024-02-26 21:30:06.374644,249.78406766794274,2508.182323668153,2508.182323668153,2467.0113804777643,2490.854128662659,626503.9832586638,625229.7866207723,616220.1375988427,622175.6762248481,234938.99372199894,234938.99372199894,231082.551599566,233315.87858431804,41994,20003.076010315333,80.08276009653765
2024-02-27 21:30:06.374644,247.02492712594727,2481.3142972375904,2485.5877840422045,2469.854575187311,2475.364947986934,612946.4834516868,614002.1412181703,610115.646447333,611476.8458865967,229854.93129438255,230250.80295681386,228793.3674177499,229303.81720747377,42594,19659.10641353513,79.58477174552492
2024-02-28 21:30:06.374644,245.5357474813891,2430.699991837513,2450.227117207877,2424.7776339809134,2437.3171521854333,596823.7393988302,601618.3467228053,595369.5888356577,598448.488811061,223808.90227456135,225606.88002105197,223263.59581337165,224418.18330414788,6762,19240.24205282475,78.36150761764539
2024-02-29 21:30:06.374644,248.2002263950215,2477.6784913702245,2478.081023463996,2449.1770145888513,2475.285403589129,614960.3624921651,615060.2710489704,607886.2895024358,614366.3975631141,230610.1359345619,230647.6016433639,227957.35856341344,230387.39908616777,18318,19752.00609449312,79.5822143356577
2024-03-01 21:30:06.374644,246.1667384856068,2457.272743190404,2467.281483901084,2450.1871299840473,2465.7505434886793,604898.8167607618,607362.635817858,603154.5744675824,606985.7692097205,226837.05628528568,227760.98843169678,226182.9654253434,227619.6634536452,7779,19514.71737428371,79.27566169365761
2024-03-02 21:30:06.374644,248.62870684196534,2486.791402283177,2506.6263968360267,2457.232363804902,2481.3688358775307,618287.7305353839,623219.2795812764,610938.5050230385,616939.5248621834,231857.89895076898,233707.22984297865,229101.93938363943,231352.32182331878,8407,19834.732666608263,79.77780107954187
2024-03-03 21:30:06.374644,249.46566692504575,2475.1591411009513,2484.3132746495867,2456.432140254318,2473.716673328859,617467.2258803722,619750.8679112035,612795.4821246609,617107.3796955894,231550.20970513957,232406.57546670132,229798.30579674782,231415.26738584603,9775,19840.129234040298,79.53177852424515
2024-03-04 21:30:06.374644,250.77582135683465,2430.558749962907,2453.6329526237364,2417.9679673457117,2431.1800312995756,609525.3668779893,615311.8190024128,606367.9030256368,609681.169215486,228572.01257924596,230741.93212590483,227387.96363461378,228630.43845580728,11566,19601.375039078128,78.16419474655828
2024-03-05 21:30:06.374644,252.4303673255892,2476.7287664660453,2505.1739620175135,2450.166577269458,2479.500109564614,625201.5522848773,632381.9834465826,618496.4491090109,625901.1234412341,234450.58210682898,237143.24379246845,231936.16841587907,234712.92129046278,13989,20122.849904875067,79.71772017826335
2024-03-06 21:30:06.374644,250.27217724865983,2423.5713103984817,2447.4326820103524,2414.909692539314,2435.2000907247057,606552.4685708156,612524.3059962578,604384.7066107058,609462.828741806,227457.17571405586,229696.61474859668,226644.2649790147,228548.56077817723,46159,19594.355347923287,78.29344256192087
2024-03-07 21:30:06.374644,247.0922496559837,2476.924860819714,2476.924860819714,2434.668363128502,2466.184255891585,612028.9360887774,609605.8319204022,601587.6830116729,609375.0158544199,229510.85103329152,229510.85103329152,225595.38112937735,228515.63094540747,14737,19591.532145525332,79.28960586080618
2024-03-08 21:30:06.374644,250.54830189873982,2484.4229125282927,2508.6929170974827,2483.8953122399926,2486.9514982067226,622467.9419322852,628548.7503641704,622335.7525759703,623101.4747802212,233425.47822460695,235705.7813865639,233375.90721598885,233663.05304258296,39523,20032.840624364107,79.95728770738735
2024-03-09 21:30:06.374644,250.50969647584543,2411.942488638769,2461.4856070497153,2404.9083091883585,2434.032517226699,604214.9807460933,616626.0123016863,602452.8505870143,609748.7471027983,226580.617779785,231234.7546131324,225919.81897013038,228655.78016354935,24648,19603.54768206013,78.25590423028595
2024-03-10 21:30:06.374644,252.51161452160713,2445.5472315462134,2445.5472315462134,2431.2018879982616,2438.161369508278,617529.079826581,616758.70601064,613906.7139664205,615664.063878748,231573.40493496787,231573.40493496787,230215.0177374077,230874.02395453048,11947,19793.726333550283,78.38864981459571
2024-03-11 21:30:06.374644,245.77758901357302,2428.710320587411,2438.149310141069,2420.6085779734026,2433.087768562306,596922.5670063559,599242.4591015782,594931.3402398764,597998.4456156578,223845.96262738344,224715.92216309183,223099.25258995366,224249.4171058717,30141,19225.773071491058,78.22552987806215
2024-03-12 21:30:06.374644,250.060619701322,2399.4930861043263,2411.800653662876,2362.6599725655915,2394.6476850487857,600018.7280802854,603096.3660509922,590808.2168832603,598807.0840896355,225007.02303010703,226161.13726912206,221553.0813312226,224552.65653361334,5005,19251.770964815958,76.989653416779
2024-03-13 21:30:06.374644,247.42486489846956,2420.411630397345,2430.965208762714,2420.411630397345,2428.249829683293,598870.0206497476,601481.2383509944,599241.3228854623,600809.3860491205,224576.25774365535,225555.4643816229,224576.25774365535,225303.51976842017,21351,19316.145384809686,78.06998664726775
2024-03-14 21:30:06.374644,252.0419809447718,2428.197949097583,2428.197949097583,2378.549025700832,2407.4994493650624,612007.8212165871,610169.8544467489,599494.2082118946,606790.9303414177,229502.93295622017,229502.93295622017,224810.32807946048,227546.59887803163,42073,19508.45326457747,77.40284692607142
2024-03-15 21:30:06.374644,245.41288473899695,2413.9284012733647,2428.9728605394357,2395.0335403218874,2410.673727098165,592409.1325098914,596101.2366577162,587772.0901770472,591610.3935316701,222153.42469120928,223537.96374664357,220414.5338163927,221853.8975743763,24522,19020.395882576842,77.50490224888404
2024-03-16 21:30:06.374644,246.26802657574697,2405.633208825445,2418.163986218598,2400.888660664637,2409.3189221980747,592430.5430025241,595516.472822596,591262.1124899684,593338.2163613255,222161.45362594654,223318.6773084735,221723.29218373814,222501.83113549705,48884,19075.945742069365,77.46134429238107
2024-03-17 21:30:06.374644,246.87582238737767,2434.5644572624387,2446.057222371153,2434.5644572624387,2441.3958439690323,601035.1025417444,603872.3883794631,602130.8984632685,602721.6067529808,225388.16345315415,226452.14564229868,225388.16345315415,226020.6025323678,15459,19377.623673899845,78.49264050569975
2024-03-18 21:30:06.374644,247.55049022729216,2449.4522492058154,2460.1059463342376,2429.9448419273194,2451.091321514628,606363.105079243,609000.433026117,601534.0368443879,606768.8582328075,227386.1644047161,228375.1623847939,225575.26381664546,227538.32183730282,8744,19507.74364174407,78.80435711462144
2024-03-19 21:30:06.374644,249.32836532648545,2470.9896318727037,2482.0421528061956,2470.8846255468625,2478.642216781804,616087.8056535153,618843.5126305996,616061.6245979443,617995.8121394234,231032.92712006823,232066.31723647483,231023.10922422912,231748.42955228378,27050,19868.69251991459,79.69013830539342
2024-03-20 21:30:06.374644,249.19161213366223,2482.099599691879,2482.099599691879,2467.113932597552,2475.3960755109624,618518.4007235371,617353.0658227939,614784.0981814032,616847.9387259174,231944.40027132642,231944.40027132642,230544.03681802622,231317.977022219,39109,19831.788153482426,79.58577251791478
2024-03-21 21:30:06.374644,252.54901243766142,2414.408904298556,2428.6154321446675,2392.4237134203936,2413.081417807272,609756.5844012966,613344.4289790001,604204.246156763,609421.3289988984,228658.71915048623,230004.16086712503,226576.59230878614,228532.9983745869,27729,19593.02112264977,77.58231124494903
2024-03-22 21:30:06.374644,249.92334458130625,2424.910522544501,2443.3098812065564,2412.9241627127326,2425.5720657180254,606041.7481047247,610640.1773596966,603046.0769662141,606207.0831872369,227265.65553927177,228990.06650988624,226142.2788623303,227327.65619521384,38727,19489.6824584374,77.98389460086567
2024-03-23 21:30:06.374644,249.26771088322965,2453.6097326558015,2457.8818682272013,2440.099043983061,2451.696571316377,611605.6814599248,612670.5869143903,608237.9030220148,611128.792112296,229352.1305474718,229751.47009289637,228089.21363325554,229173.297042111,32162,19647.91641307536,78.8238163330936
2024-03-24 21:30:06.374644,245.42375676137817,2442.213779846018,2443.0325501699094,2427.0501959165476,2439.775041538232,599377.2806642151,599578.2263530293,595655.776930278,598778.7563469604,224766.48024908066,224841.83488238597,223370.91634885425,224542.03363011015,9611,19250.860222060197,78.44053053637796
2024-03-25 21:30:06.374644,249.89150405376523,2402.384688945306,2408.887989704205,2391.03977981447,2403.973737819984,600335.5232362795,601960.6428442348,597500.5268302215,600732.6130495877,225125.82121360482,225735.24106658806,224062.69756133307,225274.7298935954,21554,19313.677117077794,77.28949275226209
2024-03-26 21:30:06.374644,247.358773107467,2433.6195348187916,2447.980483357184,2398.463345428211,2429.529147113704,601977.1423431408,605529.448954257,593280.9504683531,600965.3490588765,225741.4283786778,227073.54335784636,222480.35642563243,225362.0058970787,19539,19321.159627664496,78.11111762707425
2024-03-27 21:30:06.374644,249.56776777712636,2430.271384029929,2442.943916439414,2424.870902974649,2425.176886163569,606517.4044049768,609680.0600304953,605169.618403088,605245.9819445241,227444.02665186627,228630.02251143573,226938.606901158,226967.24322919652,25064,19458.782855726724,77.9711892926381
2024-03-28 21:30:06.374644,246.19953893188918,2447.5493453161366,2462.5115646786353,2444.025253690273,2450.987100417636,602585.5203298801,606269.211838325,601717.8905964387,603431.89405083,225969.57012370502,227350.95443937188,225644.2089736645,226286.96026906127,49174,19400.45955667535,78.80100633104429
2024-03-29 21:30:06.374644,247.72322237609237,2435.963633430701,2435.963633430701,2399.6456818213546,2415.950375205368,603444.7608644275,602121.3822513748,594447.9608616612,598487.0120466031,226291.78532416033,226291.78532416033,222917.98532312296,224432.6295174762,12977,19241.480582774024,77.67455029837053
2024-03-30 21:30:06.374644,248.2772571777887,2419.8571394841133,2431.740761554961,2398.7441475237506,2414.535783172586,600795.4933532053,603745.9264462928,595553.6176184698,599474.3216037136,225298.31000745198,226404.7224173598,223332.60660692616,224802.87060139258,30050,19273.222788185234,77.62907014235009
2024-03-31 21:30:06.374644,247.16233455640884,2460.501163454872,2462.2007239503564,2445.8016912830567,2458.6195969307873,608143.2117382662,608563.27907805,604510.0558795334,607678.1593635503,228053.70440184983,228211.22965426877,226691.27095482504,227879.30976133136,44439,19536.977860196446,79.0463966090886
2024-04-01 21:30:06.374644,249.6957295924174,2458.5058170855405,2458.5058170855405,2402.14138133775,2427.283278080352,613878.4037043763,609513.1272804242,599804.4447972667,606082.2690477481,230204.4013891411,230204.4013891411,224926.66679897503,227280.85089290552,35977,19485.669658170915,78.03891131481511
2024-04-02 21:30:06.374644,250.29714740491193,2437.199223172217,2446.50897208449,2411.730294396292,2435.2376021592927,610024.0132174733,612354.2168132712,603649.2129974003,609533.0250736488,228759.00495655247,229632.8313049767,226368.45487402513,228574.88440261828,8601,19596.612174435722,78.29464858164813
2024-04-03 21:30:06.374644,247.8380242371815,2449.503161215319,2480.3055069767024,2449.503161215319,2460.3090245013195,607080.0238383348,614714.0163537067,607652.9812735887,609758.1276453143,227655.00893937558,230517.75613264,227655.00893937558,228659.29786699289,47921,19603.849268432175,79.10071292624043
2024-04-04 21:30:06.374644,247.69615219713035,2443.4967582132263,2443.4967582132263,2424.5748290411134,2437.7597563322274,605244.7449155779,604843.3076791369,600557.8558674989,603823.7116245067,226966.7793433417,226966.7793433417,225209.19595031207,226433.89185919001,20615,19413.056572289956,78.37573766078503
2024-04-05 21:30:06.374644,246.2410814932262,2427.7272125354084,2447.0091204224946,2414.5969816266374,2429.88944158295,597806.1743852544,602554.1722366232,594572.9721260228,598338.6040043571,224177.3153944704,225957.81458873372,222964.86454725853,224376.97650163394,42809,19236.70923367918,78.12270135460479
2024-04-06 21:30:06.374644,248.7078853795725,2464.3933658999504,2496.617331858129,2453.2981733321203,2471.0504603564195,612914.0627764238,620928.4172084257,610154.6008949996,614569.7346614642,229842.7735411589,232848.15645315964,228807.97533562483,230463.6504980491,13107,19758.54342404399,79.44605785060908
2024-04-07 21:30:06.374644,248.0861828310565,2467.6656782194896,2490.1138678790003,2447.5769443826753,2472.4687156676664,612193.7586126834,617762.8442967789,607210.021317199,613385.3258391961,229572.65947975626,231661.06661129207,227703.75799394964,230019.49718969854,11263,19720.46443670255,79.4916557836792
2024-04-08 21:30:06.374644,248.3000262041627,2462.668134933382,2493.336124096331,2456.3695594388973,2474.649119029575,611480.5624361152,619095.4249489044,609916.6259757858,614455.4411011516,229305.2109135432,232160.78435583916,228718.73474091967,230420.79041293188,24160,19754.868862562747,79.56175732729677
2024-04-09 21:30:06.374644,250.36760781039146,2426.058445253415,2447.055453696617,2426.058445253415,2430.7685989404245,607406.4493462951,612663.4201213941,608065.2169216087,608585.7192573309,227777.41850486066,229748.7825455228,227777.41850486066,228219.64472149906,7575,19566.15609752221,78.1509668989157
2024-04-10 21:30:06.374644,249.53769699694152,2436.737339461848,2438.0258472842966,2424.4461326553633,2429.7292038780265,608057.823875764,608379.3551503404,604990.7044359607,606309.029861935,228021.68395341153,228142.25818137763,226871.51416348526,227365.8861982256,5809,19492.960065005624,78.11754959660574
2024-04-11 21:30:06.374644,249.4332204933729,2472.0884379297295,2474.550204924447,2449.5212289134433,2468.567952854864,616620.980417244,617235.0268868406,610991.9687947646,615742.8544873215,231232.8676564665,231463.13508256522,229121.98829803674,230903.57043274556,29646,19796.259467827982,79.3662434406052
2024-04-12 21:30:06.374644,245.63795480274254,2450.7455758496244,2470.574441606831,2433.0331809781137,2445.1116848324205,601996.1309935712,606866.8530242296,597645.2945426748,600612.2335265238,225748.54912258923,227575.06988408612,224116.98545350303,225229.58757244644,36704,19309.80689064184,78.61210747447781
2024-04-13 21:30:06.374644,247.21574065929065,2429.558905010827,2441.187511228557,2417.3936519986273,2435.146158127272,600625.2041776268,603499.9786765781,597617.7621439082,602006.4610950596,225234.45156661002,226312.49200371682,224106.66080396558,225752.42291064735,16205,19354.631593848368,78.29170858994235
2024-04-14 21:30:06.374644,248.310980408277,2455.134651208901,2469.8449603717536,2436.3291614301847,2445.982164435292,609636.8922760154,613289.6235663522,604967.2826720045,607364.2293120867,228613.83460350576,229983.60883738205,226862.7310020017,227761.58599203252,32095,19526.884944447233,78.6400940227078
2024-04-15 21:30:06.374644,246.5320344656765,2438.203095189601,2450.1738557737062,2408.5730558296855,2438.80938948217,601095.1694976018,604046.3454585029,593790.4156129038,601244.6404630338,225410.6885616007,226517.37954693858,222671.4058548389,225466.7401736377,8267,19330.13890377552,78.40948412500748
2024-04-16 21:30:06.374644,249.29522090453273,2390.969178344822,2403.0956019272667,2390.969178344822,2395.5957653740343,596057.1894914015,599080.248937169,596651.5226826889,597210.575526883,223521.4460592756,224655.09335143835,223521.4460592756,223953.96582258114,49298,19200.44288602376,77.02013488430673
2024-04-17 21:30:06.374644,245.29900539879824,2482.165442436954,2518.73780757205,2482.165442436954,2497.3457626750283,608872.7142650528,617843.8790577735,610594.6129050181,612596.4317210877,228327.26784939482,231691.45464666508,228327.26784939482,229723.6618954079,5885,19695.101328481473,80.29147082080885
2024-04-18 21:30:06.374644,245.26856113701703,2440.184658802147,2450.8524422387814,2417.4015553592562,2437.035132300451,598500.5801730255,601117.05206705,592912.6011733518,597728.1003396916,224437.71756488457,225418.89452514375,222342.2254400069,224148.03762738436,11641,19217.081415242144,78.35244047455917
2024-04-19 21:30:06.374644,244.80486624793377,2482.7709089753585,2482.7709089753585,2467.0176350266274,2474.986395486831,607794.4002959736,606914.1985823447,603937.9221739874,605888.7135126094,227922.9001109901,227922.9001109901,226476.72081524527,227208.26756722853,39244,19479.446807889963,79.57260100910929
2024-04-20 21:30:06.374644,243.39416096091145,2484.04423871727,2503.239587720841,2471.9520706773797,2476.29176770019,604601.863272376,609273.899137452,601658.7001781085,602714.9570938001,226725.69872714102,228477.7121765445,225622.01256679068,226018.10891017504,36420,19377.409885988945,79.61456966901443
2024-04-21 21:30:06.374644,247.38235482027437,2462.8984141560218,2467.6433874329277,2445.8127301438344,2464.6820366888605,609277.609377036,610451.4320398363,605050.912632386,609718.8461193203,228479.1035163885,228919.2870149386,226894.09223714474,228644.5672947451,49405,19602.586359288845,79.24130842795378
2024-04-22 21:30:06.374644,245.54074334680539,2479.252350503726,2486.4408016681155,2475.966290472832,2479.9151818794066,608757.4650869993,610522.5227294158,607950.6034643315,608920.2171956976,228284.04940762476,228945.9460235309,227981.4762991243,228345.0814483866,6326,19576.91027506744,79.73106505310999
2024-04-23 21:30:06.374644,247.72079989058977,2468.0501356048444,2491.4997992920166,2467.48347387488,2472.1998414307504,611387.3537621106,617196.3232078622,611246.9798650965,612415.3222086147,229270.25766079145,231448.62120294833,229217.6174494112,229655.74582823052,34775,19689.278620390134,79.48301128267721
2024-04-24 21:30:06.374644,245.21489565883326,2462.859845311172,2462.859845311172,2434.769705229487,2448.860619455208,603929.9199903093,601798.0544883261,597041.7992211368,600497.1012827347,226473.71999636598,226473.71999636598,223890.67470792632,225186.4129810255,44346,19306.10536531426,78.73263843153369
2024-04-25 21:30:06.374644,248.24692928578216,2451.6927676065907,2451.6927676065907,2424.6232694783484,2442.4080421215153,608625.2011104969,607546.1977107023,601905.2813228535,606320.2965195655,228234.45041643633,228234.45041643633,225714.48049607006,227370.11119483708,14746,19493.32229036669,78.5251834077038
2024-04-26 21:30:06.374644,250.3186240493175,2438.8920878682766,2487.201198905584,2414.467855675266,2448.019287612311,610500.1116399541,622592.7818438587,604386.2714439387,612784.8197213041,228937.5418649828,233472.29319144698,226644.851791477,229794.30739548904,24171,19701.158041451392,78.70558900484868
2024-04-27 21:30:06.374644,245.95363215600568,2462.38043388615,2481.3668746093845,2454.6793938566047,2467.3803371500003,605631.4114641799,610301.195521774,603737.3126975343,606861.1558323525,227111.77929906745,228862.94832066525,226401.49226157536,227572.93343713216,23329,19510.711028560712,79.32806073753758
2024-04-28 21:30:06.374644,243.88659265203842,2411.706023273772,2431.590508564028,2411.706023273772,2424.437368189077,588182.764494638,593032.323858718,588495.2953683325,591287.7688259095,220568.53668548923,222387.12144701928,220568.53668548923,221732.91330971604,29883,19010.02343190295,77.94741325539174
2024-04-29 21:30:06.374644,247.0196941553314,2402.6241754816874,2421.1662122864786,2396.622952880171,2400.144057960181,593495.4889976917,598075.7372582281,592013.0688261071,592882.8511260599,222560.80837413436,224278.40147183556,222004.90080979015,222331.06917227246,16635,19061.305656059023,77.16636577749067
2024-04-30 21:30:06.374644,249.7629692563648,2444.379792674,2444.379792674,2401.6936464590294,2421.2455123101954,610515.5550085156,604741.6426702385,599854.1363837533,604737.4684532426,228943.33312819334,228943.33312819334,224945.30114390748,226776.55066996597,31493,19442.43404234962,77.84479278249057
2024-05-01 21:30:06.374644,247.48564221218288,2445.6109170768696,2462.814754071857,2431.2683303924878,2444.1326461719405,605253.5884138946,609511.2910611128,601704.0041373265,604887.7375896246,226970.0956552105,228566.7341479173,225639.00155149744,226832.9015961092,15976,19447.265226003878,78.58063067410228
2024-05-02 21:30:06.374644,246.95998878010948,2503.3614904550473,2516.5468460605466,2460.86535397395,2487.9190867665498,618230.1255953367,621486.3808677325,607735.2802067668,614416.4697536874,231836.29709825123,233057.39282539967,227900.73007753753,230406.17615763278,31251,19753.615925722977,79.98839637875318
2024-05-03 21:30:06.374644,246.65858394607818,2445.855701772289,2458.912727012376,2435.2554814867412,2450.6442488569064,603291.3039355942,606511.9312918622,600676.6686104444,604472.440178645,226234.2389758478,227441.9742344483,225253.75072891667,226677.16506699187,38086,19433.91332878874,78.78998340562659
2024-05-04 21:30:06.374644,249.39269622205677,2406.701608196232,2415.460332633673,2389.642709183702,2402.2914738902596,600213.8030700184,602398.1649729378,595959.4382507037,599113.9477847505,225080.1761512569,225899.31186485168,223484.7893440139,224667.73041928143,17594,19261.636695754583,77.23540675133859
2024-05-05 21:30:06.374644,244.7395501463714,2463.861717393091,2463.861717393091,2402.468128320162,2430.073660480278,603004.4083376512,598759.7743258256,587978.9689660714,594735.1344884892,226126.65312661917,226126.65312661917,220492.11336227675,223025.67543318347,47325,19120.856947289394,78.12862412526815
2024-05-06 21:30:06.374644,243.99116876840696,2424.9387640255277,2435.1000070410064,2414.909336467552,2417.6439300478114,591663.6432264047,594142.8967858911,589216.5514744561,589883.7681582102,221873.86620990175,222803.58629470918,220956.20680292102,221206.41305932883,29720,18964.884521547396,77.72899931029663
2024-05-07 21:30:06.374644,246.3417215425202,2421.4131541676365,2462.995484906767,2402.439346431265,2437.244316803819,596495.0849633594,606738.5479033873,591821.0445013649,600394.9608211762,223685.65686125978,227526.95546377025,221932.89168801185,225148.11030794107,11068,19302.821528458597,78.35916590749655
2024-05-08 21:30:06.374644,243.95580884561778,2450.08427368362,2450.08427368362,2421.2762499466967,2437.149702806924,597712.2907264155,596187.1036728624,590684.4059944307,594556.8270261202,224142.1090224058,224142.1090224058,221506.6522479115,222958.81013479506,28008,19115.124325685447,78.35612399912948
2024-05-09 21:30:06.374644,246.64517751672358,2463.3183462300567,2474.054116254783,2407.9608049162875,2445.128298569584,607565.5907861143,610213.5166896416,593911.9201818904,603079.1032518593,227837.09654479288,228830.0687586156,222716.97006820887,226154.66371944724,22981,19389.11725989774,78.61264161813249
2024-05-10 21:30:06.374644,246.3680798599156,2436.471680025065,2445.6209831828337,2401.3034770617373,2433.4404044810462,600268.849440838,602522.9456918737,591604.5268046391,599522.0399055318,225100.81854031424,225946.1046344526,221851.6975517397,224820.76496457442,20609,19274.75694140727,78.23686737765995
2024-05-11 21:30:06.374644,247.68307642995688,2409.0361534908147,2437.483249438427,2401.5842892937894,2410.5867953197103,596677.4857275948,603723.3499673975,594831.7850781373,597061.5534662167,223754.05714784807,226396.25623777407,223061.9194043015,223898.08254983125,8535,19195.65179611036,77.50210732939091
2024-05-12 21:30:06.374644,243.43435543402163,2436.9881444171683,2447.757918234276,2429.2386528721904,2434.3210062144417,593246.6381365458,595868.3710838836,591360.1456573526,592597.3650673116,222467.48930120468,223450.63915645634,221760.05462150724,222224.01190024184,31234,19052.12722052828,78.26517935970041
2024-05-13 21:30:06.374644,243.0958639625073,2418.157984853351,2424.9676234106864,2388.5384347412646,2404.8597006336568,587844.2045257611,589499.5994941288,580643.8144010826,584611.4466341555,220441.5766971604,221062.3498102983,217741.43040040595,219229.2924878083,21345,18795.378299709217,77.31797709690731
2024-05-14 21:30:06.374644,245.953993925235,2407.6526815235857,2407.6526815235857,2367.8855592304903,2396.2174544728655,592171.7930055278,590019.0624965668,582390.9104506277,589359.2532409612,222064.42237707291,222064.42237707291,218396.5914189854,221009.71996536048,34578,18948.021259032965,77.04012263805892
2024-05-15 21:30:06.374644,244.440142729855,2412.163152881539,2429.081245731232,2380.642361005278,2403.0625352565953,589629.5053780605,593764.9664089563,581924.5585128692,587404.9491068894,221111.0645167727,222661.86240335862,218221.70944232593,220276.85591508355,16538,18885.189979002364,77.26019693142557
2024-05-16 21:30:06.374644,245.30464185400461,2384.9387632808357,2400.1556235732683,2353.8006871568136,2378.268237149028,585036.5491703381,588769.3156345157,577398.2345587121,583400.2381465973,219388.70593887678,220788.4933629434,216524.33795951703,218775.08930497398,16640,18756.43769761437,76.46304233121765
2024-05-17 21:30:06.374644,245.86971779879505,2401.268850311627,2407.891979052602,2399.7274581859165,2402.4440100184875,590399.2945851567,592027.7213796454,590020.312938191,590688.230770651,221399.73546943377,222010.39551736703,221257.61735182162,221508.08653899413,44040,18990.748160064653,77.2403108980818
2024-05-18 21:30:06.374644,244.91264283487888,2414.099847466086,2417.8417168725937,2388.1359867275146,2406.288807522807,591243.5737101971,592160.0048356879,584884.6959585168,589330.5512743999,221716.34014132392,222060.00181338296,219331.7609844438,220998.95672789996,15661,18947.09848490226,77.36392391604826
2024-05-19 21:30:06.374644,247.26194894578262,2385.638886094612,2408.1976905630195,2385.638886094612,2397.8783617528334,589877.7204565997,595455.6544153449,591617.9199017882,592904.0770619259,221204.1451712249,223295.87040575437,221204.1451712249,222339.0288982222,38862,19061.98807426459,77.0935220072607
2024-05-20 21:30:06.374644,247.36634291940206,2377.5192096722794,2379.8423317280913,2355.41433975601,2378.761910611866,588118.2321172588,588692.8943243604,582650.2312853622,588425.6345040268,220544.33704397205,220759.83537163516,218493.83673201082,220659.61293901008,15837,18918.0052245379,76.47891428977015
2024-05-21 21:30:06.374644,245.92131213120717,2356.9564570446314,2389.498188397613,2334.6328866474714,2361.565876427454,579625.824552537,587628.5298258835,574135.9828290141,580759.3790153237,217359.68420720135,220360.6986847063,215300.99356088028,217784.7671307464,49903,18671.53353315727,75.92604936510213
2024-05-22 21:30:06.374644,246.44428186325888,2346.02052525312,2361.745704846349,2346.02052525312,2351.7802718065886,578163.3435824706,582038.7241744946,578923.3026611105,579582.8001855545,216811.25384342647,218264.52156543548,216811.25384342647,217343.55006958294,11603,18633.70628168578,75.61143510558583
2024-05-23 21:30:06.374644,243.8431502443087,2340.990666188511,2355.643718010211,2316.6713261429127,2339.352591812074,570834.5387359294,574407.5850528259,564904.4342473481,570435.1055196446,214062.95202597353,215402.84439480968,211839.16284275556,213913.16456986673,40254,18339.606015935078,75.21187621367608
2024-05-24 21:30:06.374644,245.87260992201,2335.5397070100785,2397.062274568498,2335.5397070100785,2357.657186505793,574245.2433390546,589371.9575937464,574393.9075376984,579683.3257475625,215341.96625214547,221014.48409765487,215341.96625214547,217381.2471553359,21988,18636.938199188608,75.80038215975028
2024-05-25 21:30:06.374644,241.56729086817964,2339.2577708273634,2348.783238476281,2323.3679564179165,2346.983494509964,565088.1623411032,567389.2037553047,561249.702921815,566954.4444811052,211908.0608779137,212770.95140823926,210468.63859568062,212607.91668041446,17868,18227.702047360635,75.45721524940808
2024-05-26 21:30:06.374644,240.365164162723,2350.5354986131674,2365.734474197979,2328.0650649506506,2351.4063908862076,564986.8509944619,568640.1552560105,559585.7415183635,565196.1831586394,211870.06912292322,213240.0582210039,209844.65306938632,211948.56868448976,10658,18171.173584061195,75.5994145638339
2024-05-27 21:30:06.374644,244.5550839431719,2367.9006647839583,2379.2336734579744,2319.6387788027478,2362.0178710553764,579082.1458453335,581853.6907329361,567279.4562679427,577643.4787312198,217155.80469200003,218195.13402485105,212729.7961004785,216616.30452420743,20868,18571.356697891584,75.9405813189955
2024-05-28 21:30:06.374644,243.10304242079067,2338.0860165154145,2338.0860165154145,2316.704848107969,2322.0535229747165,568395.8240564043,566074.8198705241,563197.996966043,564498.2760990689,213148.43402115162,213148.43402115162,211199.24886226613,211686.85353715083,47693,18148.735728493728,74.6556986504643
2024-05-29 21:30:06.374644,246.37392154091182,2328.706689035543,2341.262619287207,2328.160649192226,2338.4954488675626,573732.5990962394,576826.0528709361,573598.0691187239,576144.2942430762,215149.72466108977,216309.76982660103,215099.27591952146,216054.11034115357,5959,18523.15760812359,75.18431844864926
2024-05-30 21:30:06.374644,242.8145822011815,2366.4423066497598,2367.650540993518,2343.7681644251734,2356.4560649018626,574606.6999923617,574900.0769097424,569101.0876213285,572181.894874586,215477.51249713564,215587.52884115343,213412.90785799822,214568.21057796976,39769,18395.76565311812,75.76176523226847
2024-05-31 21:30:06.374644,241.90206331851658,2397.3297845705024,2415.4815662038873,2386.7950425497334,2401.7663634603477,579919.0213425393,584309.9747725624,577370.645511187,580992.2389300683,217469.63300345227,219116.2405397109,216513.99206669512,217872.0895987756,49374,18679.020027329872,77.21852407157868
2024-06-01 21:30:06.374644,245.49923054393437,2390.4919760342414,2395.0224107039776,2385.1226353236398,2392.277276141683,586863.9407378555,587976.1589633053,585545.7717248745,587302.2305405224,220073.9777766958,220491.05961123947,219579.66439682792,220238.3364526959,17169,18881.887555958154,76.91344305758783
2024-06-02 21:30:06.374644,244.8312398406245,2381.846555599396,2395.209577473001,2344.7151164567213,2362.731653461488,583150.4453175211,586422.1305308532,574059.5090351533,578470.5201276649,218681.4169940704,219908.29894906993,215272.3158881825,216926.44504787435,25694,18597.946248960423,75.96352993912221
2024-06-03 21:30:06.374644,243.6122552061295,2319.5195779204482,2334.773858062162,2313.94924155461,2329.2252201108754,565063.39537197,568779.524958839,563706.3931676315,567427.8087542037,211898.77326448876,213292.32185956463,211389.8974378618,212785.42828282638,14376,18242.92080614081,74.88627389557044
2024-06-04 21:30:06.374644,244.91652582714153,2370.7740181777717,2386.8503430983496,2344.976795579969,2363.2933557361675,580641.7360533524,584579.0937009685,574323.569918709,578809.598197269,217740.65102000715,219217.1601378632,215371.3387195159,217053.59932397588,6077,18608.847678667342,75.9815890731322
2024-06-05 21:30:06.374644,243.48966980009678,2373.215756017589,2373.215756017589,2348.920791527283,2362.4770545591377,577853.5207971097,576335.3085998092,571937.9479155601,575238.7579249097,216695.07029891614,216695.07029891614,214476.73046833504,215714.53422184114,19230,18494.044429170193,75.95534440044167
2024-06-06 21:30:06.374644,242.5251099997072,2396.261286010736,2419.8975932828575,2376.8610211138757,2404.0590475712297,581153.5319777937,586885.9299989517,576448.4805996591,583044.6849580038,217932.57449167263,220082.2237496069,216168.1802248722,218641.7568592514,32004,18745.006589441993,77.2922355224084
2024-06-07 21:30:06.374644,242.21572185193247,2396.9459703880093,2427.0480044484016,2394.1957161519736,2398.761526942266,580577.9984576125,587869.1843667618,579911.8436425547,581017.7547989647,217716.74942160468,220450.9441375357,217466.94136595802,217881.65804961178,47928,18679.84036776507,77.12191640626507
2024-06-08 21:30:06.374644,243.87634366342567,2331.176558120668,2331.176558120668,2310.067968863383,2317.5129417664434,568518.8154283578,568247.2485246974,563370.9298603982,565186.5826306698,213194.55578563418,213194.55578563418,211264.09869764931,211944.9684865012,18716,18170.864925111557,74.50971568365115
2024-06-09 21:30:06.374644,245.1582496297022,2309.957963591687,2341.0376524767444,2309.957963591687,2317.0543942952545,566305.2510723294,573924.6931984257,566355.5271936544,568044.9996022345,212364.4691521235,215221.75994940964,212364.4691521235,213016.87485083792,28401,18262.763618899,74.49497305111176
2024-06-10 21:30:06.374644,243.22524534795065,2331.83997134685,2333.9714038487928,2297.521926523108,2328.429831058607,567162.3491429958,567680.7673362234,558815.3342708792,566332.916934717,212685.88092862343,212880.2877510838,209555.75035157969,212374.84385051887,47157,18207.719808857928,74.86070156280184
2024-06-11 21:30:06.374644,241.96180305367187,2314.240042410928,2353.3842871071097,2306.6424667167444,2316.2696333786052,559957.6933607542,569429.1053866164,558119.3702469527,560448.7768507549,209984.1350102828,213535.91451998116,209294.76384260727,210168.29131903307,8467,18018.543494430134,74.46974242058306
2024-06-12 21:30:06.374644,239.51330961042584,2360.4326290088247,2360.4326290088247,2342.9003089325497,2343.6643233009877,565355.0310863421,563943.3077368684,561155.8070797242,561338.7986896986,212008.1366573783,212008.1366573783,210433.42765489657,210502.04950863696,45125,18047.15787968424,75.3505014966479
2024-06-13 21:30:06.374644,239.75588321400463,2359.2491428332087,2375.429461982885,2353.5875531550287,2359.5930166861176,565643.8619618593,569523.1886702745,564286.462528172,565726.3077411777,212116.44823569723,213571.19575135293,211607.42344806448,212147.36540294165,7946,18188.217198468934,75.8626204988544
2024-06-14 21:30:06.374644,243.48930930795888,2343.0254774861114,2343.0254774861114,2294.8475909603635,2328.5770260492673,570501.6552040438,569934.243071393,558770.8548899723,566983.6117431171,213938.12070151645,213938.12070151645,209539.0705837396,212618.8544036689,12480,18228.639780835812,74.86543398811283
2024-06-15 21:30:06.374644,244.42816112558936,2314.2959291105103,2326.0259967225675,2289.026457670657,2314.6054328261007,565679.0982529194,568546.2571092133,559502.5278162603,565754.7496769826,212129.66184484476,213204.846415955,209813.44793109765,212158.0311288685,18712,18189.131612557314,74.41623717028953
2024-06-16 21:30:06.374644,243.94210799108984,2371.9882931882435,2381.2418004462215,2334.1396325150463,2355.104378484053,578627.8243705274,580885.1444373494,569394.9423012682,574509.1266264454,216985.43413894778,217831.92916400603,213523.10336297558,215440.92248491704,21768,18470.58663279467,75.7183075372242
2024-06-17 21:30:06.374644,241.3805146601197,2340.4249248920073,2361.50113190871,2326.598873739121,2337.3966549244183,564932.9728938048,570020.3585905796,561595.6335508039,564202.0075304983,211849.8648351768,213757.63447146735,210598.36258155145,211575.75282393687,13424,18139.21063305357,75.14899142940243
2024-06-18 21:30:06.374644,241.45466783419366,2263.480291395695,2293.406940900635,2262.439963128253,2277.0396442893484,546527.8819081914,553753.8111237971,546276.6897919377,549801.8509571751,204947.95571557176,207657.6791714239,204853.75867197663,206175.69410894066,18140,17676.242636226052,73.2084699242641
2024-06-19 21:30:06.374644,241.66781168155345,2314.1927199593056,2333.624280846945,2310.106412798311,2317.1810898102394,559265.8904419474,563961.8732392201,558278.3615324912,559988.0832443177,209724.70891573027,211485.70246470755,209354.3855746842,209995.53121661913,48320,18003.732100190256,74.49904640346712
2024-06-20 21:30:06.374644,241.49983335160746,2325.345795298654,2325.345795298654,2298.805773531135,2301.5917861088856,561570.6220494861,560282.7500514559,555161.2112154822,555834.0327887244,210588.9832685573,210588.9832685573,208185.45420580584,208437.76229577165,28633,17870.17852330004,73.99783902483276
2024-06-21 21:30:06.374644,243.09505699310708,2318.548566070086,2324.7714122483653,2293.018497451749,2310.2145407394823,563627.6958100942,565140.4389564624,557421.4623242817,561601.7354473692,211360.38592878534,211927.66460867343,209033.04837160563,210600.65079276345,31252,18055.611350545565,74.27506681690106
2024-06-22 21:30:06.374644,242.92236442732434,2288.921776226163,2314.8351544807847,2284.627325041682,2298.9823532012956,556030.2898700505,562325.2289859628,554987.0716343987,558474.2290163528,208511.35870126894,210871.96086973604,208120.15186289948,209427.83588113228,19002,17955.061375268542,73.91394387131017
2024-06-23 21:30:06.374644,244.09008878420582,2296.507732849743,2325.964106596579,2288.95525272929,2299.355710409736,560554.7764049091,567744.7852880349,558711.2908617667,561249.9395003831,210208.0411518409,212904.2944830131,209516.7340731625,210468.72731264366,47949,18044.301038463964,73.92594757534476
2024-06-24 21:30:06.374644,240.92820720851498,2299.9134812098473,2300.5662411690155,2260.836435183233,2284.5856704253547,554114.0317625831,554271.300049283,544699.2691203862,550421.1297898439,207792.76191096863,207851.7375184811,204262.22592014482,206407.92367119147,33384,17696.15257811998,73.45108011720079
2024-06-25 21:30:06.374644,241.85216162191668,2273.586244696999,2291.299758346069,2268.5715926866083,2278.533438393032,549871.7479138252,554155.7994797721,548658.9434853306,551068.2374031731,206201.90546768444,207808.42480491454,205747.10380699896,206650.58902618993,7074,17716.957221038232,73.25649648409447
2024-06-26 21:30:06.374644,238.14064549443154,2277.1403236085343,2277.1403236085343,2254.747617260772,2263.4696938817183,542279.6665455351,541668.4368977963,536947.0530015117,539024.1339580758,203354.87495457567,203354.87495457567,201355.14487556688,202134.05023427843,32808,17329.736817067766,72.77218621318238
2024-06-27 21:30:06.374644,242.153918288084,2313.849135418827,2313.849135418827,2267.0936792375637,2298.4808157900457,560307.6344691643,556894.4552743533,548985.6175535247,556586.1356535513,210115.3629259366,210115.3629259366,205869.60658257175,208719.80087008176,21112,17894.358785157903,73.89781908113382
2024-06-28 21:30:06.374644,240.9231265218058,2240.4408617052077,2256.4477009723373,2219.1983459210674,2247.582877108603,539774.0171892274,543630.4349511963,534656.2038713235,541494.6938698803,202415.25644596026,203861.4131066986,200496.0764517463,203060.5102012051,14784,17409.16582657794,72.26141357431167
2024-06-29 21:30:06.374644,240.74803421503591,2264.7865505595832,2294.8618875707757,2261.2257846591883,2279.978363573854,545242.9099638717,552483.488227671,544385.6625730518,548900.3090832199,204466.09123645187,207181.30808537663,204144.62346489442,205837.61590620744,5455,17647.257879475947,73.30295187274275
2024-06-30 21:30:06.374644,242.0149744852945,2265.0482587830566,2283.762327297105,2265.0482587830566,2270.5393338136273,548175.5965573421,552704.6813712856,548981.0547780293,549504.5189407625,205565.8487090033,207264.2555142321,205565.8487090033,206064.19460278592,37572,17666.68335071896,72.99948024542664
2024-07-01 21:30:06.374644,237.04239340798622,2312.250426016209,2312.250426016209,2288.4871488904037,2301.9786776965084,548101.375141518,545978.0906963228,542468.4710563999,545666.5353353317,205538.01567806923,205538.01567806923,203425.67664614995,204624.95075074938,49984,17543.291388095797,74.01027786893785
2024-07-02 21:30:06.374644,241.7623212357582,2284.9078716031186,2292.6599171329135,2272.820274048249,2275.5387080264522,552404.6308486257,554278.7833702342,549482.3052055967,550139.5201142933,207151.73656823463,207854.54376383784,206055.8644520988,206302.32004286,11056,17687.098769106655,73.16021373885422
2024-07-03 21:30:06.374644,240.21347048688506,2286.3481066409377,2290.311589841938,2256.045448384557,2280.4268453201885,549211.6134373384,550163.6954922671,541932.5067325952,547789.2467058215,205954.3550390019,206311.38580960018,203224.69002472318,205420.96751468306,43731,17611.53699542893,73.3173708849547
2024-07-04 21:30:06.374644,242.42512754896072,2264.666807267429,2264.666807267429,2211.0432143341613,2239.052847798596,549012.139607704,545985.7827211772,536012.4332512232,542802.6722164383,205879.552352889,205879.552352889,201004.6624692087,203551.0020811644,13822,17451.21759955113,71.98716696830247
2024-07-05 21:30:06.374644,239.60359753648143,2211.2310252464417,2220.489077782867,2200.759827564599,2214.6379294986227,529818.9086333297,532037.1713272388,527309.9719982445,530635.2151486145,198682.09073749863,199513.93924771453,197741.2394993417,198988.20568073043,42501,17060.031351228605,71.20220970304379
2024-07-06 21:30:06.374644,241.2409988805644,2240.41448653433,2240.41448653433,2194.2480902796824,2212.341866495732,540479.8286380286,539708.0156093206,529342.6010908415,533707.5617387227,202679.93573926072,202679.93573926072,198503.47540906555,200140.33565202102,37994,17158.807926270663,71.12838961839446
2024-07-07 21:30:06.374644,239.1411173564709,2178.656445761979,2224.419614995907,2175.0008488684657,2196.162742049466,521006.3367753971,531950.192199772,520132.13324967754,525192.8120303602,195377.37629077391,199481.3220749145,195049.5499686291,196947.3045113851,19402,16885.056971140697,70.60821907661408
2024-07-08 21:30:06.374644,238.05096422337016,2241.9053199446084,2263.7929206727545,2213.9682170638544,2234.5134634154974,533687.7231103173,538898.0875681886,527037.2688319462,531928.0845361615,200132.89616636897,202086.7828380707,197638.97581197982,199473.03170106056,35224,17101.59736806075,71.84122248028349
2024-07-09 21:30:06.374644,241.0863430803378,2194.1982761925237,2198.205077670822,2162.658619136707,2198.007195523477,528991.2384004366,529957.2235162883,521387.45781884174,529909.5168330241,198371.71440016374,198733.95881860814,195520.29668206564,198716.06881238404,20439,17036.70000106173,70.66751958858254
2024-07-10 21:30:06.374644,240.47087837211458,2236.559687981513,2238.2110454793797,2213.1237716283545,2230.5761647999907,537827.472700577,538224.5760885953,532191.8173096775,536388.6096253564,201685.30226271637,201834.21603322326,199571.93149112904,201145.72860950866,5222,17245.004167481882,71.71463548475222
2024-07-11 21:30:06.374644,239.80873273187245,2203.2346134817594,2218.350158010621,2189.305357698533,2196.3533252049215,528354.9005700576,531979.740148076,525014.543392784,526704.7075488264,198133.0877137716,199492.4025555285,196880.453772294,197514.26533080987,49269,16933.664723148995,70.61434646277498
2024-07-12 21:30:06.374644,238.28853763630465,2241.8033516359224,2274.6968015680523,2241.8033516359224,2253.9451198730735,534196.0423294904,542034.1744116306,535017.6463613563,537089.2865270401,200323.5158735589,203262.81540436146,200323.5158735589,201408.48244764004,33697,17267.531074043214,72.46596427646642
2024-07-13 21:30:06.374644,238.38640801043752,2250.2411194124284,2264.4189292847514,2250.2411194124284,2259.047923393906,536426.8976141148,539806.6947830328,536650.2653180865,538526.3199813112,201160.08660529304,202427.51054363727,201160.08660529304,201947.3699929917,32191,17313.731995283924,72.63002309688318
2024-07-14 21:30:06.374644,238.02673870795138,2214.371352793795,2226.1242759165184,2202.7595071288843,2206.2795758046836,527079.5913938214,529877.1013550085,524315.6616398226,525153.5321067512,197654.84677268303,198703.9130081282,196618.3731149335,196932.57454003172,28905,16883.79411351438,70.93348259214184
2024-07-15 21:30:06.374644,240.60200454627017,2230.4921859790466,2230.4921859790466,2201.498322643393,2209.49338282635,536660.8910713507,534635.0673052652,529684.9094332517,531608.5369397394,201247.83415175648,201247.83415175648,198631.8410374694,199353.20135240228,48218,17091.323847085245,71.03680881014516
2024-07-16 21:30:06.374644,240.5059057279546,2228.635796205784,2254.9263984593445,2215.3055086725813,2222.0528498920276,536000.0707042133,542323.1158113392,532794.0578274264,534416.8332386648,201000.02651408,203371.16842925223,199797.77168528488,200406.3124644993,7243,17181.61115093444,71.44060475162048
2024-07-17 21:30:06.374644,243.55709215250712,2219.4160946720917,2251.020104066264,2194.6447245752884,2215.6634998884288,540554.5302948081,548251.9109232132,534521.2874253971,539640.5592212725,202707.94886055304,205594.46659620496,200445.48278452392,202365.2097079772,9406,17349.555016116014,71.2351825321404
2024-07-18 21:30:06.374644,241.57831297907168,2190.6656567136347,2205.301441526604,2181.5283564348897,2185.1751227910186,529217.31365007,532753.0018543119,527009.9400635476,527890.91972769,198456.49261877625,199782.37569536697,197628.72752383034,197959.09489788377,42230,16971.801688776042,70.25495917793877
2024-07-19 21:30:06.374644,240.48419271925425,2195.761043505605,2210.043626973937,2195.761043505605,2196.4873654087423,528045.8219518327,531480.5575071599,528116.4338189543,528220.490888363,198017.1832319373,199305.20906518496,198017.1832319373,198082.68408313612,21040,16982.397469404674,70.61865595218359
2024-07-20 21:30:06.374644,237.40597337438984,2186.2366686016753,2201.5334637767337,2170.2180055969898,2186.8118854776217,519025.6443361641,522657.1948842075,515222.7180533804,519162.2042584995,194634.61662606156,195996.4480815778,193208.51927001763,194685.82659693732,34674,16691.171690409577,70.3075822810173
2024-07-21 21:30:06.374644,241.20219068522235,2223.4313617926346,2229.19706456026,2209.362095368901,2219.640833957601,536296.5153026106,537687.2154410018,532902.9774198721,535382.2316849473,201111.19323847897,201632.70579037568,199838.61653245203,200768.3368818552,33138,17212.648909624077,71.36305669643612
2024-07-22 21:30:06.374644,239.2090646050781,2159.077748268473,2179.19950519893,2148.9190925690455,2165.6462470181914,516470.96857293975,521284.27522648516,514040.9260454346,518042.2130147195,193676.6132148524,195481.60320993193,192765.34726703799,194265.8298805198,10321,16655.163741471177,69.62709171052104
2024-07-23 21:30:06.374644,241.50705065472633,2194.4233933763035,2223.625619863673,2188.139913466668,2208.3412908709665,529968.7216220474,537021.2652135633,528451.2169212231,533329.9919972982,198738.27060826775,201382.97445508625,198169.20634545866,199998.7469989868,46098,17146.668981394618,70.99976822129234
2024-07-24 21:30:06.374644,239.65920279387902,2131.533077987445,2165.1645935802403,2131.533077987445,2146.6529141130336,510841.5181992542,518901.62041497347,512153.2121335849,514465.12607148685,191565.5693247203,194588.10765561505,191565.5693247203,192924.42227680757,48932,16540.159660220128,69.01644233327546
2024-07-25 21:30:06.374644,240.4493147297215,2125.992334528905,2127.3539692689583,2111.9299679648575,2122.378999034641,511193.399958116,511520.80409827403,507812.1135543127,510324.57591463166,191697.5249842935,191820.30153685276,190429.54258286726,191371.71596798688,49554,16407.040120712183,68.23601842347777
2024-07-26 21:30:06.374644,238.21630870351902,2123.053715800168,2137.118796683438,2095.9413330060443,2121.5426435586883,505746.01935720595,509096.551006835,499287.407607833,505386.0573056563,189654.75725895225,190911.20662756314,187232.77785293738,189519.7714896211,28393,16248.26573127753,68.2091289905859
2024-07-27 21:30:06.374644,238.45120962453956,2109.583654226572,2146.107002374097,2088.6094067037466,2119.515798657736,503032.77415448247,511741.81069979805,498031.43946170027,505401.1060082592,188637.29030793093,191903.17901242425,186761.78979813762,189525.4147530972,35258,16248.749550162654,68.1439644624475
2024-07-28 21:30:06.374644,238.84075186896064,2141.229690302073,2153.5718396501925,2136.5719823483296,2137.6608147241927,511412.90915588883,514360.71738587273,510300.45868623076,510560.51622954116,191779.8409334583,192885.26901970227,191362.67200733654,191460.19358607795,14442,16414.625650383914,68.7273398403457
2024-07-29 21:30:06.374644,240.76942697609206,2145.960270535212,2172.784684431739,2128.0271260213476,2155.1287849292407,516681.62465022254,523140.1234130589,512363.87172173994,518889.1226070948,193755.60924383346,196177.54627989707,192136.45189565248,194583.42097766057,31202,16682.39205912728,69.28894770457475
2024-07-30 21:30:06.374644,236.28053110529277,2108.780108634444,2160.483278403084,2108.780108634444,2136.6808125682737,498263.6840524234,510480.1364651848,500361.5136248212,504856.0771961202,186848.88151965878,191430.0511744443,186848.88151965878,189321.02894854508,15546,16231.22676170654,68.69583206289562
2024-07-31 21:30:06.374644,234.32598626929675,2137.734304557204,2172.710509654264,2129.0232191678365,2144.465119795934,500926.699297076,509122.53305240185,498885.4656217364,502503.9042162878,187847.51223640348,190920.9498946507,187082.04960815117,188438.96408110793,26740,16155.603916418719,68.9461031651079
2024-08-01 21:30:06.374644,240.1509977883421,2123.258222440114,2141.0261595281568,2123.258222440114,2134.805250051557,509902.58068129496,514169.56850162894,510125.7463431813,512675.61088367255,191213.46775548562,192813.58818811085,191213.46775548562,192253.3540813772,9221,16482.6263787189,68.63553137272515
2024-08-02 21:30:06.374644,242.874064958751,2127.3263272792774,2142.9004400597637,2093.9610040355324,2123.7516817689284,516672.39260008844,520454.94067921117,508568.8209152174,515804.2039142034,193752.14722503317,195170.6027547042,190713.3078432065,193426.57646782626,24798,16583.211288393886,68.28015116526849
2024-08-03 21:30:06.374644,237.26351236640804,2130.965999739148,2157.1346347033204,2109.3941929809043,2133.739976627713,505600.4778315044,511809.34007693833,500482.2751919541,506258.6413313086,189600.17918681417,191928.50252885188,187680.8531969828,189846.99049924072,34503,16276.31948724629,68.60128206239533
2024-08-04 21:30:06.374644,236.00383405990442,2140.817403260579,2154.1678381896404,2138.691352054517,2147.204851436779,505241.1151916651,508391.8690212909,504739.3589556269,506748.57745110727,189465.41819687444,190646.9508829841,189277.2596083601,190030.71654416522,40191,16292.071034307717,69.03418751705689
2024-08-05 21:30:06.374644,235.39713656562722,2098.6991940464236,2131.601435081027,2098.6991940464236,2113.0451268418933,494027.78079111775,501772.87411725544,496624.37941057247,497404.77229253424,185260.41779666915,188164.8277939708,185260.41779666915,186526.78960970032,22128,15991.66577586594,67.93592768794166
2024-08-06 21:30:06.374644,239.61231930087177,2120.850801363312,2120.850801363312,2100.4428909758853,2108.302869062603,508181.97940577567,506348.29870023596,503291.99266576004,505175.34024477244,190568.24227716587,190568.24227716587,188734.49724966002,189440.75259178967,12844,16241.491134412696,67.78346067364133
2024-08-07 21:30:06.374644,237.44557889840044,2051.6327936832595,2079.474355035532,2018.6347055773172,2052.3753515248195,487151.1363830641,493761.99203578976,479315.8862502082,487327.45345961885,182681.67614364903,185160.74701342115,179743.45734382808,182747.79504735707,46960,15667.677901865318,65.98535057227706
2024-08-08 21:30:06.374644,236.55848730929662,2118.065269095994,2118.065269095994,2082.7542985684977,2097.0298685021603,501046.31607970665,497361.9785319025,492693.20630629896,496070.2135352843,187892.36852989,187892.36852989,184759.9523648621,186026.33007573162,13208,15948.75943721979,67.4210255598939
2024-08-09 21:30:06.374644,237.54953338129556,2073.966771352372,2108.75189312453,2055.3659606379038,2075.2570143654602,492669.838783068,500933.02822865575,488251.22487733234,492976.33540877566,184751.1895436505,187849.8855857459,183094.20932899963,184866.12577829088,30512,15849.2906188521,66.72101256660699
2024-08-10 21:30:06.374644,238.93998165596994,2087.8998135803263,2092.457556260525,2058.0362067803967,2083.549454874461,498882.74315638625,499971.77010878554,491747.13349542994,497843.2685270099,187081.02868364484,187489.41379079458,184405.17506078622,186691.2256976287,45496,16005.763520029896,66.98762052098513
2024-08-11 21:30:06.374644,237.83936030377694,2140.936495885987,2141.865212660004,2105.7112365959197,2130.1764177231826,509198.9666325329,509419.85203596856,500821.01349644864,506639.7965254729,190949.61248719983,191032.4445134882,187807.88006116822,189989.92369705235,16194,16288.573705165669,68.48671106863159
2024-08-12 21:30:06.374644,241.30988447145273,2083.349569843983,2093.725761028923,2049.3420997182743,2080.7883558679787,502732.84401270223,505236.7215087939,494526.50532550114,502114.797764046,188524.81650476332,189463.7705657977,185447.43949706294,188293.04916151724,45562,16143.094063916087,66.89884919279112
2024-08-13 21:30:06.374644,245.40645739745693,2077.9951986238834,2116.1321292182224,2063.561489703101,2081.1775516163116,509953.4401832121,519312.4892163815,506411.3148098568,510734.41015727207,191232.54006870455,194742.18345614307,189904.2430536963,191525.40380897702,31661,16420.2163759411,66.911362117328
2024-08-14 21:30:06.374644,237.95204625494193,2079.3182926943086,2114.9518614270023,2073.7287731938245,2095.5563982476383,494778.042561943,503257.1231572536,493448.00495922094,498641.9330056615,185541.76596072863,188721.42118397012,185043.00185970785,186990.72487712308,10928,16031.440747352803,67.37365242649986
2024-08-15 21:30:06.374644,241.23531044511418,2115.1027493249626,2123.2116849733516,2095.425082120846,2101.853343642924,510237.46835672186,512193.6299652404,505490.5201999012,507041.243863802,191339.0506337707,192072.61123696517,189558.94507496295,190140.46644892576,33219,16301.480319695282,67.57610377105226
2024-08-16 21:30:06.374644,243.68501611024288,2153.500373029053,2169.193642883921,2133.1930969783675,2137.9449641590504,524775.7730949989,528599.9878124046,519827.1942034324,520985.15303391084,196790.9149106246,198224.99542965175,194935.19782628716,195369.43238771657,8610,16749.779868631394,68.7364754499992
2024-08-17 21:30:06.374644,239.40175749118782,2108.2527824426584,2108.2527824426584,2083.198402671138,2102.0887435548243,504719.42135245923,504239.3892391261,498721.3588023056,503243.73960946774,189269.78300717223,189269.78300717223,187020.5095508646,188716.4023535504,34504,16179.389776538957,67.58367204831688
2024-08-18 21:30:06.374644,242.08500054661087,2105.275258919224,2127.187318970932,2100.6917951446444,2118.203986873555,509655.5622062267,514960.1432758218,508545.9743758522,512785.4133201179,191120.83582733502,193110.05372843318,190704.7403909446,192294.52999504423,26125,16486.15654964371,68.1017887656873
2024-08-19 21:30:06.374644,241.10599815030616,2140.1728513171674,2160.108058357412,2113.3543401199527,2138.673077146078,516008.5115310124,520815.0095227836,509542.4076199028,515646.90698249184,193503.19182412967,195305.62857104387,191078.40285746354,193367.59011843445,7843,16578.154159673737,68.75988480865747
2024-08-20 21:30:06.374644,240.15353298162216,2109.652394065291,2130.5897912044384,2104.3137217773565,2113.8142960253253,506640.475797917,511668.6656923226,505358.3747865385,507639.97125754243,189990.17842421887,191875.74963462097,189509.39054495192,190364.9892215784,6828,16320.729528598971,67.96065703298103
2024-08-21 21:30:06.374644,241.69472385040106,2142.8951687758736,2149.0376224357997,2134.465703950823,2147.570260281797,517926.45605764334,519411.05469874304,515889.098884546,519056.40100814286,194222.42102161626,194779.14551202866,193458.41208170477,194646.15037805357,9687,16687.770094140396,69.04593567546408
2024-08-22 21:30:06.374644,238.86847388086227,2107.675121988251,2162.9008250597535,2104.908815371902,2131.636458071728,503457.1398259937,516648.81923768116,502796.35638625995,509180.74760840036,188796.42743474763,193743.30721413044,188548.6336448475,190942.78035315013,24033,16370.265805311225,68.53365242084422
2024-08-23 21:30:06.374644,240.3111536250383,2130.371471419594,2141.508575435025,2123.2583783114746,2126.01452305965,511952.0259467129,514628.39626070316,510242.6703360584,510905.00266005006,191982.00973001734,192985.64859776368,191341.00137602192,191589.37599751877,5253,16425.700960006754,68.35290314786599
2024-08-24 21:30:06.374644,237.22620486336055,2174.229372413981,2179.401574593135,2154.599191962985,2166.817237911478,515784.1825202149,517011.16441396164,511127.3893110422,514025.82998224936,193419.06844508057,193879.18665523562,191672.77099164083,192759.68624334352,21563,16526.036200561,69.66473991388358
2024-08-25 21:30:06.374644,245.097698331157,2101.8251595853358,2110.5025073975125,2078.7641465661327,2104.132052777124,515152.50890888256,517279.306885266,509500.307696691,515717.9231204857,193182.19084083097,193979.74008197474,191062.61538625913,193394.22117018214,5045,16580.437343122612,67.6493659162835
2024-08-26 21:30:06.374644,235.49425066252533,2144.8667025139025,2153.2614761387485,2113.873844780344,2136.6086943370137,505103.7768795131,507080.69780377776,497805.13707165845,503159.06343193166,189413.9163298174,190155.26167641667,186676.92640187193,188684.64878697437,39215,16176.66742000809,68.69351340964887
2024-08-27 21:30:06.374644,242.42456703038766,2097.489365386706,2100.4944155735357,2046.7725113768593,2080.3661646480205,508482.9512547148,509211.44924516155,496187.9398802343,504331.86672946456,190681.10672051806,190954.29346693557,186070.47745508788,189124.4500235492,42326,16214.373287341325,66.88527543999938
2024-08-28 21:30:06.374644,242.95713872111108,2104.704850688143,2122.906566130565,2083.4258876086233,2104.192266991573,511353.0683756345,515775.3050793412,506183.19239088224,511228.5325073608,191757.40064086294,193415.73940475297,189818.69714658085,191710.69969026028,33482,16436.10251116772,67.65130184678807
2024-08-29 21:30:06.374644,238.57536221872488,2062.603828321463,2086.3049916551213,2062.603828321463,2065.7632338677713,492086.45545552165,497740.96908285434,492221.8009075781,492840.211778128,184532.42079582062,186652.8634060704,184532.42079582062,184815.079416798,26985,15844.914216117799,66.41578066351926
2024-08-30 21:30:06.374644,239.88802359379045,2038.349597356089,2062.5026574134968,2023.9162435811957,2048.4223438631316,488975.6563029507,494769.6861438644,485513.2675920616,491391.98755468644,183365.8711136065,185538.63230394915,182067.4753470231,184271.99533300742,10509,15798.35350934563,65.85825851955991
2024-08-31 21:30:06.374644,238.56652799673503,2095.0470965013765,2099.356230128939,2068.318496143152,2087.0806941901565,499808.11180197407,500836.1268501756,493431.5624163002,497907.59486196114,187428.04192574028,187813.54756881585,185036.83590611257,186715.34807323542,8744,16007.83162493445,67.1011524166141
2024-09-01 21:30:06.374644,241.6933511266903,2033.3057313128124,2051.402631515316,2010.943159233081,2025.7525841479096,491436.47606609936,495810.3765210477,486031.5910803369,489610.9306162609,184288.67852478725,185928.8911953929,182261.84665512634,183604.09898109784,47820,15741.092162302626,65.12940936383075
2024-09-02 21:30:06.374644,241.69773220825087,2089.225869764692,2113.528761728003,2055.7347039371252,2095.0705271497172,504961.1547929366,510835.10866657086,496866.4159634032,506373.79522843135,189360.43304735122,191563.16574996407,186324.9059862762,189890.17321066174,46177,16280.021708733004,67.35803131961731
2024-09-03 21:30:06.374644,243.26394485579004,2086.5518006496773,2102.3947931126377,2069.802325548507,2095.5051468839843,507582.8221719925,511436.85101685283,503508.27878461796,509760.8484966098,190343.55831449718,191788.81913131982,188815.60454423173,191160.31818622866,28024,16388.91616822948,67.37200465812478
2024-09-04 21:30:06.374644,238.67078319613194,2058.140519822544,2073.736809055851,2047.396424462918,2069.803797225964,491218.00979374064,494940.3883600075,488653.70813952485,494001.6933462487,184206.75367265273,185602.64563500282,183245.14055232183,185250.63500484327,30361,15882.256087520856,66.54568769514569
2024-09-05 21:30:06.374644,242.34513007939586,2094.3693524695673,2130.062308655128,2076.642786942478,2099.3491366795906,507560.21315853734,516210.2272682453,503264.2663300139,508767.0396106828,190335.0799344515,193578.835225592,188724.0998737552,190787.63985400606,14568,16356.965008059506,67.49559170767247
2024-09-06 21:30:06.374644,242.04557900820612,2081.188061778802,2131.8058242916672,2081.188061778802,2098.230532107698,503742.3694382164,515994.1750737427,504569.6256516862,507867.4240367041,188903.38853933115,193497.81565265352,188903.38853933115,190450.28401376406,35580,16328.042182250005,67.45962776239645
2024-09-07 21:30:06.374644,242.0330850594058,2069.425658450119,2096.5765064717766,2069.425658450119,2082.1591131827045,500869.47641577455,507440.8799244354,502408.6161162591,503951.39374816645,187826.05365591546,190290.32997166328,187826.05365591546,188981.7726555624,37854,16202.141002705968,66.94292003095164
2024-09-08 21:30:06.374644,242.9179584658716,2102.421552557057,2121.4400121670715,2076.7968161825547,2095.2544186544856,510715.9513818085,515335.8767634388,504491.2427354882,508974.92584614427,191518.48176817817,193250.95378628955,189184.21602580807,190865.5971923041,13001,16363.648593304535,67.36394356437332
2024-09-09 21:30:06.374644,241.65121864495347,2120.29328903318,2148.954462491138,2109.1625516679837,2113.4692732904077,512371.4571795845,519297.4646734945,509681.7009308679,510722.42545929126,192139.29644234417,194736.54925256045,191130.6378490755,191520.90954723422,5381,16419.83106543503,67.9495643027443
2024-09-10 21:30:06.374644,241.717214614336,2111.962666722301,2117.869834017694,2093.335268610375,2105.6640604693075,510497.7331695798,511925.5971944831,505995.17038245266,508975.25161015376,191436.64993859243,191972.09894793117,189748.18889341975,190865.71935380765,29205,16363.65906668447,67.6986210705968
2024-09-11 21:30:06.374644,244.3386456830322,2111.5550915860517,2150.3823856572917,2107.5199093458127,2126.4584159028877,515934.51136324694,525421.5198121505,514948.5603995827,519575.96944299765,193475.4417612176,197033.06992955646,193105.71014984354,194840.98854112413,25339,16704.474326228064,68.3671746235275
2024-09-12 21:30:06.374644,240.75106076073897,2123.3401360540015,2144.9212640341407,2123.3401360540015,2136.968654410395,511196.39011085266,516392.0695644844,513243.21203938825,514477.4703617516,191698.64629156975,193647.02608668164,191698.64629156975,192929.05138565687,16636,16540.55653169212,68.70508638611074
2024-09-13 21:30:06.374644,242.35930935718136,2121.554256620293,2148.707851449577,2093.299746733304,2124.871204479757,514178.42439828254,520759.3508876725,507330.68089584616,514982.317590676,192816.90914935595,195284.7565828772,190249.00533594232,193118.3690965035,47840,16556.787473980068,68.31614462937473
2024-09-14 21:30:06.374644,243.00215267025024,2111.6499296505312,2132.945802460315,2108.1146024403884,2121.668741894348,513135.47859106155,518310.4215268309,512276.38646860316,515570.0715335081,192425.80447164807,194366.40807256158,192103.64492572617,193338.77682506552,48730,16575.683884179143,68.21318314319443
2024-09-15 21:30:06.374644,241.94029253254104,2156.9545483331885,2174.0094953041685,2156.9545483331885,2171.706392266433,521854.21440312656,525980.4932624124,523632.0612413566,525423.2798397301,195695.33040117245,197242.68497340463,195695.33040117245,197033.7299398988,38834,16892.4665586333,69.82192975923715
2024-09-16 21:30:06.374644,238.715771548273,2129.2698161233043,2137.3959587468303,2090.6983398757175,2127.261856326524,508290.286990324,510230.1253964103,499082.6672781254,507810.9553181977,190608.85762137148,191336.29702365387,187156.00022929703,190429.10824432416,10335,16326.226701330947,68.39300581370341
2024-09-17 21:30:06.374644,243.6082070535676,2122.222644886629,2133.1819727869174,2114.9164017852386,2122.6857145058902,516990.8534893118,519660.6357096132,515210.9927070846,517103.66104900104,193871.57005849193,194872.73839110497,193204.1222651567,193913.8728933754,29330,16624.989102655643,68.2458795475072
2024-09-18 21:30:06.374644,241.62381336368833,2164.8293644977284,2173.913077891561,2141.532690629722,2153.5665374432597,523074.32633163116,525269.1678013518,517445.2951529532,520352.9591094747,196152.87237436167,196975.9379255069,194041.98568235745,195132.359666053,34311,16729.454703879717,69.23872031903997
2024-09-19 21:30:06.374644,238.53120542152485,2156.312967157555,2172.9764296406306,2136.600060856066,2155.6043622280504,514347.93132215645,518322.6871147409,509645.7880197008,514178.90693415416,192880.47424580867,194371.00766802783,191117.17050738778,192817.0901003078,26005,16530.957656062055,69.30423785837769
2024-09-20 21:30:06.374644,241.54090174380966,2148.3296516604287,2169.6569679063596,2131.621353836757,2144.114277200257,518909.4813050244,524060.900502842,514873.7439820906,517891.29595672677,194591.05548938416,196522.83768856575,193077.65399328398,194209.23598377255,42619,16650.31172700382,68.93482332214244
2024-09-21 21:30:06.374644,241.91290842195326,2140.4846286225043,2174.7524816996915,2140.4846286225043,2148.404681594492,517810.86194255453,526100.6979458331,519137.75820505276,519726.82499186404,194179.07322845794,197287.7617296874,194179.07322845794,194897.559371949,26397,16709.324363164353,69.07276292360963
2024-09-22 21:30:06.374644,241.591119858426,2075.753487773252,2075.753487773252,2064.596789126524,2072.855009307285,501483.6096611735,501364.0464959617,498788.2503411875,500783.363002695,188056.35362294005,188056.35362294005,187045.59387794533,187793.76112601062,35523,16100.288162380884,66.64378636832784
2024-09-23 21:30:06.374644,241.82002794431816,2141.6311042051075,2141.6311042051075,2116.2335485549374,2137.4008880362676,517889.29346530006,517624.4601755812,511747.6558482585,516866.3424731407,194208.48504948753,194208.48504948753,191905.37094309693,193824.87842742776,5401,16617.35926161075,68.71898300950915
2024-09-24 21:30:06.374644,244.56326766152426,2126.5625071074437,2129.5182920288007,2092.440288701339,2113.13492472117,520079.07562467986,520801.9520435516,511734.03439142264,516795.18219949846,195029.65335925494,195300.73201633187,191900.26289678348,193798.19332481193,48378,16615.07144417112,67.93881475464723
2024-09-25 21:30:06.374644,244.92321614765117,2130.571710491912,2133.191933060176,2095.890230816336,2116.3512238829703,521826.4755668815,522468.2289053233,513332.17602397996,518343.54825143487,195684.92833758055,195925.58583949623,192499.5660089925,194378.83059428807,45461,16664.85173133471,68.04222109675665
2024-09-26 21:30:06.374644,242.8714607637497,2095.7803016778103,2125.962470628454,2095.7803016778103,2118.9047358451776,509005.2233083818,516335.61077044293,511857.46532998665,514621.4884139455,190876.95874064317,193625.8540389161,190876.95874064317,192983.05815522955,17225,16545.186741703495,68.12431835147741
2024-09-27 21:30:06.374644,244.0857347830123,2088.123659284626,2107.5021524720496,2088.123659284626,2098.4731620272423,509681.1976942803,514411.21144292026,510225.57076040807,512207.3636758507,191130.44913535513,192904.20429109508,191130.44913535513,192077.761378444,41798,16467.57213464026,67.46742848963115
2024-09-28 21:30:06.374644,240.9692134739896,2112.9690068395403,2121.638462870289,2100.57639672344,2108.409706671805,509160.479673041,511249.55167401786,506174.24216047453,508061.82869763,190935.17987739036,191718.5818777567,189815.34081017796,190523.18576161124,22460,16334.292332099729,67.78689557997669
2024-09-29 21:30:06.374644,241.74974414389652,2079.836811364287,2101.35902988324,2077.993156269943,2095.858115859536,502800.0170083739,508003.0078287399,502354.3138610267,506673.1632709519,188550.0063781402,190501.12793577745,188382.86769788503,190002.43622660695,27309,16289.646452898402,67.38335286573974
2024-09-30 21:30:06.374644,238.16186657388468,2104.4476835046435,2125.2181808615724,2093.6202109565475,2100.727786701804,501199.1884105536,506145.9288307477,498620.4973382215,500313.2508445271,187949.6956539576,189804.7233115304,186982.6865018331,187617.46906669767,49431,16085.17395976489,67.53991630208188
2024-10-01 21:30:06.374644,243.228674511652,2121.1109649096334,2134.57118889175,2088.531752254067,2123.4977019873927,515915.00848710135,519188.9209249015,507990.80977625475,516495.53138293256,193468.128182663,194695.84534683806,190496.55366609554,193685.8242685997,30955,16605.43760876198,68.2719855317695
2024-10-02 21:30:06.374644,243.67878504323372,2097.226030046525,2128.2644887922806,2083.30956120419,2095.3528168433895,511049.4909627816,518612.90487956186,507658.3427431893,510593.02864531457,191643.5591110431,194479.8393298357,190371.878528696,191472.38574199297,42820,16415.670931240824,67.36710713724788
2024-10-03 21:30:06.374644,244.33152766920657,2069.0252947570452,2091.36975849831,2069.0252947570452,2079.4023255630786,505528.11105421925,510987.56801507174,506921.0299807677,508063.5468437278,189573.0416453322,191620.3380056519,189573.0416453322,190523.83006639793,11467,16334.347570850303,66.85428731696042
2024-10-04 21:30:06.374644,245.63085988619184,2120.197578869888,2132.8651909957334,2094.7347724225187,2125.149095876359,520785.9544264326,523897.5108856088,514531.50338364963,522002.19980647316,195294.73290991224,196461.5665821033,192949.31376886863,195750.82492742743,8293,16782.478131638156,68.32507903857633
2024-10-05 21:30:06.374644,244.8582477227725,2089.584667109244,2119.6503517225374,2089.584667109244,2099.434308094861,511652.0400567424,519013.8709077389,511781.5820843667,514063.80588917894,191869.5150212784,194630.2015904021,191869.5150212784,192773.9272084421,5894,16527.257133782758,67.49833003021722
2024-10-06 21:30:06.374644,247.3061146009213,2094.1738749097576,2123.9185173306073,2068.4203262750098,2101.7721099959126,517902.00430268794,525258.036249982,511532.99425264256,519781.0942996693,194213.25161350798,196971.76359374324,191824.87284474095,194917.910362376,26150,16711.069132576817,67.57349205060243
2024-10-07 21:30:06.374644,244.24710248701132,2112.462948927449,2133.5153999777826,2110.8877877235877,2121.531981286482,515962.95438669674,521104.9545559904,515578.2258267037,518178.0392627515,193486.1078950113,195414.3579584964,193341.8346850139,194316.7647235318,47504,16659.530583293195,68.20878619083003
2024-10-08 21:30:06.374644,244.4370310850096,2143.3969185829715,2143.3969185829715,2115.16534132536,2125.0081530102248,523925.5792151796,521644.1373670682,517024.7362874819,519430.68395325914,196472.09220569234,196472.09220569234,193884.27610780572,194786.50648247218,18171,16699.803367838835,68.32054762358656
2024-10-09 21:30:06.374644,244.6276197222278,2095.964594700411,2117.9633704176226,2084.2379092428087,2100.3924117019133,512730.82982362545,518112.33796413004,509862.1586729009,513813.9961572685,192274.06118385954,194292.12673654876,191198.30950233786,192680.2485589757,31349,16519.22569950066,67.52913375349762
2024-10-10 21:30:06.374644,248.10832940842084,2109.936704374533,2109.936704374533,2073.5430124067016,2099.9185777177017,523492.87087987445,523382.17722535424,514463.29276473116,521007.2902112461,196309.8265799529,196309.8265799529,192923.73478677418,195377.7338292173,40963,16750.4915834377,67.51389964851872
2024-10-11 21:30:06.374644,245.45206519203632,2115.6976900559116,2134.010476250134,2092.780576251587,2122.8195908964167,519302.3673462443,523797.2785370364,513677.3144347318,521050.45261563914,194738.3877548416,196423.97945138864,192628.9929130244,195393.91973086467,13730,16751.879263620085,68.25018377020002
2024-10-12 21:30:06.374644,247.28067721718162,2132.6828041564054,2136.203439150221,2130.6708172760254,2135.247133796584,527371.2481012339,528241.8331067391,526873.7226229014,528005.3572712652,197764.21803796268,198090.68741502718,197577.64598358804,198002.00897672446,37170,16975.480879348805,68.64973825442745
2024-10-13 21:30:06.374644,246.10118471291477,2122.9921732509943,2144.318099224379,2112.1335816666865,2124.2408814110395,522470.8889733153,527719.2246204652,519798.57672010345,522778.1975308631,195926.58336499325,197894.70923267445,194924.4662700388,196041.82407407367,19733,16807.426618147605,68.29587928725189
2024-10-14 21:30:06.374644,248.2986173867068,2117.2839772973352,2126.813399726958,2099.9409964371193,2114.3672905382437,525718.6841779558,528084.826591725,521412.4460090001,524994.4748883233,197144.50656673344,198031.80997189687,195529.66725337505,196872.92808312125,11970,16878.6803912141,67.97843620615826
2024-10-15 21:30:06.374644,244.89438249657553,2135.384183763925,2151.45814312301,2120.2603928827984,2130.500059966546,522943.59107582044,526880.0134273386,519239.85964697954,521747.4965944244,196103.84665343267,197580.00503525196,194714.94736761734,195655.31122290916,21527,16774.28937096272,68.49711640061555
2024-10-16 21:30:06.374644,246.41870824854857,2121.489185331391,2160.0630647518756,2121.489185331391,2140.6971502617453,522774.624612627,532279.9501515582,526933.6914366697,527507.8265188483,196040.48422973513,199604.98130683432,196040.48422973513,197815.43494456811,20782,16959.48516328602,68.82496022189609
2024-10-17 21:30:06.374644,246.5320575662652,2188.334295405309,2223.8436286560864,2188.334295405309,2206.2155301218127,539494.556489094,548248.7454782143,541076.8118691233,543902.854075579,202310.45868341025,205593.2795543304,202310.45868341025,203963.57027834211,35515,17486.58867269737,70.93142347715893
2024-10-18 21:30:06.374644,248.36090758644104,2165.789887179592,2176.9280685894037,2141.0859443942923,2157.346840129813,537897.5420214592,540663.8308652624,531762.0483703386,535800.619193381,201711.5782580472,202748.9365744734,199410.768138877,200925.23219751788,8927,17226.100154108186,69.36025978201208
2024-10-19 21:30:06.374644,248.94811300618517,2153.514980440134,2173.86359335394,2145.982598797333,2150.0309424372203,536113.4907111231,541179.2394983084,534238.3185147054,535246.1460246559,201042.55901667115,202942.21481186565,200339.36944301453,200717.30475924595,42654,17208.273727644544,69.12504838481908
2024-10-20 21:30:06.374644,250.12787955632402,2145.4433137325163,2176.342799270379,2138.925307539896,2161.6063945107244,536635.1867722075,544364.0095691745,535004.8517043124,540678.0238943583,201238.1950395778,204136.50358844042,200626.81938911712,202754.25896038435,32038,17382.90971882582,69.4972075332591
2024-10-21 21:30:06.374644,249.03916342468935,2156.475011474361,2158.6607208107116,2132.8930926911958,2146.2313415462186,537046.7328038223,537591.0600284365,531173.9114781137,534495.657814519,201392.52480143335,201596.64751066366,199190.21680429264,200435.87168044463,8197,17184.145377267203,69.0028884706293
2024-10-22 21:30:06.374644,245.47359422376567,2128.4268808859883,2144.848500718668,2121.5512396977533,2141.57497251294,522472.59649356233,526503.6705368665,520784.80813849333,525700.1058024135,195927.2236850859,197438.87645132496,195294.30305193498,197137.53967590508,34429,16901.366570293645,68.85318284157538
2024-10-23 21:30:06.374644,246.913205706213,2150.3389501302067,2155.2489407746516,2121.0312183381243,2150.430265716414,530947.0835315818,532159.4250615892,523710.6175228209,530969.6305557032,199105.15632434317,199559.78439809597,196391.48157105784,199113.61145838868,23864,17070.78287537626,69.13788691679116
2024-10-24 21:30:06.374644,247.7740509798122,2144.8110984144937,2167.178607638095,2122.5222793702333,2146.416153438329,531428.5344406198,536970.6228112797,525905.9434544673,531826.2254259209,199285.7004152324,201363.9835542299,197214.72879542527,199434.83453472034,42569,17098.322576707847,69.00883030650341
2024-10-25 21:30:06.374644,247.95834832933193,2150.8538015495997,2158.86358807329,2141.5981711414875,2153.9704707112282,533322.1561301034,535308.2495669882,531027.1453013611,534094.9602677098,199995.80854878877,200740.5935876206,199135.1794880104,200285.61010039118,5683,17171.26286868923,69.25170706548228
2024-10-26 21:30:06.374644,245.78378050738166,2148.371586324769,2177.124468618991,2143.654952448696,2162.7877085224723,528034.8904215423,535101.8825323001,526875.618316212,531578.1394355503,198013.08390807838,200663.20594961254,197578.3568685795,199341.80228833138,45085,17090.346561070935,69.53518763233951
2024-10-27 21:30:06.374644,249.65268340916484,2163.187522618638,2181.2267887872586,2147.0835456825703,2166.7336536586463,540045.5697389664,544549.1209446947,536025.1686833178,540930.870868825,202517.0886521124,204205.92035426054,201009.43825624418,202849.0765758094,18794,17391.038801081053,69.6620526197581
2024-10-28 21:30:06.374644,247.6452544545519,2151.6735043557323,2179.8790061930586,2145.065911240068,2167.5878457590425,532851.7324892927,539836.6911688157,531215.3934108319,536792.843615592,199819.39968348478,202438.75918830588,199205.77252906197,201297.316355847,44917,17258.000373443672,69.68951551301437
2024-10-29 21:30:06.374644,248.78777082217928,2190.3365125802793,2193.6786981437454,2176.9978622553317,2187.144631268664,544928.938315274,545760.4332112827,541610.4452351537,544134.8372790281,204348.35186822774,204660.162454231,203103.91696318262,204050.56397963554,9621,17494.04698042143,70.31828029863726
2024-10-30 21:30:06.374644,249.48583008312315,2174.129090756827,2177.5223881316906,2159.302185905135,2159.986904489449,542414.4009153327,543260.9805276195,538715.2982508449,538886.1258352258,203405.40034324978,203722.86769785732,202018.23684406685,202082.29718820966,12241,17325.299827521405,69.44513975885187
2024-10-31 21:30:06.374644,248.92034380083376,2155.5843867002063,2171.274033432854,2139.5770752401036,2155.70539927749,536568.8066291248,540474.278887929,532584.261157149,536598.9291214665,201213.3024859218,202677.8545829734,199719.09793393087,201224.59842054994,9238,17251.765982557437,69.30748627252528
2024-11-01 21:30:06.374644,249.00782677835417,2220.6508053316597,2220.6508053316597,2198.0223150651377,2202.6966373746473,552959.4310692386,551283.6057978821,547324.7598846968,548488.7027246493,207359.78665096447,207359.78665096447,205246.7849567613,205683.2635217435,16102,17634.02465035524,70.81828853262968
2024-11-02 21:30:06.374644,250.2801685374044,2229.6235803274685,2257.83327395737,2213.646717135648,2228.647264407491,558030.5654593299,565090.89233541,554031.8734469819,557786.2129463322,209261.4620472487,211909.08462577875,207761.9525426182,209169.82985487458,13487,17932.94151705029,71.65261994333406
2024-11-03 21:30:06.374644,253.57610930323239,2188.457258264148,2211.599699484732,2188.457258264148,2204.393568361066,554940.4769270419,560808.8471315362,557766.9176872631,558981.5444380682,208102.6788476407,210303.31767432607,208102.6788476407,209618.07916427555,7881,17971.37167046258,70.87284609002415
2024-11-04 21:30:06.374644,253.10279790226681,2211.7709254026236,2234.2364518789095,2198.085522575916,2213.6182592519185,559805.4095382899,565491.4971457854,556341.5957924306,560272.974904206,209927.0285768587,212059.3114296695,208628.09842216148,210102.36558907724,46897,18012.891425675345,71.16942656781129
2024-11-05 21:30:06.374644,247.2821932288861,2220.8863634121126,2240.0496134383775,2200.3886103337854,2224.3404592186616,549185.6508566722,553924.3813525605,544116.9215191993,550039.7872433383,205944.61907125206,207721.64300721016,204043.8455696997,206264.92021625186,38724,17683.892336784284,71.51415304446965
2024-11-06 21:30:06.374644,250.80736332078934,2226.296622179177,2233.8597957706834,2216.8678553366594,2224.411439634753,558371.585778739,560268.4854055621,556006.7816276005,557898.7681153936,209389.34466702712,210100.6820270858,208502.5431103502,209212.0380432726,6852,17936.560188895113,71.51643511613655
2024-11-07 21:30:06.374644,249.78961016367734,2185.762980751525,2211.2929912372606,2182.322642462053,2188.3142721543486,545980.8828721208,552358.0142388273,545121.5221119624,546618.168957046,204742.8310770453,207134.25533956022,204420.5707919859,204981.81335889225,30602,17573.8866048433,70.35588509827988
2024-11-08 21:30:06.374644,251.32135760072885,2221.4986723857337,2222.7998884851636,2198.319425939014,2215.2351709995496,558310.0622521994,558637.08564884,552484.6225670478,556735.9105804896,209366.2733445748,209488.907118315,207181.73346264294,208775.96646768358,43748,17899.17407987685,71.22141144885784
2024-11-09 21:30:06.374644,254.35349704912113,2224.843943720412,2248.6851958208713,2211.287322001003,2228.41686136198,565896.8374738449,571960.9433196264,562448.663331341,566805.6215706462,212211.31405269183,214485.3537448599,210918.24874925287,212552.1080889923,43825,18222.91736016738,71.64521231893453
2024-11-10 21:30:06.374644,251.53012705868443,2189.736638851815,2198.8310931569026,2170.7006724308703,2182.526671786985,550784.7349954536,553072.2642423417,545996.6159429086,548971.211063548,206544.2756232951,207402.09909087815,204748.73097859073,205864.2041488305,28577,17649.53739273238,70.16980956442153
2024-11-11 21:30:06.374644,252.26187357262395,2200.2925185462955,2200.2925185462955,2177.806915078163,2187.0372631415257,555049.9131363159,553582.8021187633,549377.6526770338,551706.117573225,208143.71742611844,208143.71742611844,206016.61975388767,206889.7940899594,18698,17737.465199756465,70.3148283357669
2024-11-12 21:30:06.374644,252.51895974543567,2176.299934652745,2189.230419609968,2159.03003555725,2183.1754037112282,549556.9955925707,552822.1882029728,545196.0186380678,551293.1818869809,206083.87334721402,207308.32057611478,204448.5069892754,206734.94320761785,14136,17724.189232477525,70.19066676455152
2024-11-13 21:30:06.374644,250.73742879956623,2221.8353399365647,2266.679272438022,2221.8353399365647,2243.4048596642388,557097.2803517045,568341.3326843812,561117.6007475684,562505.5662686629,208911.48013188917,213127.99975664294,208911.48013188917,210939.5873507486,39629,18084.66969742358,72.12708729449221
2024-11-14 21:30:06.374644,250.25132396807638,2215.7668446182843,2246.6499940173208,2185.5201076789667,2218.969070755222,554498.5864702926,562227.1354957054,546929.3005055143,555299.9478007065,207936.96992635974,210835.17581088952,205098.48768956785,208237.48042526492,23852,17853.00758104123,71.34145902407197
2024-11-15 21:30:06.374644,253.42040649363364,2209.2010265022327,2224.8909137664255,2209.2010265022327,2216.92306659203,559856.6221623485,563832.7597706795,560993.7405031249,561813.544700865,209946.23331088066,211437.28491400482,209946.23331088066,210680.07926282438,29026,18062.421061627607,71.27567851180831
2024-11-16 21:30:06.374644,254.6442802347535,2189.4137222355243,2198.48446188844,2177.6617659591207,2193.796084391658,557521.6814347577,559831.4934048711,554529.1129874025,558637.6248917343,209070.63053803414,209936.81002682666,207948.41737027594,209489.1093344004,6872,17960.314586282613,70.53212932279834
2024-11-17 21:30:06.374644,253.1822587182282,2204.051681322854,2230.80330822416,2170.292039240329,2206.961046457058,558026.7830090288,564799.8203322886,549479.440573056,558763.3826451425,209260.04362838579,211799.93262460822,206054.790214896,209536.26849192844,44910,17964.357723930763,70.95539236603784
2024-11-18 21:30:06.374644,252.7457980404089,2231.6069875121834,2245.118500250537,2219.3492886804493,2237.4058367517887,564029.2889713197,567444.267041108,560931.207097954,565494.9237500997,211510.98336424486,212791.60014041548,210349.20266173274,212060.5964062874,24840,18180.7781555459,71.93421437303805
2024-11-19 21:30:06.374644,257.32712713685675,2191.0061528335596,2224.829461879646,2191.0061528335596,2202.142689335829,563805.3188478368,572508.9737949282,564867.6409015501,566671.0517922204,211426.9945679388,214690.86517309805,211426.9945679388,212501.64442208267,47715,18218.590914101736,70.80047870290575
2024-11-20 21:30:06.374644,250.17859092643712,2223.8474870444384,2226.781211084822,2191.6608916370933,2212.5564343490923,556359.0307440758,557092.985690666,548306.6336583468,553534.2510906779,208634.63652902842,208909.86963399977,205614.98762188008,207575.34415900422,26267,17796.240068501735,71.13528812992404
2024-11-21 21:30:06.374644,248.59850438279264,2164.8583078031716,2206.0456456059915,2164.8583078031716,2192.5139797934944,538180.5375205318,548419.6480978217,542561.0169885799,545055.6962150271,201817.70157019942,205657.36803668315,201817.70157019942,204395.8860806352,39000,17523.652784690945,70.49090873353462
2024-11-22 21:30:06.374644,255.0150943591972,2229.3344646029723,2273.075094210941,2217.880510742947,2245.4277275319723,568513.9388489374,579668.4596357442,565593.0077245372,572617.9638133236,213192.72706835152,217375.67236340407,212097.37789670145,214731.73642999638,25220,18409.785359224657,72.19212395813886
2024-11-23 21:30:06.374644,256.30765397220466,2166.3761344800255,2179.863259146657,2155.17968434023,2178.4557120876743,555258.7846499487,558715.6379320837,552389.0487818009,558354.8728475403,208222.04424373078,209518.3642245314,207145.89329317532,209383.0773178276,6216,17951.22404988234,70.03892526846414
2024-11-24 21:30:06.374644,254.21679195202825,2201.208457850148,2216.3427613040153,2174.873838506471,2198.662669648141,559584.152572336,563431.5466448066,552889.4501255087,558936.9704626325,209844.057214626,211286.8299918025,207333.54379706577,209601.3639234872,37784,17969.938607980726,70.6885935553279
2024-11-25 21:30:06.374644,255.99963775395796,2219.2028232107355,2240.097719682414,2207.5066869042707,2213.694793652199,568115.1188445091,573464.2047721653,565120.9121869332,566705.0652727857,213043.16956669092,215049.07678956198,211920.34207009996,212514.39947729465,8645,18219.68445450057,71.17188720408312
2024-11-26 21:30:06.374644,252.7911834567722,2210.451762834042,2237.598686252718,2210.451762834042,2227.152918718638,558782.7171009257,565645.2199991433,561556.1117893653,563004.6220620888,209543.51891284715,212116.9574996787,209543.51891284715,211126.7332732833,35110,18100.714443868594,71.60457564964193
2024-11-27 21:30:06.374644,253.477674901037,2212.7680332722234,2217.744401893492,2205.178710999306,2214.4214755050443,560887.2961691837,562148.6945167533,558963.57240537,561306.4068619423,210332.73606344388,210805.7604437825,209611.33965201373,210489.90257322835,48379,18046.116475756888,71.1952505507433
2024-11-28 21:30:06.374644,256.1548167785403,2183.0742651131304,2221.19465140985,2165.10890238492,2186.9726096432273,559204.9883940005,568969.7089613638,554603.0741959957,560203.568122847,209701.87064775015,213363.6408605114,207976.15282349839,210076.33804606763,41477,18010.659983373425,70.31274967907879
2024-11-29 21:30:06.374644,257.7868282632292,2192.1571219355706,2192.1571219355706,2176.6611213305832,2181.2599752285964,565109.2315184197,564442.9024733392,561114.566671695,562300.0906317098,211915.96181940738,211915.96181940738,210417.9625018856,210862.53398689115,32657,18078.063613416594,70.12908435477024
2024-11-30 21:30:06.374644,255.0291134296177,2209.375940790929,2236.2200074847897,2187.1265108728285,2213.3441366055035,563455.1874126381,570301.205942419,557780.9350263105,564467.1928731442,211295.69527973927,213862.95222840714,209167.85063486645,211675.19732742908,11685,18147.736396384524,71.16061332665146
2024-12-01 21:30:06.374644,259.22685699833806,2231.011947322429,2231.011947322429,2221.1209764610057,2222.4904743464353,578338.215030135,577081.9489887044,575774.2097410661,576129.220373572,216876.8306363006,216876.8306363006,215915.32865289977,216048.4576400895,36521,18522.67298011741,71.45467469405165
2024-12-02 21:30:06.374644,256.2120550881828,2269.7259399660447,2285.597270648479,2223.7730327772288,2264.478435336223,581531.1475656577,585597.5738167884,569757.4587775347,580186.6736203664,218074.18033712165,219599.09018129564,213659.04704157548,217570.00260763738,7911,18653.120936868774,72.80461797984866
2024-12-03 21:30:06.374644,259.06766204171566,2244.302397703137,2251.8751553779866,2225.6615636678976,2243.8587654822704,581426.1750875685,583388.0317136002,576596.9377955513,581311.2443253022,218034.8156578382,218770.51189260004,216223.85167333172,217991.71662198834,17748,18689.27611642561,72.1416806945286
2024-12-04 21:30:06.374644,256.8695661184616,2268.3687407157854,2279.6257554252784,2250.055907695037,2267.186727113399,582674.8942243449,585566.4787085615,577970.8847519055,582371.2709031537,218503.08533412934,219587.42951571057,216739.08178196455,218389.22658868262,8187,18723.356189016,72.89169151746262
2024-12-05 21:30:06.374644,258.9003289339542,2264.517044750832,2273.242465559561,2252.583845377372,2258.214458753241,586284.2077625364,588543.2220800034,583194.6985195131,584652.4661746254,219856.57791095113,220703.70828000124,218698.01194481744,219244.67481548456,25452,18796.697086375563,72.60322660643469
2024-12-06 21:30:06.374644,255.90351210193398,2237.3576994395366,2243.5025928323575,2222.2621499000556,2240.6950568237,572547.6931148806,574120.1929155955,568684.6889706188,573401.7345906274,214705.38491808024,215295.0723433483,213256.75836398202,215025.65047148528,7043,18434.983750984677,72.03996517509925
2024-12-07 21:30:06.374644,255.87403838671855,2265.0158138671018,2276.9863077491273,2263.9696694526497,2272.7626701563177,579558.7433039554,582621.6819150327,579291.0621078938,581540.9627074786,217334.52873898327,218483.13071813725,217234.14829046017,218077.86101530446,31271,18696.661609679737,73.07096211539915
2024-12-08 21:30:06.374644,257.4455087722125,2237.0868296949247,2260.7039061545775,2208.0028593642146,2232.02648730938,575927.9570384258,582008.0673032934,568440.4194995202,574625.1946184178,215972.9838894097,218253.02523873502,213165.15731232008,215484.44798190665,20618,18474.318242618883,71.761264401414
2024-12-09 21:30:06.374644,261.1683181297371,2274.5253836243965,2299.033447748715,2246.7567003541308,2266.441240895434,594033.9689845786,600434.6988725427,586781.668678206,591922.6470245348,222762.73836921697,225163.01207720352,220043.12575432728,221970.99263420055,15210,19030.434896622133,72.86772359687605
2024-12-10 21:30:06.374644,259.63501656075914,2254.54359509337,2259.156714686035,2231.5051230552763,2258.0838730540495,585358.4636490206,586556.1910308589,579376.8695798755,586277.6437759713,219509.42386838276,219958.57163657207,217266.32609245332,219854.11641598924,15147,18848.946880657513,72.59902818184608
2024-12-11 21:30:06.374644,258.49688588348795,2265.6005344334426,2277.571024484987,2251.250945928211,2267.303472249332,585650.682807011,588745.0172078344,581941.358864699,586090.8869292716,219619.0060526291,220779.3814529379,218228.00957426213,219784.08259847685,30570,18842.942609608785,72.89544495794145
2024-12-12 21:30:06.374644,259.6349305763947,2274.503466482064,2294.55347617258,2253.3798165614567,2273.5375472269225,590540.5496158398,595746.2324898929,585056.1122351829,590289.7632370887,221452.70610593993,223404.83718370984,219396.0420881936,221358.66121390826,45289,18977.937346871422,73.09587497313558
2024-12-13 21:30:06.374644,258.7340071130144,2329.4991736101915,2345.013397181826,2321.5642885432167,2324.847340667552,602720.6557546204,606734.7129865566,600667.6311452609,601517.068376951,226020.24590798267,227525.51736995872,225250.36167947284,225568.90064135665,30148,19338.89751726309,74.74552190806668
2024-12-14 21:30:06.374644,265.60421398968634,2275.933882378558,2282.644216401679,2260.0704825254097,2282.1297357600306,604497.6299216521,606279.9229154715,600284.2440724525,606143.2746890335,226686.61122061955,227354.9710933018,225106.5915271697,227303.72800838755,40656,19487.63100209084,73.37212004308294
2024-12-15 21:30:06.374644,262.14364389987634,2279.5660130785886,2306.968247997089,2262.6164268986554,2285.7097479761787,597573.7411787343,604757.0628912705,593130.5148949317,599184.2822319434,224090.1529420254,226783.89858422644,222423.9430855994,224694.1058369788,27554,19263.897962703944,73.48722002270415
2024-12-16 21:30:06.374644,259.7912739413142,2318.1221339813687,2335.140259581337,2295.9018584614228,2313.499522204872,602227.9023385777,606649.0628682867,596455.2686539239,601026.9881362254,225835.46337696663,227493.3985756075,223670.72574522145,225385.12055108452,10837,19323.141336684203,74.38068134469985
2024-12-17 21:30:06.374644,263.3036023089341,2289.905821388066,2305.499186050795,2266.224628029836,2285.3589539424893,602940.4517196765,607046.2408074897,596705.10820148,601743.2451420348,226102.66939487867,227642.34030280865,223764.415575555,225653.71692826308,20809,19346.169146798962,73.47594174104167
2024-12-18 21:30:06.374644,262.0054729262456,2296.230027116144,2302.8811841054444,2261.9306199059165,2289.2453319372307,601624.834202011,603367.4737344994,592638.2017948056,599794.8058384142,225609.3128257541,226262.80265043728,222239.3256730521,224923.05218940534,20744,19283.52642227412,73.60089160182072
2024-12-19 21:30:06.374644,261.77465007331347,2285.2599886072835,2304.85362665479,2270.7495758657474,2282.5594374695147,598223.133844216,603352.2515877651,594424.675626381,597516.1980151214,224333.67519158102,226257.0943454119,222909.25335989287,224068.57425567054,9587,19210.268711905912,73.38593526353995
2024-12-20 21:30:06.374644,260.8229249370758,2298.433111536137,2313.6312807120985,2292.414010807948,2298.995341021713,599484.0469230794,603448.0778612422,597914.1274656624,599630.6892619933,224806.51759615476,226293.02919796584,224217.7977996234,224861.50847324746,40783,19278.250040573344,73.91436143912142
2024-12-21 21:30:06.374644,262.2438211409561,2269.736384562393,2290.2781217744023,2248.1149125163843,2270.150673530391,595224.3424703005,600611.2861296511,589554.2450222628,595332.9871923248,223209.1284263627,225229.23229861917,221082.84188334853,223249.8701971218,12811,19140.078034732665,72.98698453647953
2024-12-22 21:30:06.374644,259.20714366140913,2242.354357580616,2260.366880782881,2223.0585876548025,2252.137335759645,581234.2681051856,585903.2427945795,576232.6666979677,583770.0859354734,217962.8505394446,219713.71604796732,216087.25001173787,218913.78222580254,14554,18768.328380127103,72.40784271093752
2024-12-23 21:30:06.374644,260.01663204901917,2277.6315371997025,2290.469699803967,2259.6794239474525,2280.7486989933936,592222.081351297,595560.2171533555,587554.2333252843,593032.5952624443,222083.28050673637,223335.0814325083,220332.8374969816,222387.22322341663,41709,19066.119960855336,73.32771871311569
2024-12-24 21:30:06.374644,265.37324947985655,2284.2040627952465,2287.7004979122307,2273.5745064375133,2284.870734706752,606166.6546190649,607094.5149676545,603345.8547078839,606343.571510558,227312.49548214933,227660.44311287045,226254.69551545646,227378.83931645926,21876,19494.07058611619,73.4602451398316
2024-12-25 21:30:06.374644,259.94708587705355,2254.094819350861,2273.7851773770794,2236.637185207,2264.801448062468,585945.3795808199,591063.830769611,581407.3184588153,588728.5365139695,219729.51734280743,221648.93653860415,218027.74442205575,220773.20119273858,10201,18927.743586483073,72.81500307240239
2024-12-26 21:30:06.374644,261.1550019692176,2267.5344100144825,2300.276258122624,2267.5344100144825,2282.680875238362,592177.9533126008,600728.6507197584,593828.2824579625,596133.5284679699,222066.7324922253,225273.24401990938,222066.7324922253,223550.07317548868,49221,19165.815601465078,73.3898395755578
2024-12-27 21:30:06.374644,262.5312719458896,2304.931425438185,2306.6697343425717,2280.6916981604886,2288.712245233214,605116.5788683392,605572.9393160427,598752.892434504,600858.5368592086,226918.71707562718,227089.852243516,224532.334662939,225321.9513222032,23746,19317.725593467356,73.58375247908481
2024-12-28 21:30:06.374644,260.81348947063583,2274.3301679696665,2298.599037151479,2242.30692020275,2260.929414268792,593175.987316506,599505.6357733209,584823.8923222338,589680.8899822443,222440.99524368974,224814.61341499534,219308.95962083765,221130.33374334162,10412,18958.361946445613,72.69051438805252
2024-12-29 21:30:06.374644,261.7939194443862,2242.5397395801247,2267.6071575600904,2240.84576329292,2250.7379274303194,587083.2679344739,593645.7655377998,586639.7952428007,589229.5036641178,220156.22547542772,222617.16207667493,219989.92321605026,220961.06387404416,22536,18943.84978344,72.36285072195474
2024-12-30 21:30:06.374644,263.067971386782,2243.0087097717883,2273.046860034703,2222.3877988974195,2247.5264716805664,590063.7510825476,597965.826336424,584639.0498906798,591252.2295430984,221273.90665595536,224237.184876159,219239.64370900491,221719.5860786619,12897,19008.880836647968,72.25960009904243
2024-12-31 21:30:06.374644,262.84387547713095,2306.028198896987,2321.970472312885,2288.3772894573212,2300.825182931412,606125.3887576322,610315.7176861828,601485.9553148146,604757.8078770712,227297.0207841121,228868.39413231856,225557.23324305547,226784.1779539017,11657,19443.087959010776,73.97319217873911
2025-01-01 21:30:06.374644,266.1633263911168,2216.4655022931524,2225.1874440952292,2190.8847479870037,2216.991524898918,589941.830921503,592263.2919641335,583133.1722637846,590081.8388480105,221228.18659556363,222098.73448655006,218674.9395989192,221280.68956800393,49459,18971.25253497976,71.27787949584189
2025-01-02 21:30:06.374644,260.5327491868965,2259.421002263672,2279.3722209456146,2244.484527867319,2260.723234993274,588653.1652903677,593851.1111432031,584761.724552726,588992.4395634921,220744.93698388786,222694.16667870118,219285.64670727227,220872.16483630953,5886,18936.228123826262,72.68388557536207
2025-01-03 21:30:06.374644,263.1558302487697,2294.7184929120363,2311.3934110302844,2274.564558496772,2290.636738961553,603868.5501894724,608256.6521112103,598564.9248456443,602794.4128397618,226450.70632105216,228096.24454170384,224461.8468171166,226047.90481491067,6577,19379.96440457053,73.64562634306598
2025-01-04 21:30:06.374644,265.57311619092974,2260.0368539514902,2260.0368539514902,2227.348966036071,2247.9364297934794,600205.0300102424,599616.9537902236,591524.0057548448,596991.4826593675,225076.88625384087,225076.88625384087,221821.50215806678,223871.80599726283,46271,19193.3990052523,72.2727805486032
2025-01-05 21:30:06.374644,268.71457116499886,2219.959127558251,2251.2037295242644,2208.3174923985,2233.579284911472,596535.3649656405,604931.2447841588,593407.0879660285,600195.299708011,223700.76186211518,226849.21679405955,222527.65798726067,225073.2373905041,49760,19296.4023825878,71.81118796635336
2025-01-06 21:30:06.374644,264.6591778907484,2249.9962004300332,2258.4762125139455,2209.4131414135586,2230.083614510223,595482.1446631203,597726.457689752,584741.4656275283,590212.0960439043,223305.80424867012,224147.421633657,219278.0496103231,221329.53601646412,25096,18975.44033062964,71.69879963702552
2025-01-07 21:30:06.374644,266.6209937865728,2241.5115398749813,2274.334364821667,2224.4845130923636,2239.2556287706266,597634.0343455386,606385.2885517066,593094.2715435264,597032.5610850013,224112.76287957697,227394.48320688997,222410.3518288224,223887.2104068755,46135,19194.719685088778,71.99368652308026
2025-01-08 21:30:06.374644,262.56168923109476,2226.493094983887,2237.185545283977,2199.122849215975,2215.7152767799357,584591.7880803377,587399.2158931488,577405.4101168445,581761.9459264826,219221.92053012663,220274.70595993078,216527.0287938167,218160.72972243096,17965,18703.766265640515,71.23684719661567
2025-01-09 21:30:06.374644,269.6837303782751,2232.9305309330152,2235.98076803752,2213.7832803398,2228.814691367273,602185.0352575579,603007.634578439,597021.333291092,601075.0602898301,225819.3882215842,226127.86296691466,223882.99998415948,225403.1476086863,39662,19324.686866313983,71.65800284107168
2025-01-10 21:30:06.374644,265.80403221666154,2281.206070608358,2300.052889468264,2260.360240577286,2270.0507293555243,606353.7718848279,611363.3323322479,600812.8662076658,603388.6371990718,227382.66445681045,229261.24962459295,225304.82482787466,226270.73894965195,6124,19399.068839990738,72.98377125903914
2025-01-11 21:30:06.374644,264.3610697022243,2275.0684054831518,2275.0684054831518,2257.124307006898,2261.583015626231,601439.5173192598,599573.0799521662,596695.7962512353,597874.5052313327,225539.81899472245,225539.81899472245,223760.92359421324,224202.93946174977,22976,19221.78836263287,72.71152814397836
2025-01-12 21:30:06.374644,268.41226043546345,2239.276512152263,2240.2994265946163,2185.1242657622392,2232.5075472258936,601049.2703668295,601323.8331445336,586514.143505625,599232.3971901343,225393.47638756107,225496.4374292001,219942.80381460936,224712.14894630035,26266,19265.444868509974,71.77673082533778
2025-01-13 21:30:06.374644,263.11599477956355,2269.178192776765,2272.3912843579456,2247.0673634272457,2256.5368773036334,597057.0775245508,597902.4933122509,591239.3646648508,593730.9452285154,223896.40407170658,224213.43499209412,221714.76174931903,222649.10446069328,42344,19088.57205595793,72.54929115063042
2025-01-14 21:30:06.374644,262.74981296509145,2244.7405632073423,2244.7405632073423,2214.7881366784854,2237.299462123146,589805.1631378833,588828.7629008836,581935.1686695755,587850.0152197563,221176.93617670622,221176.93617670622,218225.68825109082,220443.7557074086,39003,18899.49894610842,71.9307943518622
2025-01-15 21:30:06.374644,270.7052717104226,2243.0446260668177,2248.747628291678,2226.0612413017875,2246.0812474587497,607204.0049580212,608747.8377248672,602606.513170641,608026.0343770058,227701.50185925796,228280.43914682517,225977.4424389904,228009.76289137715,27833,19548.16211345826,72.21313509601008
2025-01-16 21:30:06.374644,264.6510416332833,2305.4649506545043,2314.284917859542,2285.6963039392854,2310.2431054595168,610143.7006397406,612477.9141477252,604911.9076948776,611408.2442859722,228803.8877399027,229679.21780539694,226841.9653855791,229278.09160723956,17797,19656.900857959496,74.27598519329068
2025-01-17 21:30:06.374644,264.58126597311457,2205.4298147026802,2226.573577462505,2193.850630958258,2218.3072709702446,583515.4123888867,589109.6559073162,580451.7772948521,586922.5460706722,218818.2796458325,220916.1209652436,217669.41648556953,220095.9547765021,26232,18869.680622128097,71.32018168277669
2025-01-18 21:30:06.374644,267.041883876081,2226.9232777004204,2229.441861762739,2221.3537570087847,2228.3342850934664,594681.7873246173,595354.3547573191,593194.4920268361,595058.5853970194,223005.6702467315,223257.88303399464,222447.93451006355,223146.96952388226,25543,19131.25596055232,71.64255743223323
2025-01-19 21:30:06.374644,269.74720458149255,2249.2925150244796,2265.5793408900863,2245.552376541109,2249.6818536520886,606740.3682139282,611133.6939626812,605731.4763132914,606845.3912203613,227527.63808022306,229175.13523600547,227149.30361748426,227567.0217076355,16326,19510.204193041453,72.32889718687892
2025-01-20 21:30:06.374644,265.5782191258373,2210.7197073688667,2263.2723160543846,2200.4892354314948,2223.208562930323,587119.0028694158,601075.8310945326,584402.0123514717,590435.7708883471,220169.62607603092,225403.43666044972,219150.7546318019,221413.41408313013,24217,18982.631522902106,71.47776176090545
2025-01-21 21:30:06.374644,266.361378756076,2269.7642844493685,2301.6746873826914,2269.7642844493685,2277.6531170300564,604577.5442572321,613077.243179214,605938.4425702553,606678.8245802,226716.57909646205,229903.96619220523,226716.57909646205,227504.559217575,43667,19504.849041287296,73.22819351616559
2025-01-22 21:30:06.374644,267.47095788411633,2254.521663312416,2261.119904946945,2241.027320117379,2252.4406619455744,603019.0688566631,604783.9068670014,599409.7239562696,602462.4614277158,226132.15082124865,226793.96507512554,224778.64648360107,225923.42303539344,46914,19369.292098370493,72.41759486699485
2025-01-23 21:30:06.374644,267.0278692667374,2264.161537983849,2264.161537983849,2234.5550543128015,2250.5162152871862,604594.2311635263,601163.1699175884,596688.4749123661,600950.5497183794,226722.83668632235,226722.83668632235,223758.1780921373,225356.45614439226,40483,19320.683825822383,72.35572251634659
2025-01-24 21:30:06.374644,271.96164005737296,2278.780757565054,2322.911004503848,2278.780757565054,2295.1174808908327,619740.952158575,631742.6864921862,622086.6856374259,624183.9142274172,232402.8570594656,236903.50743456982,232402.8570594656,234068.96783528145,22226,20067.641275315626,73.7896854338204
2025-01-25 21:30:06.374644,268.6971722083369,2282.9606901204634,2286.2170675366315,2237.709303986665,2264.341720418663,613425.0816981618,614300.0611015293,601266.1622055026,608422.2171898553,230034.40563681067,230362.52291307348,225474.81082706348,228158.33144619572,42252,19560.89947241047,72.80022249646062
2025-01-26 21:30:06.374644,265.3276800013735,2223.141946925284,2253.3466905703567,2223.141946925284,2237.284523012178,589861.0950914222,597875.2496478056,592649.2158875294,593613.5119938006,221197.91065928334,224203.2186179271,221197.91065928334,222605.06699767523,24883,19084.79655329863,71.93031404864976
2025-01-27 21:30:06.374644,270.40495173631115,2221.9582332533478,2235.6620841025506,2221.9582332533478,2230.3414944425754,600828.5088229707,604534.097950451,602942.992598255,603095.3841602367,225310.69080861402,226700.2867314191,225310.69080861402,226160.76906008876,48059,19389.640694452053,71.70709066319145
2025-01-28 21:30:06.374644,267.57997462133284,2285.05663669054,2309.334439949334,2261.17093053288,2282.6468756946188,611435.3968539629,617931.6508338127,605044.0602064836,610790.5930678308,229288.2738202361,231724.36906267976,226891.52257743134,229046.47240043653,5416,19637.04324420752,73.38874646565881
2025-01-29 21:30:06.374644,269.7397258451231,2291.9972460785816,2294.8357188886653,2291.9972460785816,2292.499347718833,618242.7087950137,619008.3576726245,618299.3923148286,618378.1455538016,231841.01579813013,232128.1341272342,231841.01579813013,231891.80458267557,7400,19880.984617856273,73.70551056051033
2025-01-30 21:30:06.374644,267.2804492066813,2262.6823723890006,2291.4271095634326,2242.2345041662616,2268.4904251769544,604770.7609041714,612453.6671684815,599305.4455002786,606323.1398623518,226789.03533906426,229670.12518818057,224739.54206260448,227371.17744838193,44287,19493.41370442232,72.93360635224185
2025-01-31 21:30:06.374644,268.1203103817462,2322.3060201579,2353.3718525693535,2296.1029065806515,2323.2475872269483,622657.410926134,630986.7915545601,615631.8239808339,622909.8641809324,233496.52909730026,236620.04683296004,230861.9339928127,233591.19906784967,45084,20026.680304170925,74.69408867898944
2025-02-01 21:30:06.374644,267.01470097509787,2241.3723507064133,2257.1746919249676,2226.763892152419,2239.3400279427146,598479.3679977251,602698.8254129039,594578.6948052233,597936.7079426913,224429.76299914694,226012.05952983897,222967.01055195872,224226.26547850925,17824,19223.788192601958,71.99640001744866
2025-02-02 21:30:06.374644,269.2509027654317,2313.4007523655023,2333.358368199966,2313.4007523655023,2316.3816493228323,622885.2410326404,628258.8471131155,623279.5094665464,623687.8502294522,233581.96538724017,235597.0676674183,233581.96538724017,233882.94383604458,9160,20051.69271571027,74.47334381413128
2025-02-03 21:30:06.374644,270.6216064771605,2306.593085467842,2330.224296325009,2306.0713672642487,2313.026825982405,624213.9262784178,630609.0425235849,624072.7380600331,625955.0354721261,234080.22235440667,236478.39094634436,234027.2767725124,234733.13830204727,39984,20124.583187761255,74.36548381958318
2025-02-04 21:30:06.374644,270.3171093125354,2293.98978717705,2311.5739619815768,2267.5121070109208,2287.792209364431,620104.6880621784,624857.9913649845,612947.3180983686,618429.3767431318,232539.2580233169,234321.7467618692,229855.24428688822,231911.01627867442,10749,19882.63171113464,73.55417266109701
2025-02-05 21:30:06.374644,270.25438022534314,2288.8169118467827,2303.943331191174,2275.9068054725494,2296.21628965846,618562.7959604361,622650.7770453832,615073.7831636245,620562.5102249841,231961.04848516354,233494.04139201873,230652.6686863592,232710.94133436907,39657,19951.212391492547,73.82501292968509
2025-02-06 21:30:06.374644,270.6598565111463,2314.6671019653854,2317.6897925338753,2291.17233157811,2310.547238091039,626487.4656890221,627305.5866845672,620128.3745072398,625372.3839239461,234932.79963338329,235239.59500671268,232548.14044021492,234514.6439714798,38498,20105.85082060012,74.28576327715656
2025-02-07 21:30:06.374644,266.9168024226492,2285.354978860914,2314.020128768256,2270.273246395467,2291.116760502692,609999.6433582362,617650.8535124699,605974.0755535653,611537.5596903171,228749.86625933857,231619.07006717622,227240.27833258698,229326.58488386893,33797,19661.058374817294,73.66105938247118
2025-02-08 21:30:06.374644,268.9227038482435,2316.9497963755325,2345.826482376773,2299.7140859743085,2325.295033565178,623080.4039219454,630846.0003995757,618445.3300781029,625324.6276712398,233655.1514707295,236567.2501498409,231916.99877928858,234496.7353767149,10361,20104.31544724922,74.75991555822264
2025-02-09 21:30:06.374644,272.4285205455252,2307.9758445098064,2333.4818116918614,2300.4032302716873,2310.261178954041,628758.4447746157,635706.9976791056,626695.4486810629,629381.0350562102,235784.4167904809,238390.12412966462,235010.79325539857,236017.88814607885,8269,20234.72977932775,74.27656626919932
2025-02-10 21:30:06.374644,270.2015718705205,2273.827065682272,2325.9458730306683,2258.7846265468534,2289.445884139708,614391.6473090831,628474.2309786368,610327.1566099265,618611.8766070427,230396.8677409062,235677.8366169888,228872.68372872245,231979.45372764103,27215,19888.49911931079,73.60733950004688
2025-02-11 21:30:06.374644,269.87384367874466,2296.637036822436,2335.773888494551,2296.537785982035,2304.869388771626,619802.2646622335,630364.277252472,619775.4794564461,622023.9611252776,232425.84924833756,236386.603969677,232415.8047961673,233258.9854219791,35436,19998.198338647042,74.10321631879454
2025-02-12 21:30:06.374644,270.0193999413231,2333.6709049396313,2344.2245837924215,2299.7201735421727,2331.1159953850197,630136.4174123238,632986.1154433276,620969.0612928129,629446.5422674832,236301.1565296214,237369.79329124786,232863.39798480485,236042.4533503062,31615,20236.835849649022,74.94706368688475
2025-02-13 21:30:06.374644,269.22290155987037,2288.217160986092,2288.217160986092,2241.274959031491,2260.940527704802,616040.4634797646,614399.6756662275,603402.5476639377,608696.9691229913,231015.17380491173,231015.17380491173,226275.9553739766,228261.36342112173,34426,19569.732803594114,72.6908716930507
2025-02-14 21:30:06.374644,276.0372934200498,2278.452922234784,2294.2667811070683,2257.791421463559,2275.9144808307483,628937.9778386931,633303.192640325,623234.6330878078,628237.2733440176,235851.7416895099,237488.6972401219,233712.98740792793,235588.9775040066,9228,20197.957604938838,73.17229510604106
2025-02-15 21:30:06.374644,273.3002185979108,2270.924594316264,2280.4147774357716,2257.5279885168325,2267.5464750700485,620644.188046007,623237.8571671025,616982.8927525523,619720.9473175664,232741.5705172526,233714.19643766346,231368.5847822071,232395.3552440874,39194,19924.155970857973,72.90325767421828
2025-02-16 21:30:06.374644,270.48511093025945,2284.2764725949446,2320.14118734248,2278.5233237300154,2303.983667948725,617862.7750852254,627563.6464321946,616306.6339762966,623193.2780066169,231698.54065695952,235336.36741207298,231114.98774111125,233697.4792524813,39124,20035.79211698228,74.07473975432748
2025-02-17 21:30:06.374644,269.69389875421064,2351.0265485515897,2355.44019366847,2323.903090004851,2340.156070711799,634057.5159535337,635247.8491128226,626742.4846703656,631125.8144035994,237771.56848257512,238217.94341730844,235028.43175138708,236672.18040134976,13881,20290.824794354405,75.23770864088604
2025-02-18 21:30:06.374644,275.84728402504345,2279.675421984831,2308.6015355697145,2260.034599059944,2289.001941673407,628842.2736131604,636821.4634829505,623424.4059533136,631414.9687386603,235815.85260493512,238808.04880610644,233784.15223249258,236780.61327699764,26793,20300.12116572339,73.59306642896803
2025-02-19 21:30:06.374644,271.2592366901826,2330.731974272778,2340.1792391738827,2309.1410275003004,2322.041059622733,632232.5762706362,634795.2341365197,626375.8325297155,629875.0853965253,237087.21610148856,238048.2128011949,234890.9371986433,236203.157023697,31108,20250.613599425324,74.65529794469217
2025-02-20 21:30:06.374644,273.6220538318415,2287.1071972786144,2326.75906911973,2287.1071972786144,2306.7513239147993,625802.9686529612,636652.5952644043,628586.8077189862,631178.0349288869,234676.11324486043,238744.72322415162,234676.11324486043,236691.7630983326,17719,20292.50369498736,74.16372189351036
2025-02-21 21:30:06.374644,273.02237123340984,2309.60413782755,2316.1294519288713,2291.925497264942,2297.5136414090025,630573.5983201729,632355.1550491584,625746.9339535864,627272.6223185919,236465.09937006483,237133.1831434344,234655.10023259488,235227.23336947197,24425,20166.943875983536,73.86672372591516
2025-02-22 21:30:06.374644,269.38002855917074,2283.363516066958,2308.250119327939,2273.0990297074018,2287.8376779656014,615092.5291690856,621796.4830662694,612327.4815404032,616297.7790291206,230659.6984384071,233173.68114985104,229622.8055776512,231111.6671359202,20565,19814.100406028825,73.55563450947969
2025-02-23 21:30:06.374644,271.47177156244965,2292.7016607669825,2327.947269547697,2292.7016607669825,2303.0684505003633,622403.7815125833,631971.9693680808,623311.2919590455,625218.0722869195,233401.41806721874,236989.48851303032,233401.41806721874,234456.7771075948,45335,20100.889669718348,74.04531485203798
2025-02-24 21:30:06.374644,268.4913111035451,2348.1901682381585,2348.1901682381585,2330.9442843965753,2337.106873034546,630468.6569907174,627604.707667797,625838.2870269512,627492.8885301518,236425.74637151902,236425.74637151902,234689.35763510672,235309.8331988069,36736,20174.02548000745,75.13967473225026
2025-02-25 21:30:06.374644,274.716612060071,2328.7406327154663,2336.309956694238,2289.623866740103,2315.6137163378244,639743.736986219,641823.1560252522,628997.7115627206,636137.5549921574,239903.9013698321,240683.68350946956,235874.14183602022,238551.583122059,34729,20451.953285498887,74.44865421376451
2025-02-26 21:30:06.374644,270.84453147503206,2336.1728511433926,2348.504951627245,2319.6980786716013,2334.851759960871,632739.641312622,636079.723290274,628277.539281342,632381.830990256,237277.36549223325,238529.89623385278,235604.07723050323,237143.18662134602,49463,20331.205986055043,75.06717121741511
2025-02-27 21:30:06.374644,271.03915888118576,2275.364173970108,2279.8290082073618,2260.3086439434264,2264.362148940635,616712.791861242,617922.9367774513,612632.1536662999,613730.812251264,231267.29694796575,231721.10129154424,229737.05762486247,230149.054594224,30705,19731.571895938272,72.80087928820342
2025-02-28 21:30:06.374644,272.15365600384234,2352.4346785237544,2375.238671551004,2336.8022853480174,2352.410791608363,640223.6982704633,646429.8883443153,635969.285315597,640217.197359109,240083.8868514237,242411.20812911825,238488.48199334886,240081.44900966587,23432,20583.11462702897,75.63170677281859
2025-03-01 21:30:06.374644,271.69958025838025,2329.4190760702672,2344.19103704118,2315.4886937941696,2326.390376665968,632902.1852141556,636915.7208095457,629117.306196901,632079.2888572785,237338.31945530834,238843.39530357963,235918.98982383788,237029.73332147946,32035,20321.47919422835,74.79513163039425
2025-03-02 21:30:06.374644,273.5808288173925,2322.420726253547,2357.6598459498387,2308.052333411784,2325.628099718068,635369.787151136,645010.5347244428,631438.8703287125,636247.2630418865,238263.670181676,241878.95052166603,236789.5763732672,238592.72364070744,40377,20455.48042187135,74.77062387570749
2025-03-03 21:30:06.374644,272.87389784153174,2347.554970509034,2347.7712030530206,2325.7608834669068,2342.9412399000203,640586.4752000622,640645.4794171801,634639.4377189793,639327.5085451899,240219.9282000233,240242.0547814425,237989.78914461724,239747.8157044462,48925,20554.510948597926,75.32725384281576
2025-03-04 21:30:06.374644,275.2676909935379,2338.2319655055126,2352.6823536192464,2338.2319655055126,2342.087621324733,643639.7141519842,647617.4391220121,644640.5682356436,644701.0516266067,241364.8928069941,242856.53967075454,241364.8928069941,241762.8943599775,42776,20727.271464332778,75.29980938880618
2025-03-05 21:30:06.374644,271.18179850944307,2343.013767846186,2343.013767846186,2305.38101505608,2327.784553565516,635382.6874969155,634188.2331211204,625177.3699124332,631252.8017783976,238268.5078113433,238268.5078113433,234441.51371716245,236719.80066689913,49181,20294.90746458326,74.83995542512952
2025-03-06 21:30:06.374644,270.09565730114434,2335.583018490699,2335.583018490699,2300.6811648017674,2316.296759380949,630830.8305606361,625707.573648552,621403.9914474958,625621.695729508,236561.56146023853,236561.56146023853,233026.4967928109,234608.13589856547,30221,20113.86624644766,74.47061454115932
2025-03-07 21:30:06.374644,269.3232131995415,2334.892400409154,2351.544075655562,2307.16658954916,2329.0664297294015,628840.7237533838,633325.4064359018,621373.5192840075,627271.6546099066,235815.27140751894,237497.02741346316,233015.0697315028,235226.870478715,38589,20166.91276395019,74.88116867006612
2025-03-08 21:30:06.374644,272.8273486006395,2348.62775241107,2358.051077781987,2317.7421358929596,2342.3409113367084,640769.8825401914,643340.8234161398,632343.4416756593,639054.6603587997,240288.70595257176,241252.80878105242,237128.79062837223,239645.49763454992,30972,20545.73882326388,75.30795284571538
2025-03-09 21:30:06.374644,274.12402101085496,2357.5461643458316,2376.543480239193,2357.5461643458316,2365.0279920050043,646260.0342891973,651467.6549102989,647387.3445089665,648310.98297164,242347.512858449,244300.37059136207,242347.512858449,243116.618614365,46685,20843.331499859825,76.03735888260178
2025-03-10 21:30:06.374644,270.9593057073862,2356.716127917923,2378.702151248538,2342.8912565548535,2361.267404039906,638574.16577004,644531.4833869698,634828.1882240088,639807.3763881351,239465.31216376502,241699.30627011368,238060.5705840033,239927.76614555067,43422,20569.938798486855,75.91645326217005
2025-03-11 21:30:06.374644,272.7205891513537,2318.6318658407276,2349.4836310124238,2314.8353148609413,2321.067715182164,632338.6484771858,640752.56005117,631303.2508572353,633002.9547446662,237126.99317894466,240282.21001918873,236738.71907146322,237376.10802924982,6827,20351.17524256257,74.62400421760137
2025-03-12 21:30:06.374644,272.2042547799268,2384.0071030706395,2390.3080087341564,2369.052589540746,2383.50764739297,648936.8768813956,650652.0102119718,644866.1946703946,648800.92292086,243351.32883052336,243994.50382948943,241824.823001398,243300.34609532251,27398,20859.08317003794,76.63149315649267
2025-03-13 21:30:06.374644,271.73227641051227,2327.149187851295,2339.91139886697,2312.885899335873,2325.8235807140977,632361.5463617073,635829.4510130279,628485.7505043118,632001.3361166905,237135.57988564024,238436.04412988547,235682.15643911692,237000.50104375894,27282,20318.972997578785,74.77690873098197
2025-03-14 21:30:06.374644,272.16996997266614,2310.273660186246,2324.849264802755,2296.938387969152,2306.173487189329,628787.1127215321,632754.1545923408,625157.6520826282,627671.1687600785,235795.16727057454,237282.8079721278,234434.1195309856,235376.68828502944,25192,20179.75722608277,74.1451440252489
2025-03-15 21:30:06.374644,271.73490801792946,2340.8877374500594,2345.1168734167695,2335.12210754574,2339.807509266993,636100.9140162909,637250.1178892002,634534.1911045753,635807.378310327,238537.84275610908,238968.79420845007,237950.32166421573,238427.7668663726,19511,20441.33803724045,75.22650213856939
2025-03-16 21:30:06.374644,276.2947526691547,2348.0112943590248,2360.0210152804384,2332.0494715076557,2352.464217658194,648743.1998393086,652061.4227109161,644333.0319424407,649973.5191809072,243278.69993974073,244523.03351659357,241624.88697841525,243740.0696928402,9318,20896.782381073404,75.63342445892565
2025-03-17 21:30:06.374644,271.51319007622817,2316.8207595186445,2344.473455347663,2303.427022708655,2320.002123833308,629047.3952517371,636555.4669104815,625410.8190434154,629911.177625606,235892.77321940142,238708.30009143054,234529.05714128076,236216.69160960225,7117,20251.773972016654,74.58974468575266
2025-03-18 21:30:06.374644,276.2614131434434,2363.3936167338807,2363.3936167338807,2316.8396954138148,2339.674538310471,652914.4603730956,650109.6173951385,640053.4082818455,646361.7942493842,244842.92263991083,244842.92263991083,240020.02810569206,242385.67284351907,35876,20780.66468137166,75.22222702623405
2025-03-19 21:30:06.374644,272.00325676067064,2263.0162527360626,2307.9502978524415,2263.0162527360626,2277.5741013018323,615547.7908465379,627769.997457624,618522.7712006109,619507.573067856,230830.42156745173,235413.74904660898,230830.42156745173,232315.339900446,43681,19917.29594482562,73.22565310340741
2025-03-20 21:30:06.374644,273.2463952784162,2369.7505846826903,2369.7505846826903,2329.664470545652,2358.487031626267,647525.8049734642,646861.6578373377,636572.4187847994,644448.0797027693,242822.17686504908,242822.17686504908,238714.65704429976,241668.02988853847,37081,20719.138364929568,75.82706228000922
2025-03-21 21:30:06.374644,274.0897357667545,2309.679058686701,2336.0224029782344,2287.7049761054095,2311.8397488938913,633059.322901444,640279.763177523,627036.452413021,633651.5459094066,237397.24608804152,240104.91119157115,235138.66965488286,237619.32971602748,36433,20372.027581963946,74.3273184334204
2025-03-22 21:30:06.374644,272.1104653924212,2315.728624110307,2347.246079490653,2283.5703343018245,2319.078709309344,630133.9936292068,638710.2230807376,621383.3864231963,631045.5868718211,236300.24761095253,239516.33365527663,233018.76990869862,236642.09507693292,22223,20288.24546270001,74.56005624155944
2025-03-23 21:30:06.374644,273.09162549659123,2369.3554102237463,2373.589797328305,2354.3010707199164,2372.2772369305962,647051.1203571456,648207.4960145113,642939.9063112672,647849.0467619386,242644.17013392958,243077.81100544176,241102.4648667252,242943.39253572698,49732,20828.480155669324,76.27042734517325
2025-03-24 21:30:06.374644,272.3604123540975,2348.7553692001816,2359.8359254386774,2330.911026020203,2346.325946106854,639707.9808742619,642725.8857404914,634847.888207575,639046.3021987807,239890.49282784824,241022.20715268428,238067.95807784062,239642.36332454276,13505,20545.470106699482,75.43607459311184
2025-03-25 21:30:06.374644,269.6543568841246,2376.48178097138,2409.7719756130914,2352.8931324018436,2377.3662643258394,640828.6662946765,649805.5123213344,634467.8844348926,641067.1710847979,240310.74986050368,243677.06712050043,237925.4566630847,240400.18915679923,21200,20610.44145720158,76.43404325319786
2025-03-26 21:30:06.374644,271.42800061335356,2408.410319550132,2413.0121345216658,2395.810394839125,2397.8542240716747,653709.9976920603,654959.0591289763,650290.0253198729,650844.777802059,245141.24913452263,245609.6471733661,243858.75949495233,244066.7916757721,46425,20924.793525014757,77.09274596336986
2025-03-27 21:30:06.374644,275.4591920624317,2348.579536366766,2378.6298373965137,2337.2509870226995,2354.8779672248365,646937.82158195,655215.453224837,643817.2685323938,648672.7822573751,242601.68309323123,245705.79495931388,241431.47569964768,243252.29334651565,21535,20854.963421340504,75.71102825163845
2025-03-28 21:30:06.374644,273.7969289867539,2400.281148524888,2414.1815703772268,2390.133136046173,2401.2512723047594,657189.6071709129,660995.4999857036,654411.1125189215,657455.2240825787,246446.10268909234,247873.31249463884,245404.16719459556,246545.709030967,20383,21137.320733107597,77.20196351872809
2025-03-29 21:30:06.374644,276.4221785795136,2404.18048576008,2422.3665141939186,2400.461258982658,2412.2008271116633,664568.8075721547,669595.8291715453,663540.7308037084,666785.8078015107,249213.302839558,251098.4359393295,248827.77405139065,250044.6779255665,25189,21437.300919544454,77.55399961778139
2025-03-30 21:30:06.374644,268.99378417819077,2408.966731979991,2418.499187804347,2408.966731979991,2412.3796462883765,647997.0771946672,650561.2485593722,648559.7249367655,648915.1299295557,242998.9039480002,243960.46820976457,242998.9039480002,243343.1737235834,34323,20862.754948866892,77.55974878352521
2025-03-31 21:30:06.374644,271.95997588415185,2396.3742098441535,2399.364145237398,2362.360591182908,2389.7263098398853,651717.8723186194,652531.0150760614,642467.5294077744,649909.9095937784,244394.20211948227,244699.13065352303,240925.3235279154,243716.2160976669,35059,20894.737319758824,76.8314276476887
2025-04-01 21:30:06.374644,271.4141318075331,2379.8320258627177,2399.796916284913,2368.1003853310344,2386.1991021555295,645920.0431472922,651338.7965478649,642735.9101177073,647648.1576314581,242220.01618023458,244252.04870544933,241025.96629414026,242868.05911179679,42174,20822.021528789162,76.7180253719205
2025-04-02 21:30:06.374644,271.8576825105314,2374.5359299925353,2402.388383185476,2350.1733258958056,2364.7609236967605,645535.83496576,653107.7383430259,638912.6738761015,642878.4244076649,242075.93811216002,244915.4018786347,239592.25270353805,241079.40915287434,21840,20668.673624217623,76.02877244351151
2025-04-03 21:30:06.374644,271.6943516972167,2394.110563954177,2401.541410840785,2354.7230660371956,2381.6113188756194,650466.3175649879,652485.2366924061,639764.9568534582,647070.3432766646,243924.86908687046,244681.96375965228,239911.85882004682,242651.37872874923,44428,20803.444678390708,76.57052482439659
2025-04-04 21:30:06.374644,272.61113296599217,2345.2647886954956,2364.544737428496,2326.3635018987757,2340.8455260631163,639345.2911515273,644601.2198191567,634192.5899433583,638140.55095844,239754.48418182274,241725.45743218376,237822.2212287594,239302.706609415,5704,20516.350017953962,75.25987512862271
2025-04-05 21:30:06.374644,271.9584338997429,2310.812360473985,2312.4481760606463,2292.7266575195345,2309.2907907015674,628444.9105906731,628889.7844357702,623526.3511392048,628031.1068582973,235666.8414715024,235833.66916341384,233822.3816772018,235511.66507186147,19048,20191.32931000184,74.24536758569188
2025-04-06 21:30:06.374644,268.3830781932145,2322.5561509096856,2335.9821316695543,2301.983892971439,2322.6445691879703,623334.7690577254,626938.0751018218,617813.523146874,623358.4990274201,233750.53839664703,235101.7781631832,231680.07118007776,233759.43713528253,20647,20041.1040067972,74.67470121330301
2025-04-07 21:30:06.374644,274.1842886760172,2356.466394903949,2369.0369474910945,2323.8881315889985,2345.601067380057,646106.0622756779,649552.7102950489,637173.6143223683,643126.9601773076,242289.77335337922,243582.26636064332,238940.1053708881,241172.61006649036,10422,20676.664100350685,75.41276921825701
2025-04-08 21:30:06.374644,271.5701994627704,2344.9360980107735,2359.3733851316856,2344.9360980107735,2349.0764484515144,636814.7638642363,640735.5008073637,637385.9613941199,637939.159659274,238805.5364490886,240275.8128027614,238805.5364490886,239227.18487222778,5448,20509.875246247237,75.52450523097126
2025-04-09 21:30:06.374644,269.3301731790602,2341.731719626216,2356.9552857631206,2314.2514300016855,2336.069844743382,630699.0095858272,634799.1752898826,623297.7384222416,629174.0958431152,236512.12859468523,238049.69073370597,233736.65190834063,235940.2859411682,21940,20228.076641046657,75.10633352334567
2025-04-10 21:30:06.374644,275.3874968470702,2335.156742730775,2344.557106463393,2324.7005201320853,2340.078592780617,643072.970126186,645661.7127639637,640193.4571582571,644428.3860912686,241152.36379731976,242123.1422864864,240072.5464343464,241660.64478422573,32112,20718.50521126764,75.23521766941396
2025-04-11 21:30:06.374644,276.4433086452139,2299.6904185742865,2317.609296209011,2272.3337675426997,2299.3645099776736,635734.0281703726,640687.5819909247,628171.4650457483,635643.932919609,238400.26056388972,240257.84324659675,235564.2993921556,238366.4748448534,48399,20436.08323429813,73.92623048781242
2025-04-12 21:30:06.374644,270.71891365563226,2300.719843204793,2326.7627315140394,2297.308488503493,2314.924563429028,622848.3765783581,629898.6790098923,621924.8583395282,626693.8630062452,233568.1412168843,236212.0046287096,233221.8218773231,235010.19862734195,15200,20148.33664500531,74.42649744977342
2025-04-13 21:30:06.374644,270.2209201764372,2336.5376044693226,2363.367769880044,2318.862877028424,2346.717786784543,631381.3415065486,638631.4134923196,626605.2603936013,634132.2397393313,236768.0030649557,239486.78005961986,234976.97264760046,237799.58990224922,35280,20387.48198750422,75.44867255403871
2025-04-14 21:30:06.374644,270.2260195236715,2315.532111237693,2318.907960353162,2288.3771467959245,2307.3582019793516,625717.025499005,626629.2677679907,618379.0475475992,623508.2225361757,234643.88456212688,234985.97541299651,231892.14283034968,233815.5834510659,34003,20045.917648411,74.18323346180821
2025-04-15 21:30:06.374644,272.2327326383178,2316.633941355403,2328.9727166288467,2303.1348582713917,2314.4674823117493,630663.5883778578,634022.6068879575,626988.6961017859,630073.807312255,236498.84564169668,237758.47758298408,235120.7610381697,236277.67774209564,11540,20257.00254990532,74.41180196157183
2025-04-16 21:30:06.374644,273.1272145324696,2289.75073413932,2326.7153101905815,2286.8899853481594,2310.1220584423545,625393.2399891498,635489.2716824046,624611.891640343,630957.2030523752,234522.4649959312,238308.47688090173,234229.45936512863,236608.9511446407,43744,20285.403904718856,74.27209344422185
2025-04-17 21:30:06.374644,273.72762107013546,2290.551129245537,2333.483013889123,2290.551129245537,2310.6711081589788,626987.1115478933,638738.7541994394,629416.0811182096,632494.5055118509,235120.16683045996,239527.03282478979,235120.16683045996,237185.4395669441,19593,20334.828495108377,74.28974578934778
2025-04-18 21:30:06.374644,272.8889562991828,2325.059468028644,2355.600301335416,2325.059468028644,2340.7581535200266,634483.0515638698,642817.3076894622,635034.8770786581,638767.0494628823,237931.1443364512,241056.4903835483,237931.1443364512,239537.64354858088,46101,20536.49207378094,75.25706603822806
2025-04-19 21:30:06.374644,270.85090824982245,2308.61212765755,2321.5382121427474,2289.1286331234496,2312.6138632315983,625289.6915726025,628790.7332955322,620012.5693821609,626373.5652874091,234483.63433972595,235796.52498582457,232504.71351831034,234890.08698277842,45526,20138.039007439853,74.35220676874302
2025-04-20 21:30:06.374644,271.2480254742503,2321.9736592872737,2329.2048062854633,2321.81151731642,2321.9885726877847,629830.7702848926,631792.2046300656,629786.7895954521,629834.8155153344,236186.53885683476,236922.07673627458,236170.04609829455,236188.0558182504,27992,20249.318914459054,74.65361045180718
2025-04-21 21:30:06.374644,271.97281272830116,2313.0028050551696,2313.0028050551696,2300.085127175641,2307.872949070872,629073.878739305,628792.9531037762,625560.6215524913,627678.6973783644,235902.70452723937,235902.70452723937,234585.23308218425,235379.51151688665,9706,20179.99927270976,74.1997829527504
2025-04-22 21:30:06.374644,271.48545426955866,2315.9465761488045,2343.8019152743004,2295.2047802976017,2323.3185028492676,628745.8082897873,636308.1276861051,623114.7124207569,630747.1791589044,235779.67810867022,238615.5478822894,233668.01715778385,236530.19218458913,35389,20278.651593328974,74.69636866748975
2025-04-23 21:30:06.374644,267.54840547851234,2324.6985291359438,2337.6856112567702,2296.2586929907166,2310.418089400396,621969.3846885647,625444.0578018103,614360.351875839,618148.675807787,233238.51925821177,234541.52167567887,230385.13195343965,231805.7534279201,8176,19873.607118305907,74.28161105343116
2025-04-24 21:30:06.374644,272.1436170919258,2300.1189695804937,2331.641503414735,2293.305521700365,2313.3237765879203,625962.6961233888,634541.3525009418,624108.4597724233,629556.3000653908,234736.0110462708,237953.0071878532,234040.6724146587,236083.61252452154,42342,20240.364585435662,74.37503099612327
2025-04-25 21:30:06.374644,269.72409473770557,2377.3766871637195,2401.844902251083,2340.943905199408,2367.6220818639526,641235.7747957597,647835.4419600463,631408.9756616596,638604.7227117565,240463.4155484099,242938.29073501736,236778.36587312235,239476.7710169087,36930,20531.27323533168,76.12076074602385
2025-04-26 21:30:06.374644,268.63600916539133,2325.8427190413086,2351.1490979491236,2318.2450595082205,2331.649713437352,624805.1059896396,631603.3106258623,622764.1010536735,626365.0737894386,234301.91474611487,236851.24148469837,233536.53789512758,234886.90267103945,26715,20137.766004032874,74.96422310792522
2025-04-27 21:30:06.374644,274.58627668926925,2333.95810487995,2361.5180518061256,2315.391028993125,2332.1027498705644,640872.8659677284,648440.4491799409,635774.6017309581,640363.4109437645,240327.32473789816,243165.16844247782,238415.47564910928,240136.2791039117,28918,20587.815423860742,74.97878855661145
2025-04-28 21:30:06.374644,273.2081660619294,2326.9014143043664,2356.6871965626224,2311.876950582729,2322.3485991948714,635728.4680090056,643866.1869545038,631623.6618295531,634484.6017425215,238398.1755033771,241449.8201079389,236858.8731860824,237931.72565344558,30985,20398.810498409257,74.66518556416067
2025-04-29 21:30:06.374644,272.4671781964628,2319.8139318640037,2348.831504383708,2318.466260199855,2325.273998653387,632073.1559558265,639979.4920583814,631705.9596603605,633560.844946694,237027.43348343496,239992.30952189304,236889.73487263516,237585.31685501023,23036,20369.111527349985,74.759239270609
2025-04-30 21:30:06.374644,268.964308950467,2325.128703310872,2327.2538219185644,2325.128703310872,2326.6050339703747,625376.6349069041,625948.2159646598,625588.9729415642,625773.7151625196,234516.23809008903,234730.58098674743,234516.23809008903,234665.14318594485,26759,20118.753702498703,74.80203301783962
2025-05-01 21:30:06.374644,272.5468969622817,2347.8243688208804,2347.8243688208804,2331.1370208052435,2338.558661307318,639892.2463345586,639595.1988439187,635344.1614143671,637366.906503577,239959.59237545947,239959.59237545947,238254.06053038768,239012.58993884138,25238,20491.477189544014,75.18635077426391
2025-05-02 21:30:06.374644,269.26544396075917,2309.053611968374,2342.5261276010783,2290.528978883571,2317.570240302928,621748.3459558587,630761.3377381824,616760.3024040692,624041.5796654113,233155.62973344701,236535.5016518184,231285.11340152594,234015.59237452922,39685,20063.065189860186,74.51155787300233
2025-05-03 21:30:06.374644,270.9462148811601,2329.9434350458064,2368.5447904017146,2326.8239600695238,2332.2301285163694,631289.3546128693,641748.2457358352,630444.144675629,631908.9255533118,236733.507979826,240655.59215093817,236416.55425336087,236965.84708249193,5150,20316.00197895164,74.9828838721163
2025-05-04 21:30:06.374644,270.49733677175925,2337.3686803424544,2342.9774834456903,2301.9198988398525,2321.3255122034902,632252.0030863554,633769.1693882579,622663.2020980975,627912.368831384,237094.50115738326,237663.4385205967,233498.70078678656,235467.138311769,20510,20187.511858004887,74.6322925781179
2025-05-05 21:30:06.374644,268.6710151239568,2348.4193893658116,2348.4193893658116,2337.1387164620874,2344.642941116832,630952.2212776954,630878.2195213268,627921.4314373705,629937.5990930789,236607.08297913577,236607.08297913577,235470.53678901395,236226.59965990458,43312,20252.62342763242,75.38196476656428
2025-05-06 21:30:06.374644,272.1435868493757,2332.790320285098,2345.029256527813,2317.614536607614,2329.6845171953705,634853.9251298906,638184.6731382038,630723.9329266498,634008.7007370043,238070.22192370897,239319.25242682642,236521.4748474937,237753.26277637662,16773,20383.510183159862,74.90104062871929
2025-05-07 21:30:06.374644,270.42009819255003,2352.520737872906,2352.520737872906,2327.1893739943152,2342.7852431886295,636168.8889356015,635142.4971072566,629318.7790282017,633536.2155071264,238563.33335085056,238563.33335085056,235994.54213557564,237576.0808151724,6403,20368.319685800103,75.32223843582328
2025-05-08 21:30:06.374644,266.0396845518894,2337.6573924747236,2343.306971153935,2317.7342063759356,2321.5848921418747,621909.6352843678,623412.6474140363,616609.2771393777,617633.7123658565,233216.11323163792,233779.74278026362,231228.4789272666,231612.6421371962,48902,19857.05093768829,74.64063183056166
2025-05-09 21:30:06.374644,269.82937067199975,2336.160148612719,2357.8796786142566,2316.4072328566945,2329.474880748167,630364.6226891753,636225.1898007819,625034.7058617902,628560.7410685095,236386.73350844072,238584.4461752932,234388.01469817135,235710.2779006911,47294,20208.3571588384,74.89430066546102
2025-05-10 21:30:06.374644,270.5454204587879,2312.186389831033,2327.279886287997,2297.5834876765884,2319.3083866397883,625551.4390159237,629634.9153610662,621600.6907126309,627478.2626370544,234581.78963097138,236113.09326039982,233100.2590172366,235304.3484888954,28917,20173.555254534927,74.56744053369519
2025-05-11 21:30:06.374644,267.3652680642612,2294.7111868384786,2316.571486979496,2275.872882124608,2298.2621780028285,613526.0715991289,619370.7566062972,608489.3632094286,614475.483303679,230072.27684967333,232264.03372736147,228183.51120353572,230428.30623887962,26170,19755.51322349791,73.89078971828985
2025-05-12 21:30:06.374644,269.76499084695024,2338.460278476866,2367.130110135923,2312.9403244680784,2339.9115263508666,630834.7156192685,638568.8324943576,623950.3254596733,631226.2114887149,236563.0183572257,239463.3121853841,233981.3720473775,236709.8293082681,8596,20294.052581298703,75.22984636297737
2025-05-13 21:30:06.374644,270.9273740726788,2308.6535287373413,2317.543520283661,2283.754863918221,2296.64640302336,625477.4381844315,627885.9802496043,618731.7083070715,622224.3791445821,234554.03931916182,235457.24259360164,232024.3906151518,233334.1421792183,25017,20004.641819205957,73.83884138516116
2025-05-14 21:30:06.374644,273.1341321148346,2337.3753418663837,2358.61535329303,2308.517294077543,2338.9905121846323,638416.9854272895,644218.3575144156,630534.867589956,638858.1435703819,239406.36953523356,241581.88406790586,236450.5753462335,239571.80383889322,5192,20539.420768080694,75.20023509201962
2025-05-15 21:30:06.374644,268.4818892788275,2326.055975464411,2326.639998559233,2285.680020448442,2308.205367828688,624503.9028609911,624660.7024848714,613663.6901768668,619711.3379981772,234188.96357287164,234247.76343182678,230123.88381632505,232391.75174931643,18576,19923.847029262382,74.21047045601581
2025-05-16 21:30:06.374644,268.62239474197645,2319.6265622852106,2319.6265622852106,2276.1709302777067,2305.097147023821,623103.6420681516,622816.2815732285,611430.4861332698,619200.7157464366,233663.86577555686,233663.86577555686,229286.43229997618,232200.26840491372,42482,19907.430418802618,74.11053891117787
2025-05-17 21:30:06.374644,269.64358762655183,2342.1128240734884,2366.9281682483143,2335.716963809337,2357.132277212027,631535.7045093304,638227.0029408182,629811.1018017465,635585.6037377949,236825.88919099892,239335.12610280683,236179.16317565495,238344.6014016731,22132,20434.207939100917,75.78350594666281
2025-05-18 21:30:06.374644,271.3077014252845,2279.118474777883,2306.3447859761377,2279.118474777883,2283.348872704826,618342.3946678877,625729.1025773757,618746.5797906701,619490.1342055609,231878.3980004579,234648.4134665159,231878.3980004579,232308.80032708534,44167,19916.73528181459,73.41131617679123
2025-05-19 21:30:06.374644,269.08594292855327,2289.7057723402904,2309.5227556538507,2289.7057723402904,2298.2606063146777,616127.6367791384,621460.1084200671,616885.1832107705,618429.6223457336,231047.86379217688,233047.54065752518,231047.86379217688,231911.1083796501,23439,19882.63960730882,73.89073918738012
2025-05-20 21:30:06.374644,268.0733789504055,2258.9769545524146,2284.0457364569666,2258.1452666213954,2276.3294952080546,605571.5851779624,612291.8582492864,605348.6317840619,610223.3393848941,227089.3444417359,229609.4468434824,227005.7369190232,228833.7522693353,41359,19618.805921582243,73.18563811815567
2025-05-21 21:30:06.374644,270.38198184091266,2304.130987061288,2319.013561279121,2283.924404303757,2299.715724214706,622995.5027026894,627019.4826146015,617532.0068104757,621801.6951838819,233623.31351350853,235132.30598047556,231574.5025539284,233175.6356939557,29565,19991.05244289744,73.93752227931603
2025-05-22 21:30:06.374644,267.9148577097284,2237.6669135678717,2261.0516323175807,2227.123085425709,2245.7858140092985,599504.2127503034,605769.3263467137,596679.3645338801,601679.3868068277,224814.07978136378,227163.49738001765,223754.76170020504,225629.7700525604,6860,19344.116088182476,72.20363669713372
2025-05-23 21:30:06.374644,266.6823579224465,2277.4906025349173,2292.415280610127,2274.465408789467,2280.425310228885,607366.5640302252,611346.7123705555,606559.7982290162,608149.1987978655,227762.46151133443,229255.01713895833,227459.92433588108,228055.94954919958,37862,19552.121874931378,73.31732153066005
2025-05-24 21:30:06.374644,268.7786891304893,2257.1381143232875,2284.8354169591685,2257.0938165178572,2267.35927933235,606670.6235542777,614115.0682492002,606658.7172482028,609417.8548867999,227501.48383285414,230293.1505934501,227497.01896807604,228531.69558254996,26634,19592.909429230964,72.89723919598599
2025-05-25 21:30:06.374644,269.69758827547616,2245.1047333588094,2258.487381354048,2221.7042143352946,2234.9175806034514,605499.3320127269,609108.5999017823,599188.2684676906,602751.8814832129,227062.2495047726,228415.72496316838,224695.60067538396,226031.95555620483,25362,19378.597012706177,71.85421513988624
2025-05-26 21:30:06.374644,267.41401415612347,2220.798640385439,2227.231636207169,2216.183980629594,2226.006439539106,593872.6790579315,595592.9522936699,592638.6543686562,595265.3175345325,222702.25464672432,223347.35711012624,222239.49538824608,223224.4940754497,13981,19137.902441310845,71.56771551558847
2025-05-27 21:30:06.374644,267.47462693620395,2194.6974277076342,2232.0129243321853,2176.1768670388506,2204.6566475024874,587025.875713946,597006.8242525369,582072.0956584136,589689.7143131499,220134.70339272975,223877.5590947013,218277.0358719051,221133.64286743122,13223,18958.645650499933,70.88130427451854
2025-05-28 21:30:06.374644,270.7575469587952,2201.080902122486,2206.5035094828527,2194.6138233255037,2196.5957289704243,595959.2657165363,597427.4775835499,594208.2553254762,594744.8712361987,223484.7246437011,224035.30409383122,222828.09574705356,223029.32671357453,20457,19121.1699857317,70.62213991899382
2025-05-29 21:30:06.374644,269.00237204571647,2175.3438910037917,2201.0966362480117,2171.130395248875,2182.1963872346923,585172.6666951785,592100.2162525627,584039.2263425014,587016.004435725,219439.75001069193,222037.58109471103,219014.709878438,220131.0016633969,43198,18872.685327794657,70.15919067740583
2025-05-30 21:30:06.374644,267.9270165695478,2211.8370900612545,2223.756493116925,2183.6066784884015,2204.8520304616095,592610.9126779821,595804.4427779778,585047.2227287372,590739.4264988888,222229.0922542433,223426.66604174167,219392.70852327644,221527.28493708328,25364,18992.3941132616,70.8875859778356
2025-05-31 21:30:06.374644,267.6780935666542,2227.959903134624,2279.0910647173573,2209.26428165394,2238.140764197797,596376.0594140236,610062.7512683383,591371.6510980304,599101.2528942808,223641.02228025888,228773.53172562685,221764.3691617614,224662.9698353553,41722,19261.228552413864,71.95784282147659
2025-06-01 21:30:06.374644,268.22002329476175,2194.9281559023443,2216.7264794350094,2179.232234323761,2193.687121955667,588723.6811064553,594570.4279521734,584513.7206550149,588390.8109523678,220771.38041492074,222963.91048206502,219192.64524563059,220646.55410713796,11362,18916.885640186723,70.52862610174633
2025-06-02 21:30:06.374644,270.78689788844696,2214.8400608446855,2227.591553571707,2202.1406362496655,2210.408745108657,599749.6693951915,603202.6065541888,596310.8316041378,598549.7271534681,224906.1260231968,226200.9774578208,223616.56185155167,224456.14768255054,42761,19243.49688636407,71.06623836895066
2025-06-03 21:30:06.374644,271.62852747884045,2196.7814173557176,2233.0986097851974,2192.970392429355,2210.6319060307037,596708.5015892136,606573.2870909988,595673.3185002806,600470.6894328624,223765.68809595512,227464.98265912457,223377.49443760523,225176.50853732342,20372,19305.25621890633,71.07341315384775
2025-06-04 21:30:06.374644,269.0938556568699,2183.8935165807025,2216.1309856300063,2170.1058684247,2187.7081742644064,587672.3267207416,596347.2315638377,583962.1553180026,588698.8276648605,220377.1225202781,223630.21183643915,218985.80824425095,220762.0603743227,38940,18926.78844087129,70.33639861315949
2025-06-05 21:30:06.374644,264.718410460266,2208.6464390349597,2208.6464390349597,2190.788205103469,2200.486077518517,584669.3746100613,584484.7553762629,579941.9713100895,582509.1766806475,219251.01547877298,219251.01547877298,217478.23924128356,218440.94125524283,24733,18727.789888138104,70.7472174359322
2025-06-06 21:30:06.374644,267.23538498654995,2213.143837424126,2220.581283754222,2181.211844577264,2197.0422390707613,591430.3454246469,593417.8942579868,582896.9870228278,587127.4285897866,221786.37953424256,222531.71034674504,218586.37013356044,220172.78572117,8725,18876.26763727452,70.63649554136227
2025-06-07 21:30:06.374644,267.7885534078445,2182.7985439996737,2206.575942963804,2168.048192554587,2189.122564127191,584528.4644784218,590895.7797508276,580578.4892026847,586221.9646800917,219198.17417940818,221585.91740656033,217716.93345100677,219833.2367550344,10140,18847.15678626838,70.38187226926844
2025-06-08 21:30:06.374644,269.0899826934976,2130.5362984712037,2147.952239285517,2118.0812465569757,2126.8730396483734,573305.9756834846,577992.4308957991,569954.4459794384,572320.2294302473,214989.7408813067,216747.16158592465,213732.9172422894,214620.08603634275,6038,18400.213137546532,68.3805050765468
2025-06-09 21:30:06.374644,265.38497001207634,2158.3756628970436,2170.79030765202,2146.67509880143,2158.8343175658442,572800.4605727273,576095.1206987373,569695.3067210885,572922.1806282528,214800.17271477272,216035.67026202648,213635.74002040818,214845.8177355948,9813,18419.56599242068,69.40808325641308
2025-06-10 21:30:06.374644,264.35303598773135,2171.373662200159,2194.578771891615,2134.859973737081,2158.6881565297335,574009.2198664106,580143.5610637753,564356.7154660857,570655.767929394,215253.45744990397,217553.83539891575,211633.76829978212,213995.91297352276,45150,18346.700357812308,69.40338407348798
2025-06-11 21:30:06.374644,267.67577127482207,2200.7209871111027,2202.1506272828256,2158.989297371178,2188.4325314322655,589079.6875856521,589462.3676212636,577909.1253479163,585790.365734043,220904.88284461954,221048.38785797387,216715.9220054686,219671.3871502661,31067,18833.280791346544,70.3596872195176
2025-06-12 21:30:06.374644,270.14930490038176,2149.45034410809,2187.0619149199456,2131.232796244432,2157.990535739291,580672.516378687,590833.2560897212,575751.0584863302,582979.6432115718,217752.19364200762,221562.47103364544,215906.6469323738,218617.36620433943,38620,18742.915483911132,69.3809550609832
2025-06-13 21:30:06.374644,269.31048693025264,2166.385643638928,2189.9115151299243,2159.2602061000803,2170.2345144971555,583430.3725671084,589766.1364738073,581511.4175139302,584466.9138520694,218786.38971266564,221162.30117767773,218066.78156772384,219175.092694526,19962,18790.731541025893,69.77460782539443
2025-06-14 21:30:06.374644,266.1562703509077,2138.3414507335624,2148.664132771654,2112.1029204846304,2147.972857139284,569132.9852639942,571880.4318152709,562149.4359134489,571696.4444711749,213424.86947399782,214455.1619307266,210806.03846754335,214386.16667669057,47533,18380.158322761537,69.05887945534373
2025-06-15 21:30:06.374644,269.37532092191367,2122.911189847444,2129.863932287023,2112.599816470472,2128.3653409819553,571859.8830538768,573732.7802798259,569082.2535413093,573329.0967660925,214447.4561452038,215149.79260493472,213405.84507799096,214998.4112872847,44274,18432.648429979825,68.42848364273974
2025-06-16 21:30:06.374644,267.6417912648689,2135.7679343071923,2137.658813431465,2098.9716039621653,2125.7302728677246,571620.7556640458,572126.8339399316,561772.5198985289,568934.2579762763,214357.78337401716,214547.56272747435,210664.69496194835,213350.34674110363,7688,18291.35345859942,68.34376429879995
2025-06-17 21:30:06.374644,268.61100274308944,2171.9450225232213,2171.9450225232213,2164.9538785398945,2165.1707735354717,583408.3304028244,581901.8886958343,581530.4322071418,581588.6925893937,218778.12390105915,218778.12390105915,218073.91207767816,218095.75972102262,10410,18698.19613520427,69.61180489448041
2025-06-18 21:30:06.374644,263.739932763871,2149.067845215539,2166.3701608684128,2149.067845215539,2162.3143894592386,566795.0090021434,571358.3205690916,566809.3704754726,570288.6516903304,212548.12837580376,214259.37021340936,212548.12837580376,213858.24438387388,12781,18334.897495188092,69.51997008244213
2025-06-19 21:30:06.374644,267.80068782857273,2126.7216504836842,2126.7216504836842,2100.736007934165,2116.1472226718593,569537.520819448,568478.6135342384,562578.5478710195,566705.6817780478,213576.57030729303,213576.57030729303,210966.9554516323,212514.63066676795,30779,18219.7042752716,68.0356623104107
2025-06-20 21:30:06.374644,268.04545081567784,2130.8906402454522,2152.894028325122,2095.3035943525742,2119.626097481466,571175.5423035006,577073.450380788,561636.596543946,568156.1328600955,214190.8283638127,216402.54389279548,210613.72370397975,213058.5498225358,24521,18266.336576006157,68.14751064933097
2025-06-21 21:30:06.374644,264.65991446628163,2146.6846704893733,2146.6846704893733,2134.238309949694,2136.9114424596282,568141.3812777955,567847.5697446947,564847.3285619476,565554.7995833837,213053.01797917334,213053.01797917334,211817.74821073032,212083.04984376888,23638,18182.70317590611,68.70324698055293
2025-06-22 21:30:06.374644,265.9946441077509,2143.9139136930385,2156.4662290304545,2114.776161827745,2136.586021599246,570269.6184704351,573608.4671213394,562519.1325329265,568320.4384208869,213851.1069264132,215103.17517050228,210944.67469984744,213120.16440783258,18586,18271.619033593328,68.69278446474661
2025-06-23 21:30:06.374644,263.1884241161579,2107.489794604146,2121.755257253166,2087.72241305637,2106.8905364758716,554666.9178827504,558421.4225166339,549464.3718842884,554509.2000803311,208000.0942060314,209408.03344373772,206049.13945660816,207940.95003012416,42394,17827.584879125872,67.73805316044405
2025-06-24 21:30:06.374644,264.4318601523971,2092.681765222196,2105.3029624250576,2087.0626486053143,2092.3499904788,553371.7318847073,556709.1785384102,551885.858425292,553284.0000721595,207514.39945676527,208765.94195190383,206957.19690948448,207481.5000270598,36560,17788.194446764388,67.27056409982157
2025-06-25 21:30:06.374644,267.37579432340044,2114.6245038889847,2117.563183754491,2102.244326918713,2107.3563133852354,565399.4064230439,566185.1382863459,562089.2467717532,563456.0682138101,212024.77740864147,212319.4268573797,210783.46753940743,211296.02558017877,11162,18115.228530536588,67.75302822464467
2025-06-26 21:30:06.374644,263.85421394501634,2078.409579193981,2115.9881382556628,2050.181951751683,2076.3392064935897,548397.12577402,558312.3869364265,540949.1473236997,547850.8492125851,205648.9221652575,209367.14510115993,202855.93024638738,205444.06845471944,22529,17613.517528696797,66.75580582550484
2025-06-27 21:30:06.374644,267.193415540613,2111.052237748822,2121.0446452249257,2090.4407690981857,2106.5400556320214,564059.2577887619,566729.1632717756,558552.0090806901,562853.6324374328,211522.2216707857,212523.43622691586,209457.0034052588,211070.1121640373,21693,18095.86009636808,67.7267849480612
2025-06-28 21:30:06.374644,265.7330034705857,2129.667524773047,2144.3738290671254,2116.2859216380775,2126.5500696475733,565922.9477517097,569830.8981617276,562367.0141594029,565094.5370380328,212221.10540689115,213686.58681064786,210887.6303097761,211910.45138926228,5131,18167.905640368852,68.370121357647
2025-06-29 21:30:06.374644,262.7447915793424,2144.4435132997633,2144.4435132997633,2101.833623601601,2119.4046896219133,563441.363955619,557754.3142102128,552245.8373676568,556862.5434469905,211290.51148335714,211290.51148335714,207092.1890128713,208823.45379262144,33896,17903.245352591002,68.14039222665981
2025-06-30 21:30:06.374644,264.2230013448222,2109.7208537453175,2113.5609513729505,2079.4958466939806,2102.9899135540372,557436.7759763484,558451.4180969788,549450.6338975758,555658.3067571359,209038.79099113066,209419.28178636706,206043.98771159092,208371.86503392598,49217,17864.52889522685,67.61264531496575
2025-07-01 21:30:06.374644,265.6571877113633,2134.55964202849,2153.9974582183136,2118.240008762803,2133.7916700800706,567061.111503463,572224.907087702,562725.6836256197,566857.0942354047,212647.91681379863,214584.34015788825,211022.1313596074,212571.41033827676,20803,18224.57221693045,68.60294404424167
2025-07-02 21:30:06.374644,264.65742991917716,2098.9597144078075,2127.631696306777,2094.337421452865,2109.943414054746,555505.2835190605,563093.5365591309,554281.9593452718,558412.2012386234,208314.4813196477,211160.07620967407,207855.73475447693,209404.57546448376,5773,17953.067169451624,67.836205380576
2025-07-03 21:30:06.374644,262.59775301468676,2116.5301346582382,2131.0388422697774,2095.868871024733,2101.7809756573674,555796.0575491257,559606.011567063,550370.4561445232,551922.9615366408,208423.52158092216,209852.25433764863,206388.9210541962,206971.1105762403,43406,17744.43677779838,67.57377708802441
2025-07-04 21:30:06.374644,264.44325124586715,2128.2088706068184,2131.7208186221796,2110.023010955804,2122.004734987787,562790.473073562,563719.1840249506,557981.3452207467,561149.831279295,211046.42740258574,211394.6940093565,209243.00445778,210431.18672973564,49553,18041.08253855758,68.2239855639329
2025-07-05 21:30:06.374644,264.7936770832388,2140.0408455179418,2162.787484386109,2133.453142984423,2146.852511925957,566669.2845930192,572692.4507402057,564924.9026156381,568472.9707882619,212500.9817223822,214759.66902757715,211846.8384808643,213177.3640455982,23036,18276.522980589696,69.02285954718784
2025-07-06 21:30:06.374644,269.532823709262,2107.6909253037215,2116.9792413471855,2097.0098933584527,2111.571331744865,568091.8866034993,570595.3926541982,565212.9979031621,569137.7835087202,213034.45747631224,213973.27224532433,211954.8742136858,213426.66881577007,49723,18297.89684634517,67.8885441106263
2025-07-07 21:30:06.374644,264.4830283812302,2109.5025214577677,2139.2007264891017,2100.4418621395207,2118.74464520607,557927.6152529914,565782.2864571654,555531.2246373709,560372.0001306165,209222.8557198718,212168.35742143702,208324.20923901408,210139.50004898116,12135,18016.075107080003,68.1191713217506
2025-07-08 21:30:06.374644,265.7881328611159,2125.702044913692,2146.8539882203304,2098.7986248200928,2125.9438903525756,564986.3775366662,570608.3130545218,557835.7677424102,565050.657184308,211869.89157624985,213978.11739544568,209188.4129034038,211893.99644411553,17044,18166.494894042826,68.35063225529524
2025-07-09 21:30:06.374644,264.2650985264718,2133.923372301138,2133.923372301138,2109.0434652361046,2120.8197063042194,563921.4702291011,562121.9591217882,557346.5791372306,560458.6286433674,211470.55133591293,211470.55133591293,209004.96717646148,210171.9857412628,23342,18018.860231589744,68.1858860354693
2025-07-10 21:30:06.374644,265.6585308573815,2121.305738511138,2121.305738511138,2077.9984884800087,2106.540206578531,563542.9659922016,563399.5883581341,552038.0255734585,559620.3764716574,211328.6122470756,211328.6122470756,207014.25959004695,209857.64117687155,16076,17991.9102517894,67.72678980110055
2025-07-11 21:30:06.374644,262.4095626839223,2146.9529036981567,2159.640705537174,2127.654157023446,2144.368657380866,563380.9725624104,566710.3730944073,558316.7968871517,562702.8416164225,211267.8647109039,212516.3899104027,209368.79883268187,211013.56560615846,42402,18091.012140445684,68.94300182876094
2025-07-12 21:30:06.374644,265.4556057276353,2130.1299510744557,2134.281505925945,2113.17121340448,2128.685696356324,565454.9364410478,566556.9899488614,560953.1444604883,565071.5509300212,212045.60116539293,212458.87123082305,210357.42917268313,211901.83159875794,26507,18167.166632266628,68.43878329951048
2025-07-13 21:30:06.374644,261.4770900372815,2106.6468354622875,2143.6334314887513,2105.5138196971707,2114.104334270885,550839.8842729267,560511.031772311,550543.6266076977,552789.8493603553,206564.95660234752,210191.63691461663,206453.85997788663,207296.19351013325,30915,17772.307399702782,67.96998197215378
2025-07-14 21:30:06.374644,264.34724043284785,2107.482320409538,2120.801336304356,2082.195596599471,2108.2744069022447,557107.1356612762,560627.9807583527,550422.6600024975,557316.5215398074,208915.17587297858,210235.49278438225,206408.49750093656,208993.6955774278,16406,17917.840841686197,67.7825455946194
2025-07-15 21:30:06.374644,263.75600314901055,2119.3770152952825,2132.254659777543,2110.1074464122285,2118.666492539729,558998.4107201631,562394.9667587781,556553.5062806543,558811.0060780119,209624.4040200612,210898.11253454178,208707.56485524538,209554.1272792545,36042,17965.88882709658,68.11665865705561
2025-07-16 21:30:06.374644,264.70033436090716,2118.531071367892,2147.0939560308025,2107.18501875152,2126.0891043996166,560775.8829450519,568336.4880656364,557772.5790238219,562776.4968156602,210290.95610439446,213126.18302461365,209164.7171339332,211041.18630587257,12378,18093.380170256565,68.35530099183747
2025-07-17 21:30:06.374644,260.6739573597691,2111.067241174517,2128.1823790115823,2111.067241174517,2121.961891854972,550300.2520095315,554761.7227202771,550808.0759508412,553140.2037164578,206362.5945035743,208035.64602010394,206362.5945035743,207427.57639367168,16738,17783.571364340853,68.22260812625498
2025-07-18 21:30:06.374644,264.1023471229849,2096.511375205999,2119.7026706427005,2096.511375205999,2106.7337769997966,553693.5749619411,559818.4505195966,554678.7274942752,556393.3352689174,207635.0906107279,209931.9189448487,207635.0906107279,208647.500725844,17665,17888.160213121057,67.7330132300158
2025-07-19 21:30:06.374644,262.1898985164216,2098.2861016461993,2115.90621641817,2085.9342991444937,2097.2118839851228,550149.4200490349,554769.2361529456,546910.9022046177,549867.7710294926,206306.03251838806,208038.46355735458,205091.58832673164,206200.41413605973,19793,17678.36198011486,67.42687748919326
2025-07-20 21:30:06.374644,264.1215184516216,2091.887372437924,2099.0338917188587,2089.325966062481,2093.0067899163796,552512.4692380774,554400.0187622017,551835.9466968237,552808.1314822685,207192.17596427904,207900.00703582563,206938.4800113089,207303.04930585067,34948,17772.895173684043,67.2916806763348
2025-07-21 21:30:06.374644,264.8199117348475,2088.0657374083103,2090.8096900387523,2064.4526286206055,2089.2901851951065,552961.3842770279,553688.0375704262,546708.1628920827,553285.6424318512,207360.51910388545,207633.01408890984,205015.56108453101,207482.11591194422,10820,17788.24724896641,67.1721891489738
2025-07-22 21:30:06.374644,262.40785226310385,2089.571157182576,2104.464625856589,2078.810458487791,2088.156847591337,548319.8795072084,552228.0426347039,545496.1876738594,547948.7535649362,205619.95481520315,207085.51598801397,204561.0703776973,205480.7825868511,49323,17616.665173769812,67.13575152607703
2025-07-23 21:30:06.374644,261.397247367884,2100.6981448729116,2126.413960439222,2092.1643148654357,2098.464533576255,549116.7126205995,555838.7560234533,546885.9929471399,548532.8527759636,205918.76723272481,208439.533508795,205082.24735517747,205699.81979098637,42992,17635.444083589366,67.46715107869709
2025-07-24 21:30:06.374644,264.26395155868784,2095.6823932171505,2095.6823932171505,2084.2393569874353,2090.4337722407327,553813.3104435321,552841.7459441767,550789.3284716383,552426.2891240701,207679.9914163245,207679.9914163245,206545.99817686435,207159.85842152627,49537,17760.618863299576,67.20895629883238
2025-07-25 21:30:06.374644,264.37626422064045,2127.2920389619444,2139.1126156804685,2107.0148160923927,2126.1472916976995,562405.522167068,565530.6020808448,557044.7057360465,562102.8781618701,210902.0708126505,212073.9757803168,208891.76465101744,210788.5793107013,10503,18071.723191932553,68.35717175551625
2025-07-26 21:30:06.374644,262.80338979062503,2106.7141244286872,2131.8885056128784,2081.3643838345706,2119.495138410112,553651.6132196477,560267.5259307344,546989.6154612007,557010.5070189274,207619.35495736788,210100.32222402538,205121.10579795027,208878.94013209775,32155,17908.00241187395,68.14330022055755
2025-07-27 21:30:06.374644,260.4429058622526,2122.5407258082987,2135.8509115426446,2073.762363281914,2108.309427479523,552800.674440488,556267.2178907073,540096.695960914,549094.233749549,207300.252915183,208600.20670901524,202536.26098534276,205910.3376560809,48922,17653.492597400626,67.78367153148433
2025-07-28 21:30:06.374644,265.31582172391256,2079.320959526498,2079.320959526498,2050.7451087089976,2070.5206398574437,551676.7490045271,550279.0499818707,544095.1236634221,549341.8849600989,206878.78087669768,206878.78087669768,204035.67137378326,206003.20686003708,10616,17661.45463477684,66.56873470372928
2025-07-29 21:30:06.374644,262.959538965385,2108.3614200155275,2122.410053146987,2105.6312082047416,2107.7271825636494,554413.7469796875,558107.9690710299,553695.8117406454,554246.9681917471,207905.15511738282,209290.48840163622,207635.92940274204,207842.61307190516,24152,17819.154069950717,67.7649519367161
2025-07-30 21:30:06.374644,264.0103686161827,2108.9602201013686,2138.2902900033414,2097.0043662557027,2107.807177486817,556787.365105828,564530.8076721863,553630.8957249126,556482.9499001302,208795.2619146855,211699.05287706986,207611.58589684224,208681.1062125488,47473,17891.041341953773,67.76752383129929
2025-07-31 21:30:06.374644,264.1263659006972,2100.213320035485,2116.7912402679794,2071.388001828387,2104.9923673111543,554721.7118372106,559100.377662411,547108.1852932386,555983.9842266007,208020.64193895395,209662.6416234041,205165.56948496448,208493.99408497527,37423,17874.99949288197,67.6770256502051
2025-08-01 21:30:06.374644,262.4821265904235,2070.8902937214184,2076.428886439635,2043.663003591581,2062.483981289621,543571.6882314646,545025.4698264604,536425.0112168904,541365.1814675829,203839.38308679924,204384.55118492263,201159.3792063339,203011.9430503436,45138,17405.00197619544,66.31035032358484
2025-08-02 21:30:06.374644,263.12940861754277,2096.471753694233,2132.444735047743,2079.6905996726887,2099.21544721679,551643.3727329463,561108.9220427054,547227.7575993375,552365.3191869645,206866.26477485488,210415.8457660145,205210.40909975156,207136.9946951117,48450,17758.65866727638,67.49129349484109
2025-08-03 21:30:06.374644,264.745099112082,2078.98535273148,2104.1553603914535,2074.421931597352,2085.747981339118,550401.1832614625,557064.8194340541,549193.0398810175,552191.5560424498,206400.44372304843,208899.30728777027,205947.38995538157,207071.83351591867,31164,17753.072146426497,67.05830473545157
2025-08-04 21:30:06.374644,263.35734184992447,2062.0079383261786,2088.3405922156303,2059.6498972873296,2077.3958146406176,543044.9295110254,549979.8272432055,542423.9220910611,547097.4397139115,203641.84856663452,206242.43521620205,203408.9707841479,205161.5398927168,10911,17589.295258291906,66.78977654092361
2025-08-05 21:30:06.374644,263.8295077909777,2055.7255848861446,2073.9431161286407,2054.8195834071644,2061.769631213545,542361.0692138312,547167.3915147057,542122.039289574,543955.6669814552,203385.4009551867,205187.77181801465,203295.76473359024,203983.3751180457,10842,17488.286618488142,66.28738345245856
2025-08-06 21:30:06.374644,265.7965217954794,2067.1443875817613,2094.814725112593,2064.914026703535,2080.1407750708513,549439.7882682786,556794.4677408806,548846.9661044973,552894.1828587849,206039.92060060447,208797.9254028302,205817.6122891865,207335.31857204434,10716,17775.66174314509,66.8780290022297
2025-08-07 21:30:06.374644,259.84173053401014,2110.554521597544,2129.1516061571356,2103.636241461694,2120.524529366678,548410.1392782857,553242.4379131373,546612.4813954674,551000.763350455,205653.80222935713,207465.91421742647,204979.68052330028,206625.2862564206,29028,17714.78791635979,68.17639588363619
2025-08-08 21:30:06.374644,264.1853314762838,2095.8430151894195,2102.7680605295,2064.8411597970144,2080.347481956775,553690.9816900709,555520.4770887283,545500.7462468485,549597.289106603,207634.1181337766,208320.1789082731,204562.77984256818,206098.98341497613,20435,17669.665930639243,66.88467477797595
2025-08-09 21:30:06.374644,263.0814643129,2095.412305720493,2116.278162219061,2074.8301825331296,2102.796184443171,551264.1377282173,556753.5578100034,545849.3626214173,553206.6993548884,206724.05164808148,208782.58417875128,204693.51098303148,207452.51225808315,8611,17785.709212798625,67.60641678406517
2025-08-10 21:30:06.374644,265.71986758001447,2042.1093812721404,2068.608042814878,2042.1093812721404,2056.184488724688,542629.0343755384,549670.2552117222,546043.2692054756,546369.0700640038,203485.88789082688,206126.34570439585,203485.88789082688,204888.40127400143,20563,17565.878024177076,66.10781708568771
2025-08-11 21:30:06.374644,265.3934998879249,2023.459484444962,2051.416668942606,2019.9439631412313,2021.5464665323316,537012.9944582647,544432.6494991068,536079.9979555369,536505.2919390834,201379.87292184925,204162.24356216507,201029.99923332635,201189.48447715625,49301,17248.755527876907,64.99417964320195
2025-08-12 21:30:06.374644,265.4374993497647,2100.674983793787,2100.674983793787,2088.086542915748,2096.9192272681676,557597.9146448303,556877.3578031816,554256.4703774513,556600.9960245034,209099.21799181134,209099.21799181134,207846.17639154423,208725.37350918876,20684,17894.8365491417,67.41746836427308
2025-08-13 21:30:06.374644,263.1108024945088,2064.7464574624173,2064.7464574624173,2049.645979112504,2053.599520855848,543257.0973706308,540539.3488926707,539283.9983939341,540324.2179347209,203721.41151398656,203721.41151398656,202231.49939772527,202621.58172552034,8537,17371.534784423897,66.02470850083907
2025-08-14 21:30:06.374644,264.43373866270116,2058.6264629562297,2091.0087451783975,2058.6264629562297,2073.4360273847406,544370.2921094885,552933.260063927,545823.8664978923,548286.4405992858,204138.8595410582,207349.97252397262,204138.8595410582,205607.41522473216,41089,17627.52188140708,66.66246651935442
2025-08-15 21:30:06.374644,264.06119141539205,2068.3243490777795,2092.1497406958624,2061.9398857182855,2065.1646324513754,546164.1918509437,552455.553147553,544478.3028496878,545329.8333140404,204811.5719441039,207170.83243033238,204179.36356863292,204498.68749276517,47579,17532.466348831033,66.39653519544024
2025-08-16 21:30:06.374644,261.9543936445154,2053.9547056805377,2087.2319148530078,2053.5497798885267,2064.71811037902,538042.4594998443,546759.5706508005,537936.3874095271,540861.9806511857,201765.92231244163,205034.83899405017,201726.14527857266,202823.24274419463,23583,17388.823966409007,66.38217918816274
2025-08-17 21:30:06.374644,265.6755623167676,2054.684138538105,2061.8361112029115,2036.1324374200422,2041.109181304318,545879.3638894542,547779.4682488509,540950.6302629802,542272.8294929418,204704.7614585453,205417.3005933191,202856.4863486176,203352.31105985318,8863,17434.18304696958,65.62313505889428
2025-08-18 21:30:06.374644,266.9321526549745,2044.926525132071,2075.511507254527,2039.3164278230615,2056.8092410910444,545856.6393747606,554020.7544916216,544359.1240234628,549028.5183250769,204696.23976553523,207757.7829343581,204134.67150879855,205885.69437190384,30940,17651.379832982155,66.12790332570432
2025-08-19 21:30:06.374644,270.14754652136696,2082.0352442041094,2104.7774216681933,2076.647107258527,2087.0277473638866,562456.7129927552,568600.456437231,561001.121016585,563805.4254723693,210921.2673722832,213225.17116396164,210375.4203812194,211427.03455213847,7078,18126.460438283477,67.0994501378908
2025-08-20 21:30:06.374644,266.65802164130133,2114.665652438441,2134.653851445347,2104.6640116051985,2115.2054571440704,563892.5593120464,569222.5729154005,561225.5415542871,564036.5025669222,211459.70974201738,213458.4648432752,210459.57808285765,211513.68846259583,14335,18133.88961442008,68.0053838681843
2025-08-21 21:30:06.374644,260.5133135899225,2077.5623316196193,2083.3930707144386,2062.306427995896,2074.172458060043,541232.6471998325,542751.6323621022,537258.2811950077,540349.5400061765,202962.2426999372,203531.8621357883,201471.8554481279,202631.07750231616,38227,17372.348894231494,66.686143297701
2025-08-22 21:30:06.374644,262.97251105607484,2058.4545534602275,2083.1382997899846,2051.123868742361,2075.1989026876113,541316.9628182473,547808.1095728547,539389.1942502295,545720.2663805722,202993.86105684272,205428.0410898205,202270.94784383607,204645.09989271458,23644,17545.018852256053,66.71914423417337
2025-08-23 21:30:06.374644,264.25500872071274,2077.96045989478,2086.6284407475223,2060.444839972038,2074.593763119404,549111.4594507914,551402.0168066238,544482.8691553585,548221.7929650543,205916.79729404676,206775.7563024839,204181.07593325945,205583.17236189535,25955,17625.443446664554,66.69968855978921
2025-08-24 21:30:06.374644,261.70885478474105,2095.0985109131684,2102.478341200015,2073.1727530594076,2088.273477867622,548305.8319523016,550237.198885178,542567.6669741063,546519.6603700836,205614.68698211308,206338.94958194174,203462.87511528988,204944.87263878138,48035,17570.719533503205,67.13950127373518
2025-08-25 21:30:06.374644,265.6934130383874,2105.039558628291,2113.4925585347505,2093.149873560425,2103.264200070096,559295.1449127713,561541.0513083317,556136.1339071384,558823.4438380776,209735.67934228922,210577.8942406244,208551.0502151769,209558.7914392791,42070,17966.288703641898,67.62146382465305
2025-08-26 21:30:06.374644,266.9400870207012,2114.1357085355558,2158.915063492366,2114.1357085355558,2122.7950479096517,564347.570010053,576300.9749189548,565606.059890886,566659.0948161159,211630.33875376987,216112.86559460804,211630.33875376987,212497.16055604347,13042,18218.206494859693,68.24939469544108
2025-08-27 21:30:06.374644,260.3109262776974,2097.436149010684,2124.4041737782604,2092.235677086312,2102.7859071953976,545985.5467572976,553005.6182644253,544631.8070935833,547378.1472657222,204744.5800339866,207377.1068491595,204236.92766009373,205266.80522464582,35173,17598.320063841376,67.60608636312304
2025-08-28 21:30:06.374644,262.64979714196375,2094.6009172137638,2100.3269599868127,2075.5257596139986,2091.1677573129828,550146.5059995663,551650.4499723337,545136.419725537,549244.7872480702,206304.93974983736,206868.91873962514,204426.15739707637,205966.79521802632,34198,17658.332923356167,67.23255444927364
2025-08-29 21:30:06.374644,263.24135660664814,2096.037917408931,2096.180224019698,2071.1734526807995,2090.2557531715374,551763.8648777006,551801.3258629729,545218.509451369,550241.7601197265,206911.44932913771,206925.49719861482,204456.9410442634,206340.66004489746,43379,17690.38580631837,67.2032328571234
2025-08-30 21:30:06.374644,263.84558926479167,2065.3916060421993,2069.7734941018325,2056.8184698895757,2062.298466021684,544944.4653587586,546100.6071959448,542682.4811987223,544128.3540073672,204354.17450953447,204787.72769847928,203505.93044952085,204048.1327527627,32076,17493.838541903526,66.30438587366964
2025-08-31 21:30:06.374644,263.5931691121964,2097.594416476181,2097.594416476181,2074.383242214613,2088.844049578644,552911.5597510049,552529.4009635149,546793.2527685827,550605.0228095887,207341.83490662684,207341.83490662684,205047.4697882185,206476.88355359575,25003,17702.064776542848,67.15784556653252
2025-09-01 21:30:06.374644,265.54077786215163,2103.923008850032,2111.228261891116,2065.7801694194663,2092.500590228048,558677.3523321161,560617.1949071253,548548.8730798524,555644.2344061673,209504.00712454354,210231.448090172,205705.82740494466,208366.58790231275,13607,17864.076466247665,67.27540599058139
2025-09-02 21:30:06.374644,262.9266782604882,2054.207902619375,2094.2070690461373,2038.6698480230175,2069.667347847337,540106.0602921566,550622.9082539338,536020.6912105063,544170.7608736947,202539.77260955874,206483.59059522516,201007.75920393984,204064.0353276355,6848,17495.201931381645,66.54130074902622
2025-09-03 21:30:06.374644,266.8288290382074,2080.756462390722,2092.611909513811,2072.67052890033,2086.6777157362785,555205.8103733992,558369.1854469774,553048.250208477,556785.7714700326,208202.1788900247,209388.44454261652,207393.09382817888,208794.66430126224,9416,17900.777117735102,67.08819636813473
2025-09-04 21:30:06.374644,265.74845922390887,2116.3061374314607,2122.9422639081176,2097.521031604198,2122.136942722487,562405.0952685126,564168.6356548992,557412.9823385595,563954.6227906375,210901.91072569223,211563.23837058718,209029.8683769598,211482.9835464891,19906,18131.25716276484,68.22823613813517
2025-09-05 21:30:06.374644,264.0163728136453,2099.692850720091,2100.842016725815,2093.9463988842463,2099.4364705144053,554353.2904698612,554656.6891104532,552836.1330996132,554285.6018978949,207882.48392619798,207996.25841641997,207313.54991235497,207857.10071171058,23005,17820.39615155269,67.49839955356809
2025-09-06 21:30:06.374644,263.68636413361355,2108.7906777452404,2130.330918555295,2086.979526875004,2106.699183701515,556059.3465335012,561739.2143152669,550308.0434629589,555507.848073504,208522.25495006295,210652.2053682251,206365.51629860958,208315.44302756403,32724,17859.69161758951,67.73190103047936
2025-09-07 21:30:06.374644,263.46917590181204,2105.629632068365,2139.0359130943107,2099.695292973647,2118.9668472858025,554768.5039154878,563570.0292473381,553204.9884846807,558282.4490176511,208038.18896830792,211338.7609677518,207451.87068175524,209355.91838161918,6006,17948.89560884938,68.12631527917445
2025-09-08 21:30:06.374644,262.5923528453848,2089.9045003801175,2117.1975301454886,2081.699398507249,2101.8555402092884,548792.9399769735,555959.8808793414,546638.3429708409,551931.1916446644,205797.35249136505,208484.95532975302,204989.37861406532,206974.19686674915,22386,17744.701377464775,67.57617439224809
2025-09-09 21:30:06.374644,264.1053124682493,2146.1308317687835,2185.0810760477593,2142.784792885405,2151.9103886783655,566804.5539220383,577091.5203580519,565920.8472772127,568330.9656055715,212551.70772076436,216409.32013426945,212220.31772895475,213124.11210208933,41466,18271.95748474703,69.18547393953624
2025-09-10 21:30:06.374644,265.2503171015333,2155.508960106692,2155.508960106692,2113.8798276945276,2137.7644174734514,571749.4351834963,569077.9622909733,560707.294610508,567042.6896232077,214406.03819381114,214406.03819381114,210265.2354789405,212641.00860870286,16889,18230.539146836665,68.73067074359642
2025-09-11 21:30:06.374644,261.25349900446,2125.3884835857098,2136.7300671876933,2112.9598692165623,2126.131228417712,555265.17808055,558228.2064808198,552018.1590888331,555459.2227667781,208224.44178020628,209335.57743030746,207006.8096583124,208297.2085375418,8272,17858.128303973062,68.35665530945752
2025-09-12 21:30:06.374644,261.54870977524996,2141.5037726721903,2141.5037726721903,2115.727969861566,2125.278215507702,560107.5487212415,557433.1757406298,553365.9207527016,555863.7751794851,210040.33077046557,210040.33077046557,207512.2202822631,208448.9156923069,26144,17871.134747282827,68.32923032802424
2025-09-13 21:30:06.374644,263.27125557896574,2092.737667354826,2115.6963361633525,2085.9452925316664,2092.5812926851413,550957.6732819009,557002.0308455434,549169.4362338448,550916.5043262723,206609.12748071284,208875.76156707876,205938.53858769182,206593.6891223521,48074,17712.078971395073,67.27800063289152
2025-09-14 21:30:06.374644,267.3882123634476,2096.3136178384652,2121.125170284326,2084.485298956376,2097.7342508876477,560529.5508269788,567163.8674814394,557366.7977858321,560909.4113584241,210198.58156011702,212686.45030553977,209012.54916968703,210341.02925940906,23288,18033.352988632465,67.44367196256523
2025-09-15 21:30:06.374644,266.00784039299543,2108.606492812409,2111.350609537125,2079.415689713585,2097.5005417608177,560905.8593916772,561635.8159554051,553140.8769000218,557951.589336933,210339.69727187895,210613.43098327692,207427.82883750816,209231.84600134986,6496,17938.25840203617,67.43615804526236
2025-09-16 21:30:06.374644,267.6500385991238,2036.878718114174,2063.5708287961447,2036.878718114174,2044.3895903006342,545170.6675249925,552314.811979314,546189.4456233105,547180.9527556116,204439.00032187218,207118.05449224275,204439.00032187218,205192.85728335436,41888,17591.98021976632,65.72860257850834
2025-09-17 21:30:06.374644,264.9298465878827,2115.2950544346886,2131.357648049108,2105.7775615482788,2119.349454167239,560404.794259489,564660.2547215606,557883.3263291912,561478.9257586396,210151.7978473084,211747.59552058525,209206.2473734467,210554.59715948984,11270,18051.662993783422,68.13861636687957
2025-09-18 21:30:06.374644,268.0295619128699,2134.5351414776856,2152.269127942119,2113.6168051549894,2135.2580222445717,572118.5188578898,576871.7514809207,566511.7863373714,572312.2722731535,214544.44457170868,216326.90680534526,212441.9198765143,214617.10210243257,28332,18399.957313308692,68.65008832589811
2025-09-19 21:30:06.374644,265.55422454050114,2145.60609252849,2171.5365315187855,2140.235947396837,2152.324183991562,569774.762070778,576660.6996888405,568348.6973446719,571558.7796396462,213665.53577654174,216247.7623833152,213130.76150425198,214334.54236486732,32933,18375.732370101792,69.19877775785884
2025-09-20 21:30:06.374644,263.99210456674166,2140.6415538514516,2140.8958119083227,2114.3689505601387,2137.3761837771463,565112.4689242648,565179.5910438012,558176.709088944,564250.4370061597,211917.17584659928,211942.34664142545,209316.26590835402,211593.91387730988,25808,18140.767650660997,68.7181887497274
2025-09-21 21:30:06.374644,269.89374508531887,2134.1210931748897,2159.8320947495263,2134.1210931748897,2142.526794197166,575985.9343025457,582925.172807419,576110.0762231253,578254.5804315154,215994.72536345467,218596.93980278212,215994.72536345467,216845.46766181826,10984,18591.003743297177,68.88378459649769
2025-09-22 21:30:06.374644,268.2545531497979,2150.1901179706515,2160.3758378775456,2150.1901179706515,2156.937097479243,576798.2892833283,579530.6550254612,577880.5103134101,578608.1972565165,216299.35848124814,217323.99563454796,216299.35848124814,216978.0739711937,29763,18602.372596981626,69.34708625972135
2025-09-23 21:30:06.374644,265.11982380232257,2126.940872635292,2157.465737819114,2125.8511360057983,2142.8030532205585,563894.1893910269,571986.9362701514,563605.2786078245,568099.5679129133,211460.32102163509,214495.1011013068,211351.9794779342,213037.33796734246,13176,18264.51800131537,68.89266652372108
2025-09-24 21:30:06.374644,265.0331502847417,2171.4333506974167,2171.4333506974167,2137.762659884655,2159.442338182964,575501.8215686886,572599.0319785596,566577.9723103188,572323.8057468794,215813.18308825823,215813.18308825823,212466.73961636957,214621.4271550798,33178,18400.32811686212,69.42763155860156
2025-09-25 21:30:06.374644,268.2126794181442,2179.2689536823495,2186.7262517170707,2166.1096493168557,2176.927436226153,584507.5652399185,586507.7071270308,580978.0729567705,583879.5405690877,219190.33696496947,219940.39017263654,217866.77735878894,218954.8277134079,27520,18771.847369119332,69.9897900952032
2025-09-26 21:30:06.374644,265.34682762177806,2161.467031567239,2183.000283121689,2159.55627359443,2163.955815378332,573538.4198354285,579252.1998237835,573031.4062689906,574198.8107243384,215076.90743828568,217219.5749339188,214886.77735087147,215324.5540216269,35836,18460.60991269092,69.5727431118148
2025-09-27 21:30:06.374644,264.95930222990074,2172.599470529737,2181.0697490375524,2155.3414875658364,2174.876118248919,575650.439736611,577894.7188197346,571077.7766126003,576253.6587277086,215868.91490122912,216710.5195574005,214154.16622972512,216095.12202289072,22639,18526.673698807503,69.92383873997842
2025-09-28 21:30:06.374644,269.419360310121,2194.337145228525,2210.4588798067343,2173.0252601904313,2195.3322256985844,591196.9099722063,595540.417389357,585455.0755382403,591465.0039159068,221698.8412395774,223327.65652100887,219545.65332684008,221799.37646846502,16286,19015.72157651449,70.58151737581251
2025-09-29 21:30:06.374644,268.40711625766903,2124.85843797778,2124.85843797778,2086.3331036934273,2116.993951730464,570327.125793391,569879.1690092611,559986.6519152652,568216.2417189007,213872.67217252165,213872.67217252165,209994.99446822447,213081.09064458776,30552,18268.26908818482,68.06288526148066
2025-09-30 21:30:06.374644,267.571283101711,2151.851314980556,2165.690534426886,2151.0546068507456,2154.0933687881115,575773.6173934514,579476.5950978321,575560.4411769005,576373.5266075222,215915.1065225443,217303.72316168706,215835.16544133768,216140.0724778208,48073,18530.52747580768,69.25565832745869
2025-10-01 21:30:06.374644,266.7405773239839,2195.601141744074,2213.9830179943974,2181.3695853255044,2203.9793026845027,585655.9161220125,590559.1084053218,581859.7825467045,587890.7116081758,219620.9685457547,221459.6656519957,218197.41845501418,220459.01685306593,14374,18900.807343369852,70.85952714917944
2025-10-02 21:30:06.374644,264.53252789109365,2139.0201842172396,2154.3633974759427,2139.0201842172396,2150.215596728017,565840.4165410593,569899.1955303561,568316.2441198174,568801.9673133187,212190.15620289723,213712.19832388355,212190.15620289723,213300.73774249453,15969,18287.100286565033,69.13098515369707
2025-10-03 21:30:06.374644,270.08926585748975,2146.403868438534,2150.1027302499133,2128.1866982133884,2143.597105830117,579720.6450602397,580719.6679313834,574800.3829281292,578962.5686078961,217395.24189758988,217769.87547426875,215550.14359804842,217110.96322796104,48097,18613.765708844396,68.91819588889086
2025-10-04 21:30:06.374644,270.89172554613197,2201.18923262532,2208.915808301558,2184.3083830102614,2192.3078950421677,596283.9494794391,598377.014896938,591711.066998531,593878.0686163811,223606.48105478965,224391.38058635173,221891.6501244491,222704.27573114293,46825,19093.302103150116,70.48428295986521
2025-10-05 21:30:06.374644,268.7139373108932,2182.192081878802,2190.4234984886943,2158.1077462292815,2183.5640281097712,586385.4262903079,588597.3226571983,579913.6296304081,586754.0873638105,219894.53485886546,220723.99599644938,217467.61111140304,220032.78276142894,30671,18864.264640040205,70.20316131977981
2025-10-06 21:30:06.374644,268.96243322759443,2166.262843324721,2178.184310542427,2150.923748751066,2169.6012433212472,582643.3253511441,585849.7521816613,578517.6851511056,583541.2295372968,218491.247006679,219693.657068123,216944.1319316646,218827.9610764863,22327,18760.97059983593,69.75424769949514
2025-10-07 21:30:06.374644,267.3914929684993,2191.3623195704668,2213.529352420307,2168.4020823298,2194.703318408386,585951.6422648607,591878.9182732613,579812.270150168,586844.996932138,219731.86584932276,221954.59435247298,217429.601306313,220066.87384955175,6343,18867.187401367606,70.5612975519921
2025-10-08 21:30:06.374644,268.8077566208851,2167.7781040989057,2177.9647129805153,2147.2175418128895,2164.9077007201627,582715.5690147023,585453.8084957422,577188.7303917343,581943.9823218654,218518.33838051336,219545.1781859033,216445.77389690035,218228.99337069952,21577,18709.61877320812,69.6033469133751
2025-10-09 21:30:06.374644,269.9404127132976,2181.930033156697,2181.930033156697,2166.5698631740993,2177.080241540378,588991.0936618579,588048.5192343782,584844.763037409,587681.9389113752,220871.66012319672,220871.66012319672,219316.78613902838,220380.72709176573,41187,18894.095258210367,69.99470289647076
2025-10-10 21:30:06.374644,265.85195301313786,2196.8431814146325,2237.218509015387,2184.210023612697,2200.92630989668,584035.0502426751,594768.909938881,580676.5005683075,585120.557924031,219013.14384100318,223038.34122708038,217753.6877131153,219420.20922151164,31103,18811.746332434126,70.76137122499654
2025-10-11 21:30:06.374644,267.7342139950301,2188.897306030862,2205.500748862179,2161.9714725877493,2187.2989263119166,586042.6997460116,590488.0094620658,578833.7328929588,585614.7588082942,219766.01240475435,221433.00354827466,217062.64983485953,219605.5345531103,26442,18827.63499255061,70.3232409957695
2025-10-12 21:30:06.374644,265.06787561577073,2190.743372786671,2233.7246785424954,2183.86683726372,2203.90784333455,580695.6918438914,592088.6552517796,578872.9431812263,584185.170085624,217760.88444145926,222033.24571941735,217077.35369295985,219069.438782109,45257,18781.673420962707,70.85722967944282
2025-10-13 21:30:06.374644,267.89024715492803,2186.9720324415066,2201.4062955852387,2174.9003463373983,2184.515573018014,585868.4782916704,589735.2766127442,582634.5913176642,585210.416769585,219700.67935937643,221150.72872977908,218487.97174412408,219453.90628859436,36308,18814.635312808157,70.23375417615426
2025-10-14 21:30:06.374644,268.36964320701634,2188.7576642950803,2188.7576642950803,2166.2391820082344,2178.0670618410722,587396.1134334932,585353.5153127237,581352.8363766088,584527.080267243,220273.54253755993,220273.54253755993,218007.3136412283,219197.6551002161,19497,18792.665903653644,70.02642988220208
2025-10-15 21:30:06.374644,273.37113377367086,2146.962356061316,2156.6145079857106,2139.7174719522427,2151.474606469733,586917.5334458735,589556.153160801,584936.9912629174,588151.0524558933,220094.07504220257,221083.55743530038,219351.37172359403,220556.64467095997,29835,18909.17735519204,69.17146322663793
2025-10-16 21:30:06.374644,271.6028399998005,2243.9482754211913,2243.9482754211913,2231.6890871350975,2232.0447749675986,609462.72441705,608086.65373431,606133.0940624546,606229.6998879154,228548.52165639377,228548.52165639377,227299.9102734205,227336.13745796826,35420,19490.409590017854,71.76185236284014
2025-10-17 21:30:06.374644,270.55838877664416,2230.222369794086,2236.432998223981,2193.2366245817816,2223.8147104019044,603405.3709851169,605085.7086063998,593398.5673527725,601671.7249841389,226277.01411941886,226907.14072739994,222524.46275728967,225626.89686905209,10027,19343.869759006524,71.49724984011138
2025-10-18 21:30:06.374644,269.9715001343332,2203.011871890841,2207.833596920366,2185.092707466656,2204.6324742255656,594750.4198681159,596052.1482075719,589912.7561673649,595187.9363115426,223031.40745054348,223519.5555778395,221217.28356276185,223195.4761168285,45263,19135.41461906966,70.8805270861982
2025-10-19 21:30:06.374644,271.975549801978,2276.965734730266,2276.965734730266,2239.4567465414443,2261.846830645335,619279.0075835289,616892.4948560321,609077.4798983582,615167.0353326264,232229.62784382334,232229.62784382334,228404.05496188434,230687.6382497349,48360,19777.746763523228,72.720009987472
2025-10-20 21:30:06.374644,272.6514516991498,2212.4180074876676,2238.015922104681,2199.4471103703013,2213.615018687374,603218.981506853,610198.2900876526,599682.4475779628,603545.348348153,226207.1180650699,228824.35878286973,224880.91784173605,226329.5056305574,10369,19404.10713567879,71.16932238131959
2025-10-21 21:30:06.374644,272.8480253080786,2221.399476514284,2266.6232034078353,2221.399476514284,2249.4968012521344,606104.4605873219,618443.6651672992,611451.2784048617,613770.7601584842,227289.17272024573,231916.37443773722,227289.17272024573,230164.03505943157,44294,19732.856229375135,72.32294761850385
2025-10-22 21:30:06.374644,270.86058714350065,2237.5549853674097,2256.8705271499816,2215.134884781043,2238.032326558253,606065.4571024836,611297.2760907059,599992.735493844,606194.7500177032,227274.54641343135,229236.47853401472,224997.27581019152,227323.0312566387,10185,19489.285944499203,71.95435647300955
2025-10-23 21:30:06.374644,272.2109996782801,2239.6409673541148,2247.9246929875912,2208.178280324458,2223.342647839043,609654.9066438938,611909.8278796431,601090.4171549861,605218.32479562,228620.58999146018,229466.18545486615,225408.9064331198,226956.87179835752,33569,19457.89367269869,71.48207268760888
2025-10-24 21:30:06.374644,270.8265282391854,2268.179879043041,2268.179879043041,2241.3314603088234,2252.554234591796,614283.2820632024,613142.8081988469,607012.0180287022,610051.4430249718,230356.23077370087,230356.23077370087,227629.50676076335,228769.2911343644,25041,19613.27941824112,72.42124630963706
2025-10-25 21:30:06.374644,274.53732076390224,2289.8765957113146,2295.8632759384845,2256.3520357034404,2282.065743425127,628656.5854665497,630300.1526163871,619452.8425821993,626512.2150070171,235746.21954995615,236362.55723114515,232294.81596832472,234942.08062763143,6233,20142.496624453997,73.37006264327574
2025-10-26 21:30:06.374644,271.79300427236905,2253.823044888325,2253.823044888325,2231.2820521042545,2235.509637315526,612573.3364684964,609800.7970301188,606446.852320432,607595.8804058209,229715.00117568613,229715.00117568613,227417.569620162,227848.45515218284,44414,19534.33257477562,71.87325019099221
2025-10-27 21:30:06.374644,272.5438749962533,2247.804387988892,2251.3797743822106,2240.1176405651254,2244.044761510328,612625.3181360742,613599.7677983182,610530.3422070834,611600.6549670679,229734.49430102785,230099.91292436933,228948.87832765625,229350.24561265047,35071,19663.0869009474,72.14766060122906
2025-10-28 21:30:06.374644,273.5937605121353,2242.9148419214243,2270.872482834259,2242.9148419214243,2257.0823762562113,613647.506109764,621296.5422221543,616570.9621489266,617523.6551056032,230117.8147911615,232986.20333330787,230117.8147911615,231571.37066460119,30138,19853.512574125616,72.56682933612652
2025-10-29 21:30:06.374644,271.6929792114645,2254.348437381165,2276.4316482326367,2249.0762917646425,2255.8695945645054,612490.6431327983,618490.4964795896,611058.2381834086,612903.930859789,229683.99117479933,231933.93617984612,229146.83931877825,229838.97407242088,32307,19704.987489062147,72.5278375283973
2025-10-30 21:30:06.374644,271.9525001259008,2255.3166699376925,2261.2518937905315,2237.552750123144,2246.934670183799,613339.0069651766,614953.1059307631,608508.0645595741,611059.5011760505,230002.1276119412,230607.41472403615,228190.52420984028,229147.31294101896,30886,19645.688695217676,72.24057325329301
2025-10-31 21:30:06.374644,273.26865551503215,2235.290976414506,2260.4957726158295,2225.327369303753,2237.750306250147,610834.9598096755,617722.6405801416,608112.21829044,611507.0175673291,229063.1099286283,231645.9902175531,228042.08185891501,229315.13158774842,33220,19660.076439278844,71.9452893163196
2025-11-01 21:30:06.374644,274.1030417670736,2273.5779546201456,2298.5633072938954,2242.215008934914,2273.4317322177567,623194.6330559435,630043.1942234414,614597.954244846,623154.5530506743,233697.98739597882,236266.19783379053,230474.23284181725,233682.95739400285,23863,20034.54710168063,73.0924729441303
2025-11-02 21:30:06.374644,274.0855809970016,2258.1161746635903,2284.018613087559,2245.9319305028457,2267.8025559395173,618917.0836913969,626016.5685760694,615577.5580515899,621571.9811311678,232093.90638427384,234756.21321602602,230841.5842693462,233089.49292418794,14938,19983.667088836417,72.91149085921255
2025-11-03 21:30:06.374644,273.99389774508023,2251.613648867037,2311.0104796180817,2251.613648867037,2274.7129156910337,616928.3998691019,633202.7690402855,620857.5785104134,623257.4580212624,231348.1499509132,237451.03839010705,231348.1499509132,233721.5467579734,13707,20037.8555176589,73.1336639185633
2025-11-04 21:30:06.374644,273.92558641433305,2270.7814431333436,2270.7814431333436,2254.761059084423,2262.8157423877765,622025.1384290867,621039.7834169463,617636.7453339032,619843.129181156,233259.4269109075,233259.4269109075,231613.7795002137,232441.17344293353,46261,19928.084142912685,72.75116120011498
2025-11-05 21:30:06.374644,274.61104446352846,2334.052151747675,2338.8781871652736,2310.4475297455656,2320.100534857085,640956.499223775,642281.7818504198,634474.409321609,637125.2311374951,240358.68720891562,240855.66819390742,237927.90349560336,238921.9616765607,21374,20483.707276797042,74.59290867127767
2025-11-06 21:30:06.374644,273.73844587199375,2304.0640114177004,2332.1789531632626,2304.0640114177004,2311.465223508031,630710.901675073,638407.0421342847,632250.5264997353,632736.8979702491,236516.58812815236,239402.64080035678,236516.58812815236,237276.3367388434,45307,20342.62146252087,74.31527717163763
2025-11-07 21:30:06.374644,280.6653890982986,2318.4302230812646,2367.8986800127814,2318.4302230812646,2344.59733776633,650703.1206583583,664587.2043711349,657690.8463496689,658047.324083022,244013.67024688437,249220.2016391756,244013.67024688437,246767.74653113325,21611,21156.356869953124,75.38049858589322
2025-11-08 21:30:06.374644,278.68842076258437,2289.1083172144686,2304.8180968299675,2285.8526387648094,2292.684816952766,637947.9818789973,642326.1155505689,637040.661993351,638944.7109429212,239230.49320462398,240872.29333146336,238890.24824750662,239604.26660359546,40123,20542.20392692005,73.71147353039903
2025-11-09 21:30:06.374644,273.68545887974625,2338.6128892972615,2360.777999183432,2321.340373632259,2349.0772879941255,640044.3417494103,646110.6100197268,635317.1053736263,642908.2955086621,240016.62815602886,242291.47875739756,238243.91451510988,241090.61081574828,34968,20669.633986261,75.52453222287285
2025-11-10 21:30:06.374644,274.3742081370485,2330.4573631264784,2359.115929916124,2319.178062887645,2335.727110770278,639417.3936049817,647280.5651742334,636322.6445336117,640863.2764418313,239781.52260186814,242730.21194033753,238620.99170010438,240323.72866568674,18538,20603.886202476573,75.0953143784551
2025-11-11 21:30:06.374644,274.5114868560462,2278.907402514082,2313.037014709159,2278.907402514082,2300.387522330781,625586.2594713909,634955.2300608816,625739.245587367,631482.7991001188,234594.84730177157,238108.2112728306,234594.84730177157,236806.04966254457,48813,20302.301925801148,73.95912107418074
2025-11-12 21:30:06.374644,276.52348537751897,2324.3792251633545,2351.3516698245207,2291.3279323643187,2322.1707185501864,642745.4446812677,650203.9590881256,633605.9860002454,642134.7407351151,241029.5417554754,243826.4846580471,237602.24475009204,240800.5277756682,30221,20644.764041123817,74.65946657289972
2025-11-13 21:30:06.374644,277.0958497699562,2341.9311965250895,2365.062924169374,2310.6135153329938,2341.8163232658935,648939.4150038899,655349.1207321302,640261.4155211416,648907.5841005172,243352.28062645873,245755.92027454884,240098.0308204281,243340.34403769395,18681,20862.512348910663,75.2910869601779
2025-11-14 21:30:06.374644,276.7324896099123,2314.4898265361917,2339.230753060015,2307.8587952105986,2319.105913713052,640494.5318741744,647341.1500663679,638659.5100667618,641771.9531708834,240185.4494528154,242752.931274888,239497.31627503567,240664.48243908124,43244,20633.100346286115,74.56093088279621
2025-11-15 21:30:06.374644,276.1595458682087,2379.3066702594083,2392.459621235658,2379.3066702594083,2382.860772381195,657068.2495400379,660700.5625084658,657533.7549299315,658049.7487679599,246400.59357751423,247762.7109406747,246400.59357751423,246768.65578798496,25902,21156.434824072785,76.61069565744032
2025-11-16 21:30:06.374644,276.61232469676236,2316.182834482812,2356.340872647049,2316.182834482812,2338.0545797158,640684.718269027,651792.9265608978,644485.290358005,646734.7125630992,240256.76935088512,244422.3474603367,240256.76935088512,242525.5172111622,31826,20792.654081889763,75.17014418685358
2025-11-17 21:30:06.374644,274.30300066248816,2326.938666911529,2341.941786949319,2295.5997038929886,2333.073219630771,638286.2586914024,642401.6595370678,629689.887097766,639968.9849100127,239357.3470092759,240900.62232640042,236133.70766166225,239988.36934125476,17831,20575.134545718,75.0099898606514
2025-11-18 21:30:06.374644,278.0451644137289,2308.6738812031635,2355.3850670473676,2308.6738812031635,2328.869987053887,641915.6088768153,654903.4282248272,644476.6557862089,647531.0384485967,240718.35332880574,245588.7855843102,240718.35332880574,242824.13941822376,31336,20818.25612296157,74.87485289610132
2025-11-19 21:30:06.374644,276.0900083195668,2358.0369720413037,2386.472047089181,2347.7842751051558,2360.259955953581,651030.4472287296,658881.0873352656,648199.7800463305,651644.1908755645,244136.4177107736,247080.40775072458,243074.91751737395,244366.57157833668,12981,20950.494819816246,75.88406307822531
2025-11-20 21:30:06.374644,280.390630845362,2366.4895529368805,2390.040919774647,2365.943342601531,2367.7917700243042,663541.4986369306,670145.0812418426,663388.3463764278,663906.628107571,248828.06198884896,251304.40546569097,248770.6298911604,248964.98554033914,9833,21344.73469996049,76.12621634299369
2025-11-21 21:30:06.374644,282.42802869157185,2377.4186758028923,2424.7755906873695,2370.871090258597,2385.1440152325067,671449.669981538,684824.5900972754,669600.4483035733,673631.5223676173,251793.62624307675,256809.22128647828,251100.16811384,252611.8208878565,42823,21657.39205142803,76.68410356495271
2025-11-22 21:30:06.374644,275.86974053233337,2373.6496249465417,2382.625234849493,2357.2973145442934,2364.468666100624,654818.1061486729,657294.2053237195,650306.9985209005,652285.3574140115,245556.78980575234,246485.32699639484,243865.1244453377,244607.00903025432,27271,20971.10845595459,76.01937615061405
2025-11-23 21:30:06.374644,280.5084545984201,2345.4454334864668,2370.6712747959973,2323.135367340537,2349.9366677232347,657917.2738922103,664993.3356538917,651659.111715627,659177.1030672055,246718.97770957887,249372.50087020936,244372.16689336015,247191.41365020207,26167,21192.679496759436,75.55216190214074
2025-11-24 21:30:06.374644,277.2370130344074,2357.6834700653535,2360.520654346004,2328.6603686138,2351.187891733137,653637.1229215154,654423.695416911,645590.8449660921,651836.3081867606,245113.92109556828,245408.88578134164,242096.56686228456,244438.61557003524,20428,20956.67143090151,75.59238965817792
2025-11-25 21:30:06.374644,277.41336383872317,2334.6089862728504,2344.4377685367713,2307.5442396363055,2329.971754460844,647651.7321300629,650378.3676803355,640143.6097241762,646365.3020541943,242869.3995487736,243891.88788012584,240053.8536465661,242386.98827032285,28239,20780.777458018078,74.91027551435832
2025-11-26 21:30:06.374644,281.11229286407735,2323.5771524234683,2354.774658499739,2321.741509277828,2324.01641304227,653186.1009643449,661956.1034290864,652670.0791107937,653309.5825240611,244944.78786162933,248233.53878590738,244751.2796665476,244991.0934465229,48378,21004.037503988588,74.71880698449596
2025-11-27 21:30:06.374644,278.15595668158346,2392.7214783012155,2409.214598015146,2360.5283493993466,2382.8768161380244,665549.7318694473,670137.3913621394,656595.0213011743,662811.3804472379,249581.14945104273,251301.52176080225,246223.13298794036,248554.26766771422,27218,21309.522262321178,76.61121147581541
2025-11-28 21:30:06.374644,280.1125106131129,2365.4947333813366,2390.4257766763526,2356.516816343206,2370.986397822077,662604.6686095423,669588.1657391133,660089.8417279152,664142.9525234827,248476.75072857836,251095.5621521675,247533.6906479682,249053.60719630602,32868,21352.332578558475,76.22892593509016
