Date,Open_PKR_per_tola,High_PKR_per_tola,Low_PKR_per_tola,Close_PKR_per_tola,Volume,Close_PKR_per_gram
2020-11-29 20:52:06.705843,181947.95849106912,186583.32689794604,179790.38172406988,183295.86791833316,49486,15714.666316729523
2020-11-30 20:52:06.705843,177794.1524218604,180673.732265179,175543.92836297947,178323.6656787541,32716,15288.380116491264
2020-12-01 20:52:06.705843,179615.53053960786,179798.6543406324,178002.87573814887,178546.2271677128,35305,15307.461176930108
2020-12-02 20:52:06.705843,177260.2862222599,178828.72200914257,173236.2290249164,176870.73695263147,42431,15163.814896487609
2020-12-03 20:52:06.705843,182086.7288550123,182716.87464165446,180083.22417012276,180528.31949414982,29284,15477.393646617784
2020-12-04 20:52:06.705843,178586.13104995008,178879.81570362762,176619.00878955796,177559.88717658108,14863,15222.898420488777
2020-12-05 20:52:06.705843,181680.999487487,182388.75971640652,180006.74538176745,180953.69392149107,42312,15513.862647590113
2020-12-06 20:52:06.705843,181821.59846025473,183037.5836872375,179026.74135568878,181726.87309322838,11841,15580.15029948803
2020-12-07 20:52:06.705843,181499.54580381638,185693.29774206484,181499.54580381638,183212.652415226,39848,15707.531928603054
2020-12-08 20:52:06.705843,178714.70222302867,180993.61069904073,178083.89254108383,179335.5892638697,38323,15375.13625376112
2020-12-09 20:52:06.705843,189068.4398568979,190889.44285590388,186338.59378382223,187627.68331461094,27288,16086.049666890513
2020-12-10 20:52:06.705843,183846.9013719506,186976.51373622258,183309.29823987407,184787.15833969327,33425,15842.520433787146
2020-12-11 20:52:06.705843,185810.10713922253,186700.74484592106,184221.59922701822,185397.6605148817,47027,15894.861155253917
2020-12-12 20:52:06.705843,183834.45293629018,185383.01525835317,182301.7802535767,183779.55474317202,37423,15756.13466590981
2020-12-13 20:52:06.705843,186859.08987622045,187845.4882240638,185272.3442547151,186170.87903618737,19380,15961.152180743087
2020-12-14 20:52:06.705843,191330.5039220829,191692.88862813133,189731.3545343299,190633.04005044146,32394,16343.710566738808
2020-12-15 20:52:06.705843,191535.0152051528,191535.0152051528,188987.62667291018,190025.79393021733,39472,16291.64899950423
2020-12-16 20:52:06.705843,190826.66447197812,192366.46042060116,187830.0261218606,191242.6709265628,21144,16395.97658835415
2020-12-17 20:52:06.705843,195108.15127997065,196562.35447814505,192470.36415409113,194108.87567578116,8979,16641.707448197973
2020-12-18 20:52:06.705843,190409.0471828013,190788.04614190807,189166.80372619274,190273.7052706424,29678,16312.903401118174
2020-12-19 20:52:06.705843,188411.3273731711,191367.48372590763,188411.3273731711,189640.07783098292,14351,16258.580060955326
2020-12-20 20:52:06.705843,192272.68162062735,192644.0608841581,189631.5132844235,192052.56717031164,21258,16465.412137372397
2020-12-21 20:52:06.705843,189862.94337753768,191282.82715117422,188403.12854764413,190118.0608428,34448,16299.559400102882
2020-12-22 20:52:06.705843,186599.7201733804,190234.1646314843,186599.7201733804,187786.26380621103,17062,16099.645388049643
2020-12-23 20:52:06.705843,195729.9107011932,197982.47019049677,194683.68214464412,195290.39787104528,29213,16743.003932702784
2020-12-24 20:52:06.705843,197735.70203224098,197735.70203224098,194240.0151105869,196335.27460007972,5991,16832.5852709259
2020-12-25 20:52:06.705843,196847.47272733098,198779.80932051328,195353.73805673356,196593.78520891358,9257,16854.748388967215
2020-12-26 20:52:06.705843,191815.67939568454,192825.01305661091,190491.8622791983,192628.57946466326,39393,16514.79590746427
2020-12-27 20:52:06.705843,195518.85241014932,198469.2032579041,191937.24377507842,195189.46466231154,47397,16734.350536892278
2020-12-28 20:52:06.705843,197730.80336810419,197911.87461855446,195519.02994386846,197266.14602075255,22442,16912.392491491133
2020-12-29 20:52:06.705843,195724.06751858362,197219.88415114008,194616.66852626292,195631.45525168904,17093,16772.24410594042
2020-12-30 20:52:06.705843,199731.05456265443,202891.50210102848,199731.05456265443,201062.6462075349,8570,17237.88119063228
2020-12-31 20:52:06.705843,197877.67433786058,199690.63534275323,197794.64658143054,198751.78628907318,8630,17039.762198994613
2021-01-01 20:52:06.705843,201893.53743645374,201893.53743645374,197596.3073229142,199576.1097705039,22337,17110.4346511063
2021-01-02 20:52:06.705843,199278.33194459951,202962.37682658085,197683.4800966441,200294.96182303212,9022,17172.064628174907
2021-01-03 20:52:06.705843,200585.39917304966,200641.87565278148,199815.90698153994,200251.0046720874,8072,17168.29601098143
2021-01-04 20:52:06.705843,192272.98211698863,192272.98211698863,190773.70753983577,191187.45402684688,37027,16391.242629187833
2021-01-05 20:52:06.705843,196588.05159547983,197973.59197175177,195140.74722151266,197079.73864029237,8841,16896.411063125204
2021-01-06 20:52:06.705843,196468.7012024329,199038.54503262983,195006.5090882866,196441.6512823547,31632,16841.705356854825
2021-01-07 20:52:06.705843,196522.97740220363,196522.97740220363,194182.17362566193,195803.94808789072,19808,16787.032586410383
2021-01-08 20:52:06.705843,196296.36445795532,198895.6604925017,195310.01956750744,196676.4485875736,23468,16861.83544132147
2021-01-09 20:52:06.705843,193360.854672142,194408.6692197501,192821.82269924408,193861.46711637842,10587,16620.496151952884
2021-01-10 20:52:06.705843,197310.32394589775,197310.32394589775,194957.59653850703,195945.15713916172,10321,16799.138986553644
2021-01-11 20:52:06.705843,201824.23279704832,202464.72776156626,198776.49439697817,201264.57495358263,30061,17255.193325924436
2021-01-12 20:52:06.705843,200600.72564109822,202848.59756432645,198743.48710623846,200736.44889091895,28146,17209.915028370968
2021-01-13 20:52:06.705843,198882.87102148836,202739.975159413,198293.9455383753,199949.16825038494,9976,17142.41840281078
2021-01-14 20:52:06.705843,198190.85762264548,202554.79494775936,198190.85762264548,200257.03102912306,14501,17168.812673964596
2021-01-15 20:52:06.705843,198435.3902687573,202087.51106048052,198435.3902687573,199270.59438010163,29651,17084.24163066715
2021-01-16 20:52:06.705843,199541.82795676417,200436.99558651907,198219.80872183322,199986.88128299633,30385,17145.651687499685
2021-01-17 20:52:06.705843,200707.17051222528,203340.60722724677,200352.22144315921,200852.47960160853,46910,17219.862791633106
2021-01-18 20:52:06.705843,201404.72497372056,203124.33860157448,200227.22378792113,200603.83193560634,38721,17198.545261968993
2021-01-19 20:52:06.705843,204425.29236293628,204425.29236293628,202069.3479050387,202325.9896706728,39319,17346.19253006454
2021-01-20 20:52:06.705843,199818.70482356445,200859.81784430577,194895.11900785068,199233.41059912666,43739,17081.053720775606
2021-01-21 20:52:06.705843,204805.38024166887,207071.69113127704,203284.9061409603,204519.4463972656,35345,17534.24609030055
2021-01-22 20:52:06.705843,205678.91012476655,206813.20859837745,203410.79787977002,204911.83608748787,31809,17567.887181711925
2021-01-23 20:52:06.705843,205344.2652836638,206110.81196071726,203715.5387836467,204729.84339507608,19979,17552.284241690337
2021-01-24 20:52:06.705843,204142.7375172849,205526.0135297833,204142.7375172849,204925.7051357286,29278,17569.076229057668
2021-01-25 20:52:06.705843,204540.29065786704,206250.91580655274,204350.90305397648,205420.53864936868,43806,17611.500227140663
2021-01-26 20:52:06.705843,209493.3940100761,210866.33620522774,208239.8032283255,209454.30942387835,39625,17957.331054859256
2021-01-27 20:52:06.705843,206582.1577448355,208058.4717724881,206582.1577448355,207539.5032474556,24967,17793.167288019173
2021-01-28 20:52:06.705843,207664.55876638947,208926.285722926,207015.69613923426,208417.114108948,27479,17868.408274086763
2021-01-29 20:52:06.705843,211204.04809410372,213597.96876359178,210771.77325226556,210908.71364483784,26722,18082.02277476319
2021-01-30 20:52:06.705843,204660.32818113553,208779.6482024579,204660.32818113553,207159.8712424757,13876,17760.619962489345
2021-01-31 20:52:06.705843,208368.87318996346,209094.22933557397,208345.31420653698,208528.9017598679,35433,17877.99226336316
2021-02-01 20:52:06.705843,211516.75619971412,211602.65405179717,207945.92722100214,210747.83044013672,9016,18068.229633070707
2021-02-02 20:52:06.705843,212482.48094953885,216194.4547622684,212173.33201127374,213651.98803217532,39429,18317.21433746359
2021-02-03 20:52:06.705843,212082.3738751411,213942.90464101898,211947.33412106681,213624.43395275905,48445,18314.852019269467
2021-02-04 20:52:06.705843,208420.66950402188,211730.96198079613,208420.66950402188,209237.94256614323,31497,17938.781084202954
2021-02-05 20:52:06.705843,209981.22836007806,209981.22836007806,209415.0355076735,209590.83047276278,45889,17969.03553435895
2021-02-06 20:52:06.705843,208501.26687245187,211937.35215431344,205882.71843176728,208590.15447631702,17047,17883.243696529236
2021-02-07 20:52:06.705843,212962.185711937,213482.98370390877,210913.46023178927,212729.89572425123,15711,18238.159784315092
2021-02-08 20:52:06.705843,212451.72943680303,214682.25236524886,212451.72943680303,213421.21985582655,29553,18297.429685856187
2021-02-09 20:52:06.705843,212720.4218349417,214673.92493608812,210267.599789069,212481.26071781543,14534,18216.843340004754
2021-02-10 20:52:06.705843,213793.05873216962,216382.4802683325,213793.05873216962,214807.16695912665,25219,18416.252311310585
2021-02-11 20:52:06.705843,217260.14809524026,217275.41496997135,215618.90327791424,217232.5343576148,22186,18624.188473732407
2021-02-12 20:52:06.705843,215306.5555267751,220202.28660741396,215306.5555267751,216632.3337314531,42544,18572.730944054623
2021-02-13 20:52:06.705843,210386.64620656136,213917.0335833657,209982.37643408368,210999.9695385793,46103,18089.84649679178
2021-02-14 20:52:06.705843,211862.40876338354,214398.01901425992,211862.40876338354,213131.3223970408,32822,18272.5756513238
2021-02-15 20:52:06.705843,210975.33189926762,211862.21457289826,209894.80392515322,210604.53665028675,38520,18055.944500196052
2021-02-16 20:52:06.705843,213126.84843563032,213963.29292480723,212963.56722167105,213873.67319691004,18671,18336.2202672248
2021-02-17 20:52:06.705843,217115.56480934907,217115.56480934907,214202.3296880389,215512.34197573684,36954,18476.70970299527
2021-02-18 20:52:06.705843,212873.05517130942,216433.09218685035,211100.9484085933,213581.3752086152,35184,18311.16042597867
2021-02-19 20:52:06.705843,213976.29661946837,216101.6806351895,213487.79351545012,214627.82644768496,21318,18400.87675305941
2021-02-20 20:52:06.705843,217305.600325653,219235.8278207595,214743.1998168675,217350.8718465621,26955,18634.334006049565
2021-02-21 20:52:06.705843,215529.70749051162,215529.70749051162,212303.97478053463,214265.59899372925,39379,18369.82158725388
2021-02-22 20:52:06.705843,213985.84179820752,214688.33875769706,211968.5597706293,213289.82552341497,13504,18286.164739661777
2021-02-23 20:52:06.705843,208231.0248224065,211726.08252246547,207820.2162720628,210307.91267106662,36169,18030.51377495427
2021-02-24 20:52:06.705843,213563.9547437504,215257.95160081924,212191.0815224952,213294.2345833614,18497,18286.542745487088
2021-02-25 20:52:06.705843,215432.02103253352,216247.550500986,210390.92341834746,214086.2607634898,42768,18354.446224579027
2021-02-26 20:52:06.705843,213067.84955931903,216416.1073510034,211687.32034615165,214057.317097345,19732,18351.96477172025
2021-02-27 20:52:06.705843,212756.84716834943,216024.94469640555,211594.62839200685,213401.92115251016,38211,18295.775133102725
2021-02-28 20:52:06.705843,214959.8573331374,216625.76405195,212987.85498198823,213960.35935543908,34728,18343.652208113777
2021-03-01 20:52:06.705843,216037.74421314386,217311.3349589709,213664.65891118636,215197.79216520503,38426,18449.74212664652
2021-03-02 20:52:06.705843,210430.97334142795,211773.0282191517,206074.9918777895,209215.72975536715,18408,17936.87669370432
2021-03-03 20:52:06.705843,214319.24879181248,214807.6562146592,212262.36946930317,214166.06349208564,45448,18361.28802229815
2021-03-04 20:52:06.705843,209485.1029362155,213112.7699570696,209485.1029362155,210626.8902171642,36224,18057.860958261677
2021-03-05 20:52:06.705843,213221.5767578823,215713.2848449958,212739.5846036635,214410.61180308237,14144,18382.254098343827
2021-03-06 20:52:06.705843,213570.28557196032,213684.05909824386,212485.65220090462,212558.10220727476,38033,18223.43125919708
2021-03-07 20:52:06.705843,213219.65632232625,215899.84891222062,211829.52207444064,213224.7201056307,13045,18280.582999453934
2021-03-08 20:52:06.705843,211531.1130929479,213023.33449173617,209307.3729017152,210883.20521953865,36885,18079.83583843781
2021-03-09 20:52:06.705843,216482.1356707389,216482.1356707389,212180.94647152562,213947.9719540468,14137,18342.59018810415
2021-03-10 20:52:06.705843,209513.026347611,209653.41147114531,207735.98823639733,209106.4924167313,32999,17927.51135260042
2021-03-11 20:52:06.705843,217023.1978837613,217942.77358959144,214928.6041074939,215469.94427299945,40693,18473.074783350432
2021-03-12 20:52:06.705843,214374.53657633072,214374.53657633072,212052.68047426004,213726.39139686164,32820,18323.593226754256
2021-03-13 20:52:06.705843,211182.65137961798,212357.9327067245,208988.4573036655,210374.07553928887,11190,18036.186174493218
2021-03-14 20:52:06.705843,212345.63014108012,213108.48567617455,210503.94845446676,211565.2219846334,40004,18138.30778331905
2021-03-15 20:52:06.705843,214333.00563239833,214333.00563239833,212223.36665033962,213516.4726054158,21633,18305.59607385252
2021-03-16 20:52:06.705843,211461.97203370932,212508.12810592423,209643.61750513464,210639.45285975357,40354,18058.938002379422
2021-03-17 20:52:06.705843,213540.18362262737,213967.81834845216,213149.9122618457,213954.4497867376,14250,18343.145557847874
2021-03-18 20:52:06.705843,209275.50500847213,213157.32776290047,209153.6321682431,210800.35232567813,24185,18072.73253820972
2021-03-19 20:52:06.705843,213190.06081772447,216196.28886363778,213190.06081772447,214247.02963207595,45631,18368.22956379252
2021-03-20 20:52:06.705843,212438.1199226723,213128.8606403836,211199.60103127253,212413.56631000794,37369,18211.03963563168
2021-03-21 20:52:06.705843,210390.41037016886,211480.0629494303,207948.6445251117,210944.25451786874,6037,18085.06983177887
2021-03-22 20:52:06.705843,211771.73511888477,211795.9992429158,209693.67040422326,211035.23967101477,32916,18092.87034216519
2021-03-23 20:52:06.705843,208611.6220113647,209787.7602805518,206023.70295564295,207846.89753006093,38455,17819.521393180807
2021-03-24 20:52:06.705843,209237.30937419913,210861.20653750547,208789.72459409406,209115.9216289184,48578,17928.319755565706
2021-03-25 20:52:06.705843,207807.825664677,209866.91239344006,206800.5571486724,208636.44525354775,13857,17887.212384563423
2021-03-26 20:52:06.705843,213709.74476916518,214696.32539123666,211898.21971960703,212886.05975016364,24224,18251.548332490023
2021-03-27 20:52:06.705843,208690.6935954779,210390.96213770998,206777.5592439858,208851.5856993628,45023,17905.65721016485
2021-03-28 20:52:06.705843,209024.51353602548,209024.51353602548,207856.00249074705,208397.35881211824,40229,17866.71457579889
2021-03-29 20:52:06.705843,210739.6019006567,211370.8941969657,209407.54086945046,210671.3830287426,30360,18061.67549972073
2021-03-30 20:52:06.705843,210814.7200483219,212074.68594425442,209527.62146463065,211715.7307156454,24988,18151.211481108145
2021-03-31 20:52:06.705843,210493.1042807871,211903.62477502163,210473.7191250966,211329.13999207283,35529,18118.06755761941
2021-04-01 20:52:06.705843,213449.81476485872,214211.4799870487,212262.461679116,213683.57353684504,32485,18319.92228539481
2021-04-02 20:52:06.705843,214500.77039092217,215983.9284657923,213426.7673816745,213799.14539521417,14553,18329.830709466238
2021-04-03 20:52:06.705843,211346.75591840394,214815.12262489722,209604.42328708584,211810.31163405575,27370,18159.320270409444
2021-04-04 20:52:06.705843,217641.1030659473,217876.5400563777,216272.50651850668,216978.76432341922,20070,18602.43178355789
2021-04-05 20:52:06.705843,218578.16582866755,219696.53536239962,216011.96697124702,216717.75835639582,30343,18580.05472877193
2021-04-06 20:52:06.705843,213985.72070651012,216055.19046636336,212199.92273059732,213444.39239590662,47943,18299.416357673752
2021-04-07 20:52:06.705843,210596.72803431255,214969.0132353025,210596.72803431255,212402.31538919327,30654,18210.075050513828
2021-04-08 20:52:06.705843,212602.10021303713,213836.2836206284,209306.15287993508,212050.64968350992,20040,18179.925384388713
2021-04-09 20:52:06.705843,213357.78889711274,215580.18411162717,212546.0613557116,213093.46593494443,9979,18269.33006986835
2021-04-10 20:52:06.705843,213733.9397934854,214967.3477765751,212364.88907335952,212928.07755220565,8841,18255.150681773463
2021-04-11 20:52:06.705843,215847.58290742818,215847.58290742818,212640.3009351965,214991.37283486844,48212,18432.044996130695
2021-04-12 20:52:06.705843,215391.5545043562,218825.44017756783,214650.28729759675,216601.68592056233,49820,18570.10338825123
2021-04-13 20:52:06.705843,213884.71573584244,216024.7649160941,212495.51839096137,214150.17434380823,44904,18359.925783934177
2021-04-14 20:52:06.705843,215866.7302510338,215866.7302510338,213286.75816653366,214685.9769814162,39690,18405.862224058317
2021-04-15 20:52:06.705843,215629.61814088165,215884.60650547306,211549.5850069359,213763.26170784107,30657,18326.754261646183
2021-04-16 20:52:06.705843,215679.0679438193,215679.0679438193,213591.29631259793,214309.63508670632,39931,18373.596972454245
2021-04-17 20:52:06.705843,219505.38524063225,221184.46050931496,216476.73534041192,218717.73660288093,14235,18751.52062781901
2021-04-18 20:52:06.705843,218147.02065304117,218147.02065304117,214380.87010277866,216853.7756425697,36006,18591.71601873883
2021-04-19 20:52:06.705843,218389.52630905528,218389.52630905528,215201.77838185648,216042.94433036656,15232,18522.20030267203
2021-04-20 20:52:06.705843,215718.21739151314,216548.8718183729,211801.68689649936,213667.99991114388,27503,18318.587098006163
2021-04-21 20:52:06.705843,214393.35234228044,214393.35234228044,211500.955823754,213541.36875618738,30295,18307.730517505777
2021-04-22 20:52:06.705843,215170.27645519163,217495.56735410608,211389.42328333147,214224.97182346164,35886,18366.33846223094
2021-04-23 20:52:06.705843,215381.1817550666,216592.81661412463,213113.5584376075,214032.94350775203,11466,18349.875129265434
2021-04-24 20:52:06.705843,218044.67223699245,218730.71937844125,216157.41318520394,217347.49082729762,18730,18634.0441381428
2021-04-25 20:52:06.705843,213125.6176236558,215250.73164380706,211589.26777427294,213556.39265034563,9223,18309.018574275175
2021-04-26 20:52:06.705843,216753.11998560204,217599.14294208388,214916.40660166452,216583.56247354878,15872,18568.549594782988
2021-04-27 20:52:06.705843,217642.40546215055,219402.4900508832,215722.82358800285,216493.34546399937,32607,18560.814940329165
2021-04-28 20:52:06.705843,214453.5242784929,216794.64899748313,213237.3101200699,215684.79842401308,18279,18491.49506378713
2021-04-29 20:52:06.705843,219520.59471391435,222555.14801334424,217584.23733027687,219659.27689309575,5241,18832.242531986947
2021-04-30 20:52:06.705843,217131.93686071085,218877.3403836007,215706.64348764817,216651.6290748486,16886,18574.385208749023
2021-05-01 20:52:06.705843,219458.74899046237,221483.4676504818,218964.3805103019,220544.9109940572,44820,18908.17138152068
2021-05-02 20:52:06.705843,215663.01522011615,217202.39930013064,215499.67689871776,216121.195778773,42582,18528.9091031184
2021-05-03 20:52:06.705843,212823.35078152383,215033.12498656454,212823.35078152383,214186.99361951702,27128,18363.08244337423
2021-05-04 20:52:06.705843,213733.73840890673,215667.99847777866,213733.73840890673,214649.60566543497,17609,18402.7439699447
2021-05-05 20:52:06.705843,214933.1643355261,216731.00055600665,214565.01359485713,215880.54297659843,43630,18508.27700416653
2021-05-06 20:52:06.705843,221937.92436603535,221937.92436603535,219629.29656879525,220711.4326663993,43655,18922.447930932725
2021-05-07 20:52:06.705843,218208.95746020947,219393.2698180796,216551.09799528742,216873.84340999438,13580,18593.436506343827
2021-05-08 20:52:06.705843,214146.2034435666,219896.1565175043,214146.2034435666,215558.33061165494,46472,18480.6524872818
2021-05-09 20:52:06.705843,209759.7683162447,213203.56189920596,209324.3831446452,210916.68475698025,43380,18082.706169151257
2021-05-10 20:52:06.705843,211540.12931101554,214357.31106769343,211540.12931101554,212776.3290813065,23248,18242.140696271133
2021-05-11 20:52:06.705843,210533.3484468485,211267.44980955677,209110.58081204552,209959.19345485198,23561,18000.61672280967
2021-05-12 20:52:06.705843,213084.48228811205,213901.4656870434,210728.97275853582,213194.71312573447,14852,18278.01038457943
2021-05-13 20:52:06.705843,208325.87222188627,209922.61949940264,205482.83017527987,208106.7846289885,18951,17841.80252306143
2021-05-14 20:52:06.705843,211915.71882507505,215443.00315596708,211915.71882507505,213626.01271377743,21511,18314.98737258037
2021-05-15 20:52:06.705843,209875.9343847908,211397.1207212977,208880.2240303328,210314.61323781262,6490,18031.08824055321
2021-05-16 20:52:06.705843,207976.24572783915,210457.9237013801,205370.34239265113,208130.29688719957,18743,17843.81832023316
2021-05-17 20:52:06.705843,210231.1729573296,214506.3787346188,210231.1729573296,210547.91043281168,19156,18051.089714747228
2021-05-18 20:52:06.705843,206640.99444339747,207347.74047803707,205573.7224531471,206517.84533742603,29885,17705.576589285498
2021-05-19 20:52:06.705843,209169.59879990236,210302.80861867542,207639.00400983394,209884.30795176985,13637,17994.196497922654
2021-05-20 20:52:06.705843,208001.7042883276,210291.1946414051,206408.33198814545,208943.55111532597,48214,17913.541762287892
2021-05-21 20:52:06.705843,209430.54706418503,211643.56171769192,207183.59489709866,209452.59712762714,16120,17957.184253054453
2021-05-22 20:52:06.705843,212277.3807619293,212277.3807619293,209476.2334156758,209917.42508656683,29596,17997.03575845052
2021-05-23 20:52:06.705843,208002.7794951211,209165.1576151669,206421.03902867,207283.97678438138,10463,17771.260012378378
2021-05-24 20:52:06.705843,204257.9012724157,205549.07510586648,201262.64978070217,202910.77576684867,8269,17396.32851224697
2021-05-25 20:52:06.705843,204309.85547805042,206805.43486190235,201833.78127852222,203690.63192864464,22607,17463.188608422894
2021-05-26 20:52:06.705843,200520.96352445055,204754.12410368136,199179.72358698503,202462.56928213857,45101,17357.902030361674
2021-05-27 20:52:06.705843,203687.15294118965,205870.9674502461,203444.7595166615,204433.269161479,10266,17526.857781333933
2021-05-28 20:52:06.705843,205137.27546651248,206879.82783827005,204125.25876113234,205239.77568079645,35799,17596.002716117666
2021-05-29 20:52:06.705843,201060.02791791322,203067.0171909571,200508.85516190476,200685.4357831519,38171,17205.541476607672
2021-05-30 20:52:06.705843,206335.28162438766,206359.85935350618,203626.65577715402,204949.23335284946,30872,17571.093394448686
2021-05-31 20:52:06.705843,201283.4004813815,202433.890559218,199578.98073145494,201478.10388898276,23043,17273.49999048206
2021-06-01 20:52:06.705843,201391.10980579664,201391.10980579664,199492.39428392972,200842.83969314783,27584,17219.036324858353
2021-06-02 20:52:06.705843,201587.71928217498,201587.71928217498,200514.14611707986,201184.43527517532,24740,17248.322640189926
2021-06-03 20:52:06.705843,201270.57296627975,204063.73428323906,199529.502282082,201596.98869625997,32484,17283.692446524346
2021-06-04 20:52:06.705843,199759.02970463492,200581.1987181124,197799.87058791923,199633.1665532894,23141,17115.326350590654
2021-06-05 20:52:06.705843,196606.3239329173,198133.8045441259,194726.84256410404,196934.89885361484,24952,16883.993385940918
2021-06-06 20:52:06.705843,195265.7657505705,196932.96741345563,194411.37418793616,195095.2798765398,22974,16726.275709579888
2021-06-07 20:52:06.705843,199809.28921174936,203254.09971313484,199809.28921174936,200765.40433285348,32135,17212.397490813913
2021-06-08 20:52:06.705843,198539.12917421886,203016.90952114994,195217.28645678455,199952.2698024264,5760,17142.684310907614
2021-06-09 20:52:06.705843,199129.29988220884,200398.87841808854,196026.51633422406,198538.20165110848,17411,17021.450758839892
2021-06-10 20:52:06.705843,192258.97608221046,195272.60947103763,192258.97608221046,193797.8253957156,6889,16615.03990018138
2021-06-11 20:52:06.705843,197878.47046836585,200558.73661868647,196725.12460600075,198670.62756728055,35675,17032.804146714727
2021-06-12 20:52:06.705843,199135.63981284187,201699.7755632492,198825.54825529322,200332.11128837723,16794,17175.24959605429
2021-06-13 20:52:06.705843,195522.525846643,196552.39047358365,194014.00352941683,196063.30387969394,43319,16809.268165268684
2021-06-14 20:52:06.705843,191631.1504929917,192695.72806368629,190671.16335847907,192571.4266351556,30356,16509.895973521572
2021-06-15 20:52:06.705843,195796.76421500868,197394.12751123527,194075.83927147466,196303.56287654277,13265,16829.86650176121
2021-06-16 20:52:06.705843,194406.44748233547,196141.91150729128,192802.75778864653,194581.74284309402,19867,16682.24818613632
2021-06-17 20:52:06.705843,193222.7267810609,195609.2854892809,191171.6448866068,193316.31651658344,11134,16573.75827474138
2021-06-18 20:52:06.705843,192850.26817499974,195474.49891372139,190419.99443228683,191940.8656581927,36886,16455.8355331098
2021-06-19 20:52:06.705843,193748.521026548,194196.77020489285,191474.46194150916,191660.06649422285,17395,16431.761530711836
2021-06-20 20:52:06.705843,198949.958614247,200767.01880996383,195873.83250104662,199098.61527471282,26235,17069.49719433409
2021-06-21 20:52:06.705843,194971.43384083157,195859.38222895193,192825.98340979108,194034.0642905488,25975,16635.293577721946
2021-06-22 20:52:06.705843,194589.92832307974,194589.92832307974,191893.4477877111,192950.22112732223,40974,16542.37149582667
2021-06-23 20:52:06.705843,190653.86105573925,192041.4272240652,188538.092060463,191081.68858245944,30973,16382.17494705585
2021-06-24 20:52:06.705843,193346.7683096296,193472.85901544217,191598.8205246215,192279.10513308897,41986,16484.834116348506
2021-06-25 20:52:06.705843,193467.80187751868,194354.7868333989,191762.59417821935,192447.69321368082,5790,16499.287826961663
2021-06-26 20:52:06.705843,188879.91503722177,191684.97583845074,188589.04341635702,188971.17946269334,45284,16201.232807158209
2021-06-27 20:52:06.705843,190541.04748291368,190541.04748291368,188106.27628914206,189956.7863576655,38824,16285.732712419882
2021-06-28 20:52:06.705843,189009.30104941,190063.75325513055,187968.8719589902,188717.3398905621,13178,16179.47015522652
2021-06-29 20:52:06.705843,194226.77608912427,195709.0639444885,192346.3061587718,193528.09081514695,33522,16591.914507471447
2021-06-30 20:52:06.705843,193845.80305491548,194225.7184971776,190832.15372390888,192595.2775514848,48145,16511.940805168448
2021-07-01 20:52:06.705843,192451.36334247614,194790.95842792306,191314.67109021422,192214.37609004622,47266,16479.284644208354
2021-07-02 20:52:06.705843,191288.12706452294,193093.26409327958,189911.87821382197,192524.83229088678,38491,16505.901259506754
2021-07-03 20:52:06.705843,192052.37049545412,193023.26090476805,191072.13074700683,192398.59566705694,37488,16495.07850369144
2021-07-04 20:52:06.705843,187467.859607308,189996.35597600002,186200.51581862805,188382.9153025148,27774,16150.798637046879
2021-07-05 20:52:06.705843,189517.39624986192,193665.70387931593,187053.6872635637,189357.37561575233,14121,16234.342902585076
2021-07-06 20:52:06.705843,185868.65610408862,190522.3610994997,185868.65610408862,188534.24365090538,28749,16163.77260381562
2021-07-07 20:52:06.705843,183558.26597018662,185865.65193079345,182707.6881867576,184866.23313388493,29882,15849.299822863935
2021-07-08 20:52:06.705843,184267.11319576544,186423.8963141759,180723.77100339107,184501.42375734483,36480,15818.023298812142
2021-07-09 20:52:06.705843,181884.4604906338,186342.7225352874,181884.4604906338,184379.85891679165,45150,15807.60107311314
2021-07-10 20:52:06.705843,182257.41941562036,184908.459487349,182257.41941562036,183538.55611413924,26225,15735.472917878878
2021-07-11 20:52:06.705843,187425.99654312935,189274.76273985382,183655.75527384004,186440.24619911695,39631,15984.246073312497
2021-07-12 20:52:06.705843,186776.09407506534,189368.16101823325,186055.08586836242,186682.3635292475,20859,16005.00373193137
2021-07-13 20:52:06.705843,187345.0107289904,188092.28873343536,186456.58372950373,187973.15853891274,18324,16115.668599015153
2021-07-14 20:52:06.705843,192307.31213268515,194464.45660499437,191203.82862660367,191867.6460141045,37544,16449.558128781253
2021-07-15 20:52:06.705843,190785.62050672315,190785.62050672315,188058.03274853164,188541.45900883563,38212,16164.391204461217
2021-07-16 20:52:06.705843,192186.79977241883,192186.79977241883,186961.8193664728,191050.28837706265,47675,16379.482885550638
2021-07-17 20:52:06.705843,191356.89371600372,193962.62611233402,190699.713887016,191375.82508245946,48047,16407.392411047622
2021-07-18 20:52:06.705843,186600.13006980842,189319.63584718163,185142.88715811938,187196.04040334537,35673,16049.043244456907
2021-07-19 20:52:06.705843,190598.21689950302,195463.18862414893,189995.308030922,191708.533192063,45183,16435.916768866857
2021-07-20 20:52:06.705843,189117.32762082457,190537.8941577554,188004.61920353258,189126.3126585344,16539,16214.532978269412
2021-07-21 20:52:06.705843,191414.07492215655,191701.02062017308,188761.334410026,189708.59977483057,12604,16264.45471320564
2021-07-22 20:52:06.705843,193279.61043916436,193279.61043916436,189565.92381018924,191303.25836992066,35111,16401.170985075503
2021-07-23 20:52:06.705843,189266.0105481209,190456.9639802691,189266.0105481209,189737.81278147615,43992,16266.959257671138
2021-07-24 20:52:06.705843,189042.6315757004,192349.66381941288,186860.6350135416,190374.72534688632,13492,16321.564244417552
2021-07-25 20:52:06.705843,188902.75297497702,189867.14931474146,188501.47380004087,188813.7143272316,17494,16187.732709810665
2021-07-26 20:52:06.705843,191214.55562945624,191214.55562945624,189125.1818912833,190360.82212532568,10383,16320.372267260433
2021-07-27 20:52:06.705843,188642.07122555465,188986.94417288576,186882.38460635082,188032.98924153426,12835,16120.798117415488
2021-07-28 20:52:06.705843,187193.4476818556,188450.04677249456,184122.1925289049,186391.7444529519,16654,15980.087830328524
2021-07-29 20:52:06.705843,189599.92640420978,191906.20965617787,187839.64291757153,189366.80182579404,7863,16235.151048164784
2021-07-30 20:52:06.705843,191061.49268120519,191898.6525653454,188764.46400905141,191418.9164088435,47839,16411.086797740354
2021-07-31 20:52:06.705843,187167.7155369325,189605.56507063436,186922.188139357,188750.81690027818,45528,16182.34026922824
2021-08-01 20:52:06.705843,191524.9268463048,193578.78049552816,190241.58231209076,191972.07978916675,29890,16458.511641732402
2021-08-02 20:52:06.705843,189443.17008113302,190747.82851543382,188317.05375141653,190035.8536953132,12811,16292.511462218212
2021-08-03 20:52:06.705843,187266.5965047279,187710.28049393639,185120.76982066594,186447.3423608495,39651,15984.854454805341
2021-08-04 20:52:06.705843,188008.23143323083,189931.20120645687,187765.67626140057,188924.01576325943,32462,16197.189280114835
2021-08-05 20:52:06.705843,190269.51582013586,191891.15316018387,189454.55136843005,190568.88576736022,38124,16338.21037100139
2021-08-06 20:52:06.705843,193885.29767643395,193885.29767643395,190992.77452259941,193164.6132503068,20292,16560.752164806825
2021-08-07 20:52:06.705843,189428.4980996894,189441.42140687362,187280.23087484454,188399.9565964346,43318,16152.259653329442
2021-08-08 20:52:06.705843,187642.78805026336,187665.0652473365,184488.69919170716,186418.8002232402,34651,15982.407426546657
2021-08-09 20:52:06.705843,185913.60751103345,187313.43861250416,183664.4904575934,185276.9780978133,34914,15884.51458314586
2021-08-10 20:52:06.705843,187768.9462787087,187768.9462787087,183691.97562255873,186433.14431888217,24620,15983.637201550255
2021-08-11 20:52:06.705843,185984.62703985826,185984.62703985826,183150.77292073882,185408.4192024238,28558,15895.783539302452
2021-08-12 20:52:06.705843,190672.16725748277,190672.16725748277,186651.53135342777,189397.11491092056,16376,16237.749906628993
2021-08-13 20:52:06.705843,191628.47342159273,192288.91293030913,188672.04552752414,190390.4760224121,33595,16322.914610974974
2021-08-14 20:52:06.705843,186195.77176368068,186195.77176368068,185316.51695370954,185353.54193159714,8705,15891.07869783926
2021-08-15 20:52:06.705843,187521.0866055771,188636.0168073525,186692.54634838802,187548.8990238445,23295,16079.295183800114
2021-08-16 20:52:06.705843,185537.9402120476,186218.68216051496,184610.72481998787,186007.28989376864,34063,15947.127048505543
2021-08-17 20:52:06.705843,186821.95138918687,187798.0064128711,185260.82084691795,187138.77085691877,33534,16044.133303919647
2021-08-18 20:52:06.705843,189492.92587884073,189492.92587884073,186243.99989650268,187447.37461005794,42204,16070.591101685352
2021-08-19 20:52:06.705843,185681.02141557672,185889.1802532536,182406.46203485274,185387.38885752877,15007,15893.980526194167
2021-08-20 20:52:06.705843,189107.33612741577,189107.33612741577,186876.70831797193,187854.6649414361,26237,16105.509682907757
2021-08-21 20:52:06.705843,190095.075854278,190199.05722279206,187595.99748026454,189946.9043998654,45374,16284.88549381562
2021-08-22 20:52:06.705843,189415.58787724655,189415.58787724655,187244.91614618932,188255.64345698585,25845,16139.887127656539
2021-08-23 20:52:06.705843,190522.63661464877,190522.63661464877,188283.52761923088,190035.0899315376,20051,16292.445981784775
2021-08-24 20:52:06.705843,190060.02252432783,190689.8093247087,185004.5985346072,187954.64600736083,21353,16114.081447819002
2021-08-25 20:52:06.705843,188177.712250231,188621.6507079374,186948.91584456226,188361.5418024223,16612,16148.966203911375
2021-08-26 20:52:06.705843,185709.91605690104,186247.46672817334,185033.22252254418,185462.11966747622,6146,15900.387488638222
2021-08-27 20:52:06.705843,182553.92581639488,185897.00396500324,181957.78980047267,183734.75298534115,8810,15752.293637289195
2021-08-28 20:52:06.705843,182694.21883808053,183385.03489747114,182679.9289479859,183296.97193413627,45151,15714.760968290148
2021-08-29 20:52:06.705843,179976.6198504326,180074.47275368907,177893.69788990842,179362.61782373182,41795,15377.453517123786
2021-08-30 20:52:06.705843,185374.51791195187,185374.51791195187,183812.12419433298,185204.300835594,32835,15878.283679320475
2021-08-31 20:52:06.705843,184398.1653841601,186273.66228376172,182569.5045535597,184071.63158956516,29437,15781.175547802226
2021-09-01 20:52:06.705843,179987.8233156321,182382.0866420693,178823.2171198915,181062.28016569174,31887,15523.172167840514
2021-09-02 20:52:06.705843,182616.65766799287,185209.8139126766,181925.99854323646,182856.09054331155,8339,15676.96249513988
2021-09-03 20:52:06.705843,184223.89598255313,186036.7333547158,182307.19834161678,184579.13485898197,39799,15824.685773232337
2021-09-04 20:52:06.705843,179342.50363553318,181477.23846011134,179342.50363553318,180786.44664323406,8184,15499.523889166157
2021-09-05 20:52:06.705843,181496.77608283033,181533.92618439565,180075.09642360048,181082.84936274748,44204,15524.935644954345
2021-09-06 20:52:06.705843,179482.934828585,180456.63908960196,177715.78011141042,178376.34182287738,5587,15292.896246817334
2021-09-07 20:52:06.705843,182622.54721006623,183573.18382701743,180415.4570659858,181966.47626329854,43029,15600.69240940488
2021-09-08 20:52:06.705843,178194.77987094622,178194.77987094622,174897.23213704219,177613.87223044003,45130,15227.526768727712
2021-09-09 20:52:06.705843,178779.7140433475,182531.48787115142,178779.7140433475,180311.36482185288,39167,15458.793280337182
2021-09-10 20:52:06.705843,184283.31748850824,185677.1142305491,182577.67588135306,184043.1894197882,43517,15778.737090173885
2021-09-11 20:52:06.705843,179759.74096016478,181130.89540631438,178432.25453714395,179232.49199979642,42807,15366.297325085427
2021-09-12 20:52:06.705843,180613.76875988033,182733.35078977337,180232.1865208759,181210.35107459023,7304,15535.866861676117
2021-09-13 20:52:06.705843,180351.88175043388,182475.3827253628,179517.03775972518,179934.9651118921,35723,15426.52307200721
2021-09-14 20:52:06.705843,177202.89662052374,179176.71628742848,176545.99441583751,178149.64734786312,17194,15273.460849439569
2021-09-15 20:52:06.705843,180684.83719644247,180684.83719644247,178118.47947964465,179170.03565483526,17442,15360.942700174492
2021-09-16 20:52:06.705843,179612.8299113595,179881.21270155907,177614.3444108023,178996.7503426364,29086,15346.086277660872
2021-09-17 20:52:06.705843,175524.42332173014,176226.6296859306,174287.62406051956,176120.72818766904,41274,15099.513733510721
2021-09-18 20:52:06.705843,179348.86972002406,181727.40580920043,175980.73903045215,178735.39152132827,35989,15323.678971307294
2021-09-19 20:52:06.705843,178062.75601859402,179484.3477347752,178062.75601859402,178747.4528745543,42749,15324.713037941898
2021-09-20 20:52:06.705843,183238.26433534795,186018.51200672917,182141.020453593,184460.05901602513,14758,15814.476938959631
2021-09-21 20:52:06.705843,178531.49610939046,182286.36746524085,178446.68451435165,179376.0415833478,26223,15378.604388147103
2021-09-22 20:52:06.705843,183977.13880418622,184482.90138765308,182267.00877434347,183179.87307463805,30801,15704.721628484058
2021-09-23 20:52:06.705843,183512.65612081476,184673.16244499903,183014.58231976957,183761.98809383172,19926,15754.628608867604
2021-09-24 20:52:06.705843,180298.95415594868,184420.84205649048,179440.6940317204,181078.20273599404,27188,15524.537271604428
2021-09-25 20:52:06.705843,182264.6807864717,185063.63521699308,181412.64288617426,183463.68436379053,27511,15729.05387206709
2021-09-26 20:52:06.705843,177779.8499464263,178959.87264767688,177526.51401877878,178614.88310247296,5205,15313.347316741509
2021-09-27 20:52:06.705843,182636.11684900554,186169.0691414469,182636.11684900554,184448.45265818082,45669,15813.481880845406
2021-09-28 20:52:06.705843,187753.9620655793,188411.2393422195,187166.2892337429,187978.61829384734,16026,16116.136685000629
2021-09-29 20:52:06.705843,181107.06381786865,183318.54404398112,179879.24011402755,181424.94968680988,9477,15554.265233779997
2021-09-30 20:52:06.705843,180435.3620052345,182138.13586956338,177552.07130450467,179463.91757494517,25371,15386.138338043997
2021-10-01 20:52:06.705843,180949.80812616585,183476.70231199614,180318.5815499096,181860.21852357284,35061,15591.582520882446
2021-10-02 20:52:06.705843,179553.69716363828,181178.4233277865,177225.5753682053,179403.772878506,35825,15380.98189973474
2021-10-03 20:52:06.705843,185249.75062162205,185460.53104481968,183702.81439955192,184440.24027814815,45230,15812.7778016245
2021-10-04 20:52:06.705843,182856.35157251847,185880.26403830425,181418.21990136208,183276.7386502857,47855,15713.026290319418
2021-10-05 20:52:06.705843,183778.92862475818,186510.03901075988,183778.92862475818,185114.41876335556,32271,15870.577740342555
2021-10-06 20:52:06.705843,185116.196912565,185116.196912565,181807.05023040753,183018.49912854965,13750,15690.886413627371
2021-10-07 20:52:06.705843,184134.83703410078,184951.19028698237,182872.81893735827,183987.903288707,31021,15773.997195533864
2021-10-08 20:52:06.705843,181497.00134239392,181778.91924348852,180923.29909213595,181479.94390526126,34378,15558.98010161705
2021-10-09 20:52:06.705843,183663.58718401162,183663.58718401162,180264.4466408993,183177.69261876857,22059,15704.534689537773
2021-10-10 20:52:06.705843,179258.7160791582,181393.5124420935,176452.81122521823,179073.67489286873,11844,15352.681317975714
2021-10-11 20:52:06.705843,183725.48515887483,184445.8397642853,182005.80802039517,183817.78394268948,34452,15759.412203591348
2021-10-12 20:52:06.705843,184762.04164201888,187819.39568383788,184158.29140694303,185003.01195395194,32550,15861.026402087786
2021-10-13 20:52:06.705843,177652.1969148575,180303.95408167384,175701.27763152766,178488.38371069267,46473,15302.502032809729
2021-10-14 20:52:06.705843,185010.90618738302,187337.50348196164,183971.52328820725,184391.32318671624,7846,15808.583949478416
2021-10-15 20:52:06.705843,179148.46165736383,180508.1704983691,179098.292480811,180263.2132118818,12945,15454.66505588836
2021-10-16 20:52:06.705843,178010.7429375727,182603.3426129282,178010.7429375727,180105.6770781032,46018,15441.158871579493
2021-10-17 20:52:06.705843,179343.02780653452,181327.51840323038,175753.56438159128,179276.1489268988,12269,15370.040202923423
2021-10-18 20:52:06.705843,180051.00065278396,180574.50662442634,178028.05424048912,178643.81376903332,9852,15315.82765509545
2021-10-19 20:52:06.705843,178835.19356522316,181285.56606769687,178835.19356522316,179809.95701624177,11466,15415.805642681908
2021-10-20 20:52:06.705843,181614.94071842087,183196.3906762055,177806.51665113962,181145.71448078204,38064,15530.325315567734
2021-10-21 20:52:06.705843,182732.9930494501,185260.32543769485,182027.0036072272,183349.45163450317,49866,15719.260256730382
2021-10-22 20:52:06.705843,178411.74541272185,180071.45171174977,177743.71630337546,178879.77274356908,44889,15336.05733398226
2021-10-23 20:52:06.705843,178066.60529831733,178852.25801703628,176654.50268347873,177395.99797076362,34548,15208.847562651203
2021-10-24 20:52:06.705843,169225.78639710753,171315.73759897772,169225.78639710753,171016.0770957713,16145,14661.872178992739
2021-10-25 20:52:06.705843,176961.1150156541,179693.13672197395,176748.55577838508,178113.0021665363,39395,15270.319115786719
2021-10-26 20:52:06.705843,182299.9700686064,185162.28736729486,182299.9700686064,183613.24652542686,9994,15741.876416788997
2021-10-27 20:52:06.705843,180006.55866204272,180006.7960575364,176705.57225389208,179971.04389998488,29287,15429.616246569349
2021-10-28 20:52:06.705843,180844.10265185355,184371.37755644557,180542.48134685418,180699.5077009933,30002,15492.07027614826
2021-10-29 20:52:06.705843,178635.5959733026,180442.61294438053,177151.99293448013,178176.12520711328,28745,15275.730899100932
2021-10-30 20:52:06.705843,180045.77633286457,183393.2969386186,179307.23664065657,180747.09809570166,35758,15496.150385433955
2021-10-31 20:52:06.705843,179304.05017734383,183865.32508668577,177725.89806840106,180290.24394087374,18294,15456.982505218943
2021-11-01 20:52:06.705843,179200.45642904515,179200.45642904515,175906.67140429554,178862.4645278913,37388,15334.57343346119
2021-11-02 20:52:06.705843,178652.17466815026,181013.6678969727,177506.63391128002,178583.84604390422,42626,15310.686389223614
2021-11-03 20:52:06.705843,179134.88177780787,182865.42627782587,179134.88177780787,180441.43400418843,13353,15469.9446162713
2021-11-04 20:52:06.705843,181115.47696855335,181115.47696855335,177727.67805915687,180032.09900487398,16280,15434.850737729252
2021-11-05 20:52:06.705843,182585.09571650822,183003.78984744725,178931.5659955238,181806.50307080633,39419,15586.977286591764
2021-11-06 20:52:06.705843,178456.40986183146,180047.62166685137,175294.9842689511,178248.45379222994,49738,15281.931909484734
2021-11-07 20:52:06.705843,182856.81466859765,183011.16611824627,180290.79562672283,182252.76734502282,25956,15625.237255231723
2021-11-08 20:52:06.705843,179088.79207865888,179088.79207865888,174036.21421246568,177503.4726592527,38513,15218.061784915355
2021-11-09 20:52:06.705843,180720.72837969047,181928.83480927823,177993.06137481023,180220.59847781164,18835,15451.011529304838
2021-11-10 20:52:06.705843,177192.5538027366,177619.2564607326,176276.11062496094,176518.31913572393,41715,15133.600748947525
2021-11-11 20:52:06.705843,181627.23714737754,181726.9937342271,177060.04227914265,179852.06470431227,37269,15419.415698243509
2021-11-12 20:52:06.705843,186850.9665099922,188279.11495228508,186441.34420278805,187394.03640853902,15688,16066.018210608627
2021-11-13 20:52:06.705843,182953.6894752458,182953.6894752458,180102.37759394184,181824.74633067573,13945,15588.541352081253
2021-11-14 20:52:06.705843,179942.72573827775,181760.19627410913,176960.80062901933,179106.56825365743,48956,15355.501393489149
2021-11-15 20:52:06.705843,183043.77223323777,186588.20006079625,182174.28491501365,184317.01030387502,20467,15802.212817547585
2021-11-16 20:52:06.705843,187580.34306174476,190023.3034869636,187075.2262523214,188072.4892966178,21803,16124.184610478207
2021-11-17 20:52:06.705843,187151.91373144314,187151.91373144314,185255.18232434144,185478.59931953714,7468,15901.800353183911
2021-11-18 20:52:06.705843,183517.54585962923,185870.1444543805,183517.54585962923,184443.86205097844,25305,15813.088310269071
2021-11-19 20:52:06.705843,184964.12806386937,186357.61366240517,182654.74704680106,185603.44949715355,23282,15912.504243583124
2021-11-20 20:52:06.705843,186369.86658235374,187137.76795619575,185254.1971141611,186212.4766250051,41518,15964.718503515527
2021-11-21 20:52:06.705843,186317.35120504588,187696.06852090146,184277.67314525027,185504.4464682645,39276,15904.01632958372
2021-11-22 20:52:06.705843,180812.8547101287,182578.48206058107,180089.38699077783,181168.0885446933,5790,15532.243530923639
2021-11-23 20:52:06.705843,185435.39836461731,186312.66583485866,182493.5426591723,184887.46279633226,49623,15851.119924239734
2021-11-24 20:52:06.705843,184143.487579895,184297.01815840503,180129.93423979738,183559.38905790623,22859,15737.25900702214
2021-11-25 20:52:06.705843,183777.7493349008,185607.35765762822,181311.8043480989,184300.80950683213,25454,15800.823860325114
2021-11-26 20:52:06.705843,186063.82680021698,187586.48849091583,183274.47256218104,185666.66634800768,46653,15917.92406961657
2021-11-27 20:52:06.705843,184366.82679240798,184376.92646276206,182202.62195506378,183084.2394141468,10704,15696.522583517388
2021-11-28 20:52:06.705843,188025.00089337208,188025.00089337208,186161.87493120448,186426.59854351752,27657,15983.076006817346
2021-11-29 20:52:06.705843,186358.47846767856,189113.19963752653,183374.51674309873,186935.25586808298,12621,16026.685173875427
2021-11-30 20:52:06.705843,187494.0541599289,188148.80546801633,185846.00817205088,188092.9160895548,10194,16125.935878734124
2021-12-01 20:52:06.705843,188899.42621452754,189311.5162156339,187529.70247702024,188710.11529991622,42513,16178.850763024368
2021-12-02 20:52:06.705843,187972.09579650537,190723.42950232988,187972.09579650537,189081.92299846245,28241,16210.727280389443
2021-12-03 20:52:06.705843,191934.39790840234,193265.23612069926,190518.7829559803,191492.49267468485,43015,16417.394776636218
2021-12-04 20:52:06.705843,191617.11984854692,194056.29587953244,191282.93670321905,191480.20801366967,34741,16416.341564957962
2021-12-05 20:52:06.705843,191392.39129759773,192215.30642168105,188199.15603537287,189893.27273819243,26819,16280.28744326067
2021-12-06 20:52:06.705843,195805.3905978312,198067.08690312368,193918.79892257793,196181.1196821143,7712,16819.368971374683
2021-12-07 20:52:06.705843,191124.2528669494,192052.59400250594,191124.2528669494,191875.72363489386,13130,16450.25065456909
2021-12-08 20:52:06.705843,196875.55656462087,196875.55656462087,192382.32069952897,195581.1341450589,18630,16767.929882120963
2021-12-09 20:52:06.705843,191589.46382655908,194981.2241633871,189297.15116325987,191513.50416017574,25505,16419.196172854572
2021-12-10 20:52:06.705843,190036.60692003352,191609.18604779613,186686.90630853383,189826.8803915652,49588,16274.595369647224
2021-12-11 20:52:06.705843,198952.99098522426,198952.99098522426,197032.07433459515,198122.0903348417,36994,16985.775920339653
2021-12-12 20:52:06.705843,198093.1297460915,200207.9662494601,196897.30574096792,198528.83276293316,17685,17020.647527686313
2021-12-13 20:52:06.705843,199992.70390030587,200601.09192084798,197569.33807358023,198013.72864941938,41684,16976.485652385065
2021-12-14 20:52:06.705843,197234.251007692,198564.77779140967,194282.24254818505,196070.264715385,20073,16809.864944734654
2021-12-15 20:52:06.705843,198559.36112943976,200753.0992180987,196736.8165770504,198003.61684994647,33222,16975.61872856194
2021-12-16 20:52:06.705843,197051.60057591138,197778.67930397403,195318.12201767,196448.93163269805,38872,16842.329529552302
2021-12-17 20:52:06.705843,197034.60165641867,197340.10271099562,192514.09489115118,195223.53844043403,11444,16737.271814166153
2021-12-18 20:52:06.705843,192745.4455549163,195133.03344837087,192604.85083496792,193868.6518874663,13873,16621.112130269743
2021-12-19 20:52:06.705843,193809.9225144776,196322.0028494643,193485.5382847243,194387.50132544228,19680,16665.595106776604
2021-12-20 20:52:06.705843,197352.9218138265,197352.9218138265,195578.14580437998,195882.8466380062,5287,16793.796865398337
2021-12-21 20:52:06.705843,193805.2207525682,195069.02658436916,192137.44750037207,193173.06683557454,47621,16561.476923488903
2021-12-22 20:52:06.705843,194501.31771802626,194501.31771802626,191955.17215795684,192879.63134903973,30652,16536.319560102856
2021-12-23 20:52:06.705843,194967.89750910134,196582.50933541008,194497.92437984192,195228.25708174056,42400,16737.676361603273
2021-12-24 20:52:06.705843,194147.3109752318,197954.89286711282,193269.29479581935,195429.7333620214,23839,16754.94970524875
2021-12-25 20:52:06.705843,197438.4309730858,198837.96966074573,195078.6776016995,196789.0246409857,43901,16871.487023404126
2021-12-26 20:52:06.705843,194377.67624826552,197090.84268362843,194377.67624826552,195395.73779635743,26768,16752.035133432564
2021-12-27 20:52:06.705843,194421.05584710435,195878.14712475424,193306.1304322348,195038.64501034952,30053,16721.420182643134
2021-12-28 20:52:06.705843,194722.3884332877,195659.90164853336,192835.57189639838,195129.57280721664,21397,16729.215775653003
2021-12-29 20:52:06.705843,196882.712065283,199606.71465840086,193967.97838894164,196106.9632004149,37583,16813.011248320894
2021-12-30 20:52:06.705843,197053.64039278642,197053.64039278642,196051.83259740568,196274.3904744367,5313,16827.365438480512
2021-12-31 20:52:06.705843,197644.11557369994,199279.52799464305,195372.8275833011,197670.83885236608,23364,16947.088378975146
2022-01-01 20:52:06.705843,193421.286233856,196018.0020949063,191488.991623763,194089.85998071433,34281,16640.07715884039
2022-01-02 20:52:06.705843,196386.84005245034,196386.84005245034,193752.93932044203,194474.69724506908,6868,16673.070751463398
2022-01-03 20:52:06.705843,193770.3259980962,194162.39625922052,190253.59923286157,192143.03135666292,43451,16473.167983252995
2022-01-04 20:52:06.705843,196084.68527519715,198543.33208644643,191678.97960246567,194999.7100632518,25760,16718.08213848181
2022-01-05 20:52:06.705843,192800.20927924142,196557.8717777037,192800.20927924142,194776.2314197253,5554,16698.922446821445
2022-01-06 20:52:06.705843,194435.8532378409,196413.6225825045,192750.0932718057,193960.00893324788,23148,16628.944524455408
2022-01-07 20:52:06.705843,197024.4128056405,198652.53750763106,193721.24064471832,195309.51956423308,17083,16744.643309690764
2022-01-08 20:52:06.705843,193483.04704045024,195190.2578952452,192599.39733496663,194403.3250016972,34931,16666.951731969926
2022-01-09 20:52:06.705843,191401.2315487172,195237.4969467051,191401.2315487172,193094.811128098,42104,16554.76775789592
2022-01-10 20:52:06.705843,195857.49832921597,195857.49832921597,190595.74785030464,193651.33703261128,30533,16602.4808841402
2022-01-11 20:52:06.705843,191886.62603815025,195167.64384179248,191529.1716105217,193229.08758975702,13847,16566.279800219225
2022-01-12 20:52:06.705843,195832.3126789399,199049.55069579047,193737.86128036978,195136.05745937422,26679,16729.77173005609
2022-01-13 20:52:06.705843,191437.97567551586,195707.15674472396,191299.41288060282,193007.07863136937,36763,16547.246110371176
2022-01-14 20:52:06.705843,192679.45529976778,194207.46699998065,191377.4554343875,193675.63943475237,44108,16604.564423418415
2022-01-15 20:52:06.705843,193065.24948533298,194879.82315935794,192090.8365897015,193786.4394338309,12814,16614.063737468357
2022-01-16 20:52:06.705843,195395.6303721969,197725.5318309553,194177.7305167881,195898.01281416704,21796,16795.09712055616
2022-01-17 20:52:06.705843,196289.13742015735,197457.13437885643,195285.86386519083,196459.23794837896,47136,16843.213130005053
2022-01-18 20:52:06.705843,199151.798487505,201952.72470394333,196952.7293496175,199764.38868362154,14242,17126.5765332323
2022-01-19 20:52:06.705843,198823.75207682827,200306.69729236278,197397.68686511018,198443.25492872452,22408,17013.31060774387
2022-01-20 20:52:06.705843,196985.55276423768,199721.78238456495,196112.3893738416,196917.9553223448,45716,16882.540751229833
2022-01-21 20:52:06.705843,196653.12670043675,196653.12670043675,194443.50762803247,195096.60548810178,16286,16726.38935940516
2022-01-22 20:52:06.705843,195856.35532696644,196969.90536145773,192986.32334504015,194815.19230631262,12062,16702.26271487591
2022-01-23 20:52:06.705843,194722.5214952445,197812.4170810055,193051.20461386227,195118.62828024698,40600,16728.27745886891
2022-01-24 20:52:06.705843,200489.17866807137,201465.9393294151,198602.97219246853,199847.85395846498,25426,17133.732335259345
2022-01-25 20:52:06.705843,197589.32030294562,198135.61947223512,195120.09244850022,196842.99608708385,36265,16876.114204996902
2022-01-26 20:52:06.705843,199097.0753489773,200726.3689961334,196795.3228499186,197476.12839916727,16263,16930.395095950556
2022-01-27 20:52:06.705843,201700.87099552265,203585.23638785494,199518.67954445846,200347.09657854555,31706,17176.53434315377
2022-01-28 20:52:06.705843,197582.31181887546,199758.77087414678,196171.77955429308,197794.97062919187,17072,16957.73067808572
2022-01-29 20:52:06.705843,205143.03700982864,205143.03700982864,202065.55889862822,202329.17498176795,7110,17346.465619150204
2022-01-30 20:52:06.705843,200862.14661415684,200871.24906501223,197674.31785330857,200007.29214949932,47948,17147.401590320587
2022-01-31 20:52:06.705843,197361.1147140212,198913.5270717526,194558.544837171,196512.51355809136,48189,16847.780654843224
2022-02-01 20:52:06.705843,194986.1572473956,197977.087682632,194126.56455085328,195954.4154996294,31165,16799.932741737775
2022-02-02 20:52:06.705843,200210.47922458057,201169.10839076238,198678.7841706655,200885.74802106852,22950,17222.715022382417
2022-02-03 20:52:06.705843,200148.60516714482,200543.6445653624,198279.36034803654,200165.820051465,45583,17160.992802766206
2022-02-04 20:52:06.705843,204684.4369780347,206955.23745595195,202988.34471497798,204671.3159324979,12488,17547.266455118133
2022-02-05 20:52:06.705843,201753.98288700607,204620.87902298925,201753.98288700607,202127.88676953223,20444,17329.208399308318
2022-02-06 20:52:06.705843,203932.61601249632,205361.21057129718,203443.86996907802,205139.6422700228,28738,17587.417890091117
2022-02-07 20:52:06.705843,206931.62095762856,208323.2890519363,205184.75570444114,206080.41430552854,35637,17668.07392880046
2022-02-08 20:52:06.705843,202931.95611824177,203915.1443583453,200668.1870586536,202306.49262169073,44240,17344.520972367176
2022-02-09 20:52:06.705843,201411.0200305077,203744.82424462392,201397.8915621944,202481.8706170871,43299,17359.556808735175
2022-02-10 20:52:06.705843,201196.6152641647,204805.85697819307,200171.40534738367,201671.7657344768,36339,17290.103372297395
2022-02-11 20:52:06.705843,203088.82467012721,205791.66613030492,203088.82467012721,204664.81898579275,6592,17546.709446655757
2022-02-12 20:52:06.705843,207271.5690634566,208680.54873692343,204447.2098451739,207337.92737833294,13191,17775.885406235677
2022-02-13 20:52:06.705843,206252.56401616783,208380.6884070126,206252.56401616783,207704.4966652677,23072,17807.31281423763
2022-02-14 20:52:06.705843,206915.97760107217,207558.23321282014,206499.60897007992,207064.73707715046,42365,17752.46374118231
2022-02-15 20:52:06.705843,207119.1168080944,207630.35646716572,207119.1168080944,207522.38811925845,48877,17791.699941637384
2022-02-16 20:52:06.705843,207601.3297840302,207601.3297840302,204916.24064281507,205586.59076043422,9935,17625.73651924162
2022-02-17 20:52:06.705843,202170.3965403585,206080.0840220013,199884.32492960038,202243.42863239307,32442,17339.11425174838
2022-02-18 20:52:06.705843,209232.7521986495,209490.06937268682,206493.97781992867,208177.19669938233,16975,17847.839223198072
2022-02-19 20:52:06.705843,203083.502876126,206056.42283107742,203083.502876126,204773.25118008704,34600,17556.00575960966
2022-02-20 20:52:06.705843,204009.90360529788,205316.35544131376,202353.987453996,203789.00776215378,36458,17471.62275052759
2022-02-21 20:52:06.705843,207484.8703247743,208846.65128075238,205275.32563220704,206396.7403884093,27839,17695.193791873226
2022-02-22 20:52:06.705843,207071.30517530642,207071.30517530642,202026.39330986835,204179.68545635522,33046,17505.117065874078
2022-02-23 20:52:06.705843,202228.76708420573,204848.02049726213,200316.48447483816,202806.2886946341,46933,17387.37042992405
2022-02-24 20:52:06.705843,204368.53949500373,204368.53949500373,202704.5097340012,203217.09514610597,42758,17422.590461771775
2022-02-25 20:52:06.705843,203206.75685280736,204370.27928975708,201491.82109076873,202559.82405914593,24394,17366.240059940494
2022-02-26 20:52:06.705843,207003.4052362758,207091.38374474118,204348.76452811295,205270.26488411732,34635,17598.616673878372
2022-02-27 20:52:06.705843,207223.98830040917,208609.71570617153,206220.8827512302,207112.25606776684,36865,17756.53772871801
2022-02-28 20:52:06.705843,204901.98252503164,207212.37426187846,203424.25700213667,204943.81072977636,8848,17570.62849192184
2022-03-01 20:52:06.705843,205540.31317917752,207341.69216444044,203529.61844870402,205977.65537354,29401,17659.264006647805
2022-03-02 20:52:06.705843,201449.55389386992,202232.6376461252,199848.5191339954,201777.392364633,37174,17299.159153346453
2022-03-03 20:52:06.705843,203904.8097343742,207881.83218626463,203295.41583013185,205775.06192222025,46865,17641.89488359227
2022-03-04 20:52:06.705843,205255.5175956007,206151.91750486646,203365.49064765775,204869.7716961984,32715,17564.28083815144
2022-03-05 20:52:06.705843,209764.5108957473,209764.5108957473,206866.24124961256,207871.83400295005,14598,17821.659293805733
2022-03-06 20:52:06.705843,203188.3541809737,205682.7246901426,201879.98834605108,204232.77222571528,49795,17509.668400695755
2022-03-07 20:52:06.705843,207947.78663776847,209709.2506418805,207734.7130330219,208314.5101560641,16902,17859.611638894385
2022-03-08 20:52:06.705843,207715.09339392674,210203.39043123735,206600.30526713282,209162.430678059,14824,17932.307156898063
2022-03-09 20:52:06.705843,208398.2099058584,212256.12295150885,206400.7656966702,209333.6303040738,6881,17946.984765438425
2022-03-10 20:52:06.705843,209752.53741247265,210992.4503337683,208120.68908437752,208980.28817014644,48265,17916.691372612007
2022-03-11 20:52:06.705843,206033.76513811975,206033.76513811975,204232.58619182432,204517.07631498753,23488,17534.04289394612
2022-03-12 20:52:06.705843,206533.20120018814,206626.76336547488,204699.75638348178,205979.04059982597,16360,17659.38276747479
2022-03-13 20:52:06.705843,205016.08957956114,206092.32678555138,205016.08957956114,205344.57736911462,12977,17604.9877717005
2022-03-14 20:52:06.705843,202597.0021978149,205405.9108771233,201471.68827824452,203361.47810731837,7806,17434.968973535524
2022-03-15 20:52:06.705843,206294.6144217587,208817.55407913378,206294.6144217587,207299.67380261782,9468,17772.605778688085
2022-03-16 20:52:06.705843,206009.77049457844,207117.94259770276,203023.943373253,205313.53463756162,9456,17602.32635781564
2022-03-17 20:52:06.705843,203986.83021051192,206947.50081077023,203900.2504775567,204893.65992547217,37480,17566.328868781908
2022-03-18 20:52:06.705843,213207.64364966948,213207.64364966948,210607.77642217494,212223.4446067402,40087,18194.73976395235
2022-03-19 20:52:06.705843,213311.6277794987,213311.6277794987,210837.68537601054,211853.72145519455,15517,18163.04196289391
2022-03-20 20:52:06.705843,210183.77988225062,212319.30583726024,209572.05294859933,210528.6578381448,21114,18049.439115067285
2022-03-21 20:52:06.705843,210066.70447873484,213272.79165739426,210066.70447873484,211864.51586587453,33312,18163.967409625733
2022-03-22 20:52:06.705843,211929.38914418683,212783.9462276486,211348.45864428894,211446.68521556532,35680,18128.14516594353
2022-03-23 20:52:06.705843,209156.72887022397,212955.1101397689,209156.72887022397,210874.9119371343,10561,18079.124823142516
2022-03-24 20:52:06.705843,208479.0816532357,210549.57428234315,207848.39787188458,209583.45997123196,15676,17968.403632650203
2022-03-25 20:52:06.705843,211879.42526408815,214910.67965359226,211879.42526408815,213931.84509331192,46671,18341.207569728387
2022-03-26 20:52:06.705843,215869.30856796747,217874.71149332402,213859.29191904847,215215.46910846178,6432,18451.257639614352
2022-03-27 20:52:06.705843,210393.67198138358,214698.8294133817,210278.28313724423,212201.4884291678,11837,18192.857375614523
2022-03-28 20:52:06.705843,209821.07326251527,210677.1874579362,206380.29424184992,209043.00047609402,26955,17922.067942051955
2022-03-29 20:52:06.705843,213138.5200594314,213680.93299987938,211640.57097742683,212903.6837843226,20169,18253.059309355507
2022-03-30 20:52:06.705843,212869.62683435823,215230.96563482334,210021.76495720973,212566.9360930915,33753,18224.188622521564
2022-03-31 20:52:06.705843,212046.41051693074,215836.36983545247,211215.03261153935,212849.51890148036,20591,18248.41554367973
2022-04-01 20:52:06.705843,208080.35464857644,211045.34003040768,206145.51060619278,208720.71688492037,22251,17894.437318666012
2022-04-02 20:52:06.705843,212075.59934490148,213685.17508549654,209595.5147581523,212035.84425390713,26790,18178.656057433738
2022-04-03 20:52:06.705843,212123.0098355339,212191.6263132603,210505.0009693861,212060.8006215952,39247,18180.79566371701
2022-04-04 20:52:06.705843,214233.19992370228,214233.19992370228,210438.01311845903,212569.35855973008,33302,18224.396309990578
2022-04-05 20:52:06.705843,212023.76949387774,215416.28412606483,211579.61240733476,213108.1374006684,38803,18270.58791157994
2022-04-06 20:52:06.705843,207691.31104404796,210344.53990061345,206873.78419952147,209552.33334196257,49402,17965.735025888425
2022-04-07 20:52:06.705843,211596.47889859186,213230.38473012447,210093.7980775489,211086.32259763722,26621,18097.249879769995
2022-04-08 20:52:06.705843,212082.54257803332,213676.16207061353,207898.78044403656,210278.63860380737,42693,18028.003995525323
2022-04-09 20:52:06.705843,211295.55789585647,213716.1219201283,210513.96152963076,211389.0281244723,36143,18123.201999697558
2022-04-10 20:52:06.705843,207761.68532366783,210735.11949072735,206775.2635134753,208414.70142107786,23522,17868.20142498953
2022-04-11 20:52:06.705843,215750.07507175134,215750.07507175134,211323.9821853483,212789.43949155984,28299,18243.26470263716
2022-04-12 20:52:06.705843,208118.35991623116,210597.03832924523,207344.24392063232,208366.61239614984,14903,17864.078566199405
2022-04-13 20:52:06.705843,215899.7450619834,216775.34002641926,215333.76658931668,215393.3517711611,19171,18466.508210833428
2022-04-14 20:52:06.705843,209465.4208531825,209993.75784753016,207409.27775961152,209187.25015913218,21665,17934.43502736044
2022-04-15 20:52:06.705843,212492.72972176905,214271.20857748136,210041.05847502797,212706.41559258013,34435,18236.14674147635
2022-04-16 20:52:06.705843,213871.00711617936,217031.22135694438,212774.06922896698,214522.64628285402,33789,18391.85924921588
2022-04-17 20:52:06.705843,218775.7644567105,219190.28104159213,217443.8831015396,217716.96828586207,6730,18665.720874988176
2022-04-18 20:52:06.705843,215887.6773800008,218399.17462720437,214133.08924788024,216422.90832649588,29935,18554.776091091895
2022-04-19 20:52:06.705843,216120.12016113402,216120.12016113402,214322.97881755186,215843.96983223798,35912,18505.141446522463
2022-04-20 20:52:06.705843,216535.23280015663,217694.32487581912,215602.4976681804,217654.3065489158,13526,18660.34864102502
2022-04-21 20:52:06.705843,216042.7713345965,218771.35981901558,213121.59685965403,216229.42920201086,5065,18538.188374657995
2022-04-22 20:52:06.705843,210329.49063154866,214428.1153561246,210329.49063154866,213172.53645373465,28574,18276.109092398376
2022-04-23 20:52:06.705843,215493.8762508608,216930.15258036536,212479.41464661254,214964.03123732802,34487,18429.70089483265
2022-04-24 20:52:06.705843,219557.16446641524,222862.9199060516,218173.9751858974,220319.42649883457,29854,18888.83972040763
2022-04-25 20:52:06.705843,211736.8071729319,213935.3309188761,210585.82930894857,212718.67469115878,49277,18237.19776158769
2022-04-26 20:52:06.705843,220273.4098259511,220273.4098259511,217410.47736655732,219240.30246890875,36546,18796.322228130037
2022-04-27 20:52:06.705843,213843.536504947,215541.16967960307,209728.3497410009,213799.45931586734,41058,18329.85762310248
2022-04-28 20:52:06.705843,218089.8164161505,218294.90478088547,216908.56821044334,218246.671525483,16504,18711.134390044837
2022-04-29 20:52:06.705843,214341.22033438346,218483.7491351573,213732.06628048653,215761.96322520787,32963,18498.110701749647
2022-04-30 20:52:06.705843,215772.99365931097,217703.9689323988,214631.27810653087,216298.39248491125,5505,18544.10086461859
2022-05-01 20:52:06.705843,215891.17289590204,217820.05249162536,213480.49038299164,215762.80292113198,38096,18498.182692140945
2022-05-02 20:52:06.705843,214162.91216956472,215603.8386417875,214162.91216956472,214433.42794846112,8502,18384.21021506011
2022-05-03 20:52:06.705843,216193.60667792897,216936.54746719205,215400.81074646657,216556.57822622184,23702,18566.23613050599
2022-05-04 20:52:06.705843,216024.54936829652,218803.35376083333,212739.03045358378,215826.13134425663,45462,18503.61208369827
2022-05-05 20:52:06.705843,216368.88727495738,217516.35286708886,215566.38294547386,217466.7551064722,47703,18644.26912778397
2022-05-06 20:52:06.705843,212899.91730212927,216470.56716210672,212899.91730212927,215231.07888529272,24833,18452.59592637969
2022-05-07 20:52:06.705843,215166.17176108217,215166.17176108217,213219.26387235723,213877.5798876346,18892,18336.555202986507
2022-05-08 20:52:06.705843,213263.9007408043,217778.9152347076,213263.9007408043,215218.5368009127,47506,18451.52064479704
2022-05-09 20:52:06.705843,211348.79962519585,215111.46737339022,210909.2276985864,212182.1669348659,45426,18191.2008689014
2022-05-10 20:52:06.705843,214631.5333310442,218014.90329804475,213023.09368301093,216065.44992884411,19359,18524.129794996923
2022-05-11 20:52:06.705843,214229.07585521232,215451.72215052188,211006.4184442785,213813.11064110987,33695,18331.02800421038
2022-05-12 20:52:06.705843,218578.86118575284,218850.5840036026,214950.040474833,216849.44783348189,32283,18591.344978865047
2022-05-13 20:52:06.705843,212976.5927501525,213262.28539462024,211176.72578746497,212856.172408169,20286,18248.98597463726
2022-05-14 20:52:06.705843,216866.79979262577,218595.9168808723,216866.79979262577,217576.70943071882,43477,18653.695938847635
2022-05-15 20:52:06.705843,211944.3961712574,213272.42485433622,210922.5294014024,211600.75953878835,16270,18141.354555794613
2022-05-16 20:52:06.705843,209648.7460105226,212864.3053407925,207268.70553698394,210750.60945953903,49781,18068.467889192303
2022-05-17 20:52:06.705843,211232.12392537342,212286.37774580516,208107.86216618828,210364.7628017266,33227,18035.387757349676
2022-05-18 20:52:06.705843,213893.82395424604,215859.8268056643,213706.78643873637,214477.21244506942,12743,18387.964029927076
2022-05-19 20:52:06.705843,214716.91083938928,217990.4766973667,214716.91083938928,215199.0829848629,26952,18449.852793626793
2022-05-20 20:52:06.705843,211859.7435678008,214721.03821978817,209888.16541650303,212864.17770161646,24266,18249.672299521302
2022-05-21 20:52:06.705843,214901.46417984026,214901.46417984026,211894.36262471823,214047.20243701147,20659,18351.09760262444
2022-05-22 20:52:06.705843,210347.39088932375,211803.2523538358,210152.01669518332,210885.6594474948,45107,18080.046248927883
2022-05-23 20:52:06.705843,211220.9048023652,213121.6126952942,208406.05859070635,210833.8595360846,48277,18075.605241433866
2022-05-24 20:52:06.705843,213499.84576225423,214852.24027983754,212911.23689779255,213189.33942211836,34274,18277.54967610754
2022-05-25 20:52:06.705843,211703.0308862458,214427.58299759318,211703.0308862458,212864.41351778604,27060,18249.692516956966
2022-05-26 20:52:06.705843,211147.32725121276,213239.7034079218,211147.32725121276,212469.56565568433,44364,18215.84067692767
2022-05-27 20:52:06.705843,211937.22894212013,213981.90321051245,209681.39961179503,211364.3295740713,5642,18121.08449709116
2022-05-28 20:52:06.705843,209033.06183312263,211130.98600720929,207245.42128320105,210715.5608942399,5019,18065.46303962962
2022-05-29 20:52:06.705843,214649.31943408027,215738.60442127121,211951.81354859195,214690.07508183343,43931,18406.213570116037
2022-05-30 20:52:06.705843,213989.95151127857,215141.23082659126,213989.95151127857,214139.71751604215,28846,18359.02927949607
2022-05-31 20:52:06.705843,215221.9662099417,216490.7743350944,213985.58095694336,214871.87528819198,13393,18421.80000756104
2022-06-01 20:52:06.705843,214984.08423619275,217647.65144791832,213457.728506401,214644.97943338403,20046,18402.3473451118
2022-06-02 20:52:06.705843,215000.85463308572,215000.85463308572,210940.03691586433,213422.5062272383,16297,18297.539971471047
2022-06-03 20:52:06.705843,212787.2144277375,215894.39795365446,211451.79699619158,213652.01588793527,42781,18317.216725646027
2022-06-04 20:52:06.705843,213932.47889937545,216317.21634231563,211242.8991102608,214283.88345436988,7012,18371.389185045427
2022-06-05 20:52:06.705843,212637.4386612049,214306.00144888024,211602.33501232747,212682.93566257018,42375,18234.1337159268
2022-06-06 20:52:06.705843,210452.75826977167,212667.99913080363,209415.06929264413,210616.18341347645,16007,18056.943022417392
2022-06-07 20:52:06.705843,216414.546123978,217321.66952074924,214003.93495474936,217062.1871484327,23447,18609.58394619622
2022-06-08 20:52:06.705843,212649.9756302496,214698.88780385017,209996.12750384462,212435.59501366626,44032,18212.928241912403
2022-06-09 20:52:06.705843,210832.38067364725,212671.57223276547,208738.89077748125,211400.8593258708,45211,18124.21633452253
2022-06-10 20:52:06.705843,207457.17734420576,209301.19321190528,206058.39290110001,207987.44116691445,7337,17831.5707447629
2022-06-11 20:52:06.705843,213034.3677661994,214434.63620071588,210568.85770155388,212280.59475588426,15827,18199.639468097073
2022-06-12 20:52:06.705843,211129.00388465973,211129.00388465973,208970.1961096543,210041.56377961257,18238,18007.67865051548
2022-06-13 20:52:06.705843,208863.43741220958,211344.37591071188,206438.27873779176,208542.55921784998,23437,17879.16317025463
2022-06-14 20:52:06.705843,211009.091371493,212463.71562427757,208826.69004056233,210424.7097238147,20822,18040.52723969605
2022-06-15 20:52:06.705843,208177.87572391224,211974.5364743844,208177.87572391224,210030.40596077818,35522,18006.72204739182
2022-06-16 20:52:06.705843,207115.22386124873,208831.90261360118,205194.44667100097,206580.7876430955,38120,17710.97287749447
2022-06-17 20:52:06.705843,207568.3512539319,208511.02489314633,204940.5158258274,207757.00386438,39514,17811.81446025206
2022-06-18 20:52:06.705843,211211.92602487782,211876.54238559882,207958.23567199538,210252.2182358598,48560,18025.738874816514
2022-06-19 20:52:06.705843,209893.77508804624,212386.87736117828,208379.0709265314,209426.09481383214,37401,17954.912106810025
2022-06-20 20:52:06.705843,207961.12343120066,211867.89026842217,207620.67203173065,208457.20777686252,31103,17871.845659881903
2022-06-21 20:52:06.705843,209336.09151675607,209336.09151675607,208005.3908018107,208645.22306957428,28662,17887.964940807124
2022-06-22 20:52:06.705843,208951.159087968,212455.870422673,208356.40389901085,209803.4446635705,19153,17987.2637743116
2022-06-23 20:52:06.705843,210084.6853822156,214665.809806192,208853.02703237665,211262.14080299545,12478,18112.323457046936
2022-06-24 20:52:06.705843,207025.0827494107,210215.3740206703,206585.37482122806,207503.52741265073,44528,17790.082940042073
2022-06-25 20:52:06.705843,205850.71959629928,205850.71959629928,202359.18821776475,204865.33753403317,45594,17563.900680215465
2022-06-26 20:52:06.705843,205709.786189071,206359.88754434863,202039.79405699385,204690.48433236583,46567,17548.90983645112
2022-06-27 20:52:06.705843,208432.6301139171,208689.011213387,206586.9279455768,208207.32218563583,17113,17850.421998082635
2022-06-28 20:52:06.705843,210410.5691979869,210410.5691979869,209616.13428334324,209763.92640191413,35670,17983.875720328713
2022-06-29 20:52:06.705843,207697.31114951478,208069.87812707975,205480.139313968,205982.2444007673,35856,17659.657441766743
2022-06-30 20:52:06.705843,205935.7290404662,206302.80529391547,202173.16617184947,204729.3617594012,12741,17552.242949194202
2022-07-01 20:52:06.705843,202787.77528139812,203428.98505484496,201201.93506395677,202929.63875763697,43290,17397.945709673953
2022-07-02 20:52:06.705843,208804.87968336523,209282.63345157672,207040.88852754797,207372.59487910126,44100,17778.85758565683
2022-07-03 20:52:06.705843,204096.16082476283,204096.16082476283,200693.56395483797,201755.14705446066,18284,17297.25197654841
2022-07-04 20:52:06.705843,203032.02301265072,203703.4078909044,200654.79525346623,202799.8632873197,37024,17386.819554811358
2022-07-05 20:52:06.705843,204655.92586255987,206355.91671040433,201845.48193935642,204022.4195172302,16506,17491.634046401767
2022-07-06 20:52:06.705843,202001.49939818893,204330.22518362876,202001.49939818893,202780.83690478108,33918,17385.188349175332
2022-07-07 20:52:06.705843,206304.50944662493,206577.38792270652,204973.7074447935,205746.93244230346,35897,17639.483234079515
2022-07-08 20:52:06.705843,205158.86097150648,207249.80294240985,202566.77282654415,204437.1719168306,15399,17527.19237970084
2022-07-09 20:52:06.705843,206897.4664222731,208630.88345012764,204761.5672568831,206695.70748539912,48868,17720.825401697457
2022-07-10 20:52:06.705843,211059.2754518345,211359.52426967386,209090.36045539973,209496.92869956017,14503,17960.984970812773
2022-07-11 20:52:06.705843,207710.4423970334,208973.08253592488,206164.30389626024,208729.6097842783,20524,17895.19974145047
2022-07-12 20:52:06.705843,205866.9833709832,206644.2052576557,205214.37011907322,205887.6668338202,14404,17651.5489397994
2022-07-13 20:52:06.705843,207562.73884228477,211000.02102748276,207562.73884228477,207967.347594913,26905,17829.848044831364
2022-07-14 20:52:06.705843,206413.91580102214,209620.04384055565,203533.04080087144,206175.66295648486,8961,17676.239965405082
2022-07-15 20:52:06.705843,208198.04044043136,209358.3675273842,204503.58723884603,206975.94177838342,35265,17744.85097551298
2022-07-16 20:52:06.705843,208416.39059065378,210627.47010914434,206236.63728964352,208186.43278080053,47791,17848.631068312803
2022-07-17 20:52:06.705843,203898.2722471325,208159.58936810878,203858.89866342075,205505.1413237972,31321,17618.753542849554
2022-07-18 20:52:06.705843,205248.7602821284,208586.58445034875,205248.7602821284,205862.8803937344,28145,17649.42390206914
2022-07-19 20:52:06.705843,203811.02018974078,205644.6875328946,201481.98312647291,203489.64069245738,46468,17445.956849490518
2022-07-20 20:52:06.705843,200758.57500984406,201383.55779631183,199455.720010881,199638.48589464708,26435,17115.782398375093
2022-07-21 20:52:06.705843,201719.66133078685,203860.56927352498,201719.66133078685,202295.31978100332,46429,17343.56308136174
2022-07-22 20:52:06.705843,202403.22131891965,202560.96190785425,199519.29877521854,201778.67466444333,18837,17299.26908988712
2022-07-23 20:52:06.705843,205572.2299591701,210342.74228836803,205572.2299591701,207217.0352232247,37214,17765.520852471254
2022-07-24 20:52:06.705843,201388.1320725638,203897.76387038955,199794.15141312103,202066.8396608952,47404,17323.97459369815
2022-07-25 20:52:06.705843,203835.02116569446,205477.65283301543,201243.11211036876,202835.65163906294,23990,17389.88782913777
2022-07-26 20:52:06.705843,200485.25318453414,200916.47432954793,198231.28733717167,199171.19736003425,41940,17075.719938274542
2022-07-27 20:52:06.705843,203531.7196299808,205981.58855153268,200384.66852430964,203408.86134554914,13159,17439.03132249221
2022-07-28 20:52:06.705843,206290.9903744383,206575.4437439921,203028.71771742802,204569.80286763335,49254,17538.563345990515
2022-07-29 20:52:06.705843,202565.14354687798,205354.37390859297,202565.14354687798,203529.73348724845,49290,17449.394160429394
2022-07-30 20:52:06.705843,203451.93600482415,205001.36937568776,203279.4464238185,204522.79655401877,42587,17534.53331224441
2022-07-31 20:52:06.705843,203549.42440488643,204902.21518666932,200246.8862555933,204642.09861412147,34043,17544.76154099121
2022-08-01 20:52:06.705843,205712.44410034816,205712.44410034816,203570.05215438476,204863.08797887794,34084,17563.707817119164
2022-08-02 20:52:06.705843,201489.16353513167,204440.2952275972,199628.25297468106,202755.3928429886,48436,17383.006930983247
2022-08-03 20:52:06.705843,209412.36975234078,211432.69686948246,208425.60962434093,208999.45592721176,31775,17918.334698835028
2022-08-04 20:52:06.705843,202349.25604578233,203220.42731895763,200926.37997456157,202358.31512802705,38778,17348.963917011923
2022-08-05 20:52:06.705843,206021.1211330667,207502.91682593935,201823.93271912853,204821.13329059203,41651,17560.11087882305
2022-08-06 20:52:06.705843,199623.33390863132,199867.4951870614,197653.77845188882,198696.41358269125,21110,17035.014881917974
2022-08-07 20:52:06.705843,205233.5648915931,206052.95085701626,204329.19924683083,205436.34643370332,18436,17612.855489857968
2022-08-08 20:52:06.705843,201103.31010910042,203876.73722320155,199671.5241634704,202019.73826395592,47527,17319.9364080895
2022-08-09 20:52:06.705843,201935.90650992157,203818.22644232036,198616.15245097637,201515.74599757628,20190,17276.727194579584
2022-08-10 20:52:06.705843,201350.10290367503,204251.29642682278,199710.58321110727,202288.83170798013,5227,17343.006833674564
2022-08-11 20:52:06.705843,201772.558157475,203041.31424580686,200344.76774748106,202391.76194233523,18884,17351.831442244104
2022-08-12 20:52:06.705843,200068.09000665316,200404.70887666265,198531.17143783465,199988.35100310954,34876,17145.77769231049
2022-08-13 20:52:06.705843,204814.13374059732,205585.44440649275,202550.38380502257,204935.82907977447,12204,17569.944194082174
2022-08-14 20:52:06.705843,204108.2072228466,204521.85717647945,200393.2001859038,203589.13648515224,17720,17454.487010043915
2022-08-15 20:52:06.705843,203041.62292980537,205375.08198046926,203041.62292980537,204022.14979917032,39828,17491.61092242544
2022-08-16 20:52:06.705843,197163.9770596021,199656.5301224385,197163.9770596021,199005.34402939634,9882,17061.50068839132
2022-08-17 20:52:06.705843,199109.21180011396,203805.5651795612,198107.43243297838,200925.89549308608,28363,17226.157021012183
2022-08-18 20:52:06.705843,203803.96212407638,207726.25782437567,202938.13876207516,205488.1092448531,37944,17617.293316602634
2022-08-19 20:52:06.705843,204363.35953430628,204395.5891674708,201523.4980103969,203891.92633256424,13833,17480.446359101872
2022-08-20 20:52:06.705843,201447.73516340725,204958.00339675,201447.73516340725,203423.04949775484,46763,17440.24772785964
2022-08-21 20:52:06.705843,205132.7398384356,208580.07942482692,203620.81650764644,205641.20301919867,37141,17630.41864019193
2022-08-22 20:52:06.705843,203882.64938184663,205606.08972057165,201321.06108757568,203221.45510732444,28140,17422.964258172535
2022-08-23 20:52:06.705843,202316.9234685212,208686.76314585007,202316.9234685212,205334.56153504582,19034,17604.129075364013
2022-08-24 20:52:06.705843,203981.02472360985,206135.6144127297,202187.4922256553,204402.91995147182,44094,17524.25582574347
2022-08-25 20:52:06.705843,205427.42430954226,205427.42430954226,200458.27935756074,204082.18389227075,7634,17496.7578782811
2022-08-26 20:52:06.705843,206978.58482948976,206978.58482948976,203286.24439227107,205657.4796566561,9544,17631.814099507552
2022-08-27 20:52:06.705843,204366.14092480764,206285.8226863278,202664.96034123347,204018.098672257,36090,17491.263603588563
2022-08-28 20:52:06.705843,202197.6832928141,206934.16251095993,200476.37378768003,203069.4438887431,24623,17409.93174629142
2022-08-29 20:52:06.705843,201022.67273178571,202979.09552026246,200877.1917954159,201668.21522245003,42630,17289.798973118144
2022-08-30 20:52:06.705843,196789.2200537938,197778.27023389318,194500.20743743042,195686.0523195292,47844,16776.92492451382
2022-08-31 20:52:06.705843,198857.15605591814,200590.6434079155,198857.15605591814,199570.38323751235,14599,17109.943693202364
2022-09-01 20:52:06.705843,201444.94965379787,202166.78383438557,198522.67138259608,200632.03043988722,15176,17200.962829208438
2022-09-02 20:52:06.705843,199956.30389703947,203601.3126124055,199956.30389703947,201012.718459111,29896,17233.60069093887
2022-09-03 20:52:06.705843,198706.592389724,201044.86481345704,196117.3894048502,198093.7982813352,31555,16983.350332761936
2022-09-04 20:52:06.705843,197056.65600817947,197145.47144121758,193789.19020612744,195680.66595575982,16914,16776.463130637843
2022-09-05 20:52:06.705843,196075.46717470826,198379.85379221724,195528.97259529427,195628.26296524322,47111,16771.970418830868
2022-09-06 20:52:06.705843,195879.02859266286,198748.8238519892,195764.4911834335,196851.3291051536,30395,16876.828626985047
2022-09-07 20:52:06.705843,198973.58603452344,200993.95574566408,198026.3992921972,198764.3405316986,20609,17040.838522950842
2022-09-08 20:52:06.705843,197567.87196048012,201257.16456767006,195908.07216361474,198772.51000416474,28270,17041.5389235395
2022-09-09 20:52:06.705843,195966.68108224132,200942.9902774202,195184.826448305,197662.3104078595,45504,16946.357202319916
2022-09-10 20:52:06.705843,197352.8964481715,197352.8964481715,193865.8814793644,195617.11961901523,20527,16771.015056499935
2022-09-11 20:52:06.705843,195287.44291820927,197453.5416048238,193358.2434561646,195555.82145769312,49221,16765.75972716848
2022-09-12 20:52:06.705843,195305.30181847917,197299.0684633759,195305.30181847917,196067.36928835846,10883,16809.616708535534
2022-09-13 20:52:06.705843,194382.86352621272,198462.88655920172,194382.86352621272,194980.94774950016,21892,16716.473572488012
2022-09-14 20:52:06.705843,193965.84389482404,195308.07305840187,193690.77037589194,194714.99692091296,15885,16693.672575524088
2022-09-15 20:52:06.705843,194616.38425762253,195292.20556257898,191828.3918745663,194372.65613480046,12664,16664.3223709534
2022-09-16 20:52:06.705843,191821.76018764172,193119.27032979895,189169.2879189891,191452.85323998847,20886,16413.996334018215
2022-09-17 20:52:06.705843,188945.82203537232,190767.27601822143,188503.43985915757,189959.106429206,29124,16285.931621159638
2022-09-18 20:52:06.705843,190588.6686750203,192119.3672717422,189951.84773950817,190824.0520631991,21648,16360.08676810692
2022-09-19 20:52:06.705843,190045.8398508031,192984.1997347773,186612.62441855544,190702.63139615828,12333,16349.676902962816
2022-09-20 20:52:06.705843,189561.10181189343,190064.86819007935,189561.10181189343,189983.2417780516,44863,16288.000838310323
2022-09-21 20:52:06.705843,191115.8227159742,192695.775712015,190766.5241429885,191588.73438016375,15040,16425.645951660128
2022-09-22 20:52:06.705843,191025.67102098165,193798.7021858334,190133.8730781534,192427.31707177655,15907,16497.540901215412
2022-09-23 20:52:06.705843,193342.74973254628,193682.31753519786,190525.75396158334,192671.6013508999,11382,16518.4843407836
2022-09-24 20:52:06.705843,189781.79735453852,192078.40208232607,189606.59530439918,190894.04251161165,32410,16366.08732095436
2022-09-25 20:52:06.705843,188432.91497195032,188475.66016406094,185165.65005547175,187529.05181633396,27034,16077.593605652775
2022-09-26 20:52:06.705843,194656.56485613892,197676.0188952345,193048.99034243057,193677.5003725739,44588,16604.72396884207
2022-09-27 20:52:06.705843,192171.0406152409,192874.77510873476,189872.22420382622,191155.02805191322,13411,16388.462624478158
2022-09-28 20:52:06.705843,188242.66987605742,189153.75305368772,184804.6149706131,187996.5716975946,37177,16117.675899999538
2022-09-29 20:52:06.705843,193161.86414890326,193161.86414890326,191452.50935545538,191456.47248097268,22983,16414.306625597794
2022-09-30 20:52:06.705843,185682.13694329496,188411.7938595163,185682.13694329496,186834.2714665162,40240,16018.027389104613
2022-10-01 20:52:06.705843,191311.28402191438,192505.78753455,188734.5900890506,190842.72619618216,11221,16361.687774021106
2022-10-02 20:52:06.705843,189626.81855921185,193436.68207636342,189626.81855921185,190210.85748767614,22820,16307.515216707488
2022-10-03 20:52:06.705843,192100.4922690602,193429.3079957033,190640.26489410212,192159.48478147382,9871,16474.578599234723
2022-10-04 20:52:06.705843,195098.25059878652,195378.92867705412,194374.52595806008,194616.250436465,13886,16685.20665607553
2022-10-05 20:52:06.705843,189338.62079586147,194863.7836749393,189338.62079586147,191126.37705231365,17105,16386.00626305844
2022-10-06 20:52:06.705843,189063.92784622763,192052.01767842952,188961.33598577368,190611.1602457917,21276,16341.834726148121
2022-10-07 20:52:06.705843,194692.33346514197,196686.58701904048,192633.42799359976,194326.71417893958,30048,16660.38358872939
2022-10-08 20:52:06.705843,195514.5010741443,197193.85007988603,195294.07352391418,195562.42172548178,27176,16766.32559374844
2022-10-09 20:52:06.705843,195477.6251282352,195477.6251282352,192864.41538553833,193852.20538651306,39201,16619.70210789721
2022-10-10 20:52:06.705843,200801.20967280804,201998.47425032128,199398.722585085,200396.69196721364,33706,17180.78634835508
2022-10-11 20:52:06.705843,201059.12474536302,202059.4060536626,198188.5154202134,199754.71400478555,14304,17125.747085458293
2022-10-12 20:52:06.705843,199631.45987069793,200843.8369006122,197808.0948451255,200160.58862025142,32913,17160.54429185969
2022-10-13 20:52:06.705843,200687.93211857058,202773.69821175202,200423.4446230106,201389.82230877609,27271,17265.931267899185
2022-10-14 20:52:06.705843,201806.05929797151,204310.99686917954,200179.20768510367,201463.2849694722,30115,17272.229506984928
2022-10-15 20:52:06.705843,200247.22738483228,200247.22738483228,198516.61452539687,199907.07395879168,37502,17138.80949578118
2022-10-16 20:52:06.705843,203227.53275429248,203227.53275429248,201240.75396783522,202403.1738260283,43675,17352.80982733439
2022-10-17 20:52:06.705843,199445.71766619227,204614.69324694623,199445.71766619227,202059.15207488555,30249,17323.3155071061
2022-10-18 20:52:06.705843,203720.83052655068,203720.83052655068,201599.21776906456,202583.1366166138,23928,17368.23873599227
2022-10-19 20:52:06.705843,201399.80619021208,203333.02944149167,200453.89262684967,201846.91898414484,23495,17305.119940341636
2022-10-20 20:52:06.705843,203934.211461715,204762.84566824324,203289.05847704565,204085.69031617703,46453,17497.05849761463
2022-10-21 20:52:06.705843,201564.4571725644,205823.42562126933,201564.4571725644,203084.6054710498,32454,17411.231607600294
2022-10-22 20:52:06.705843,204173.878624602,205135.6950991102,203087.87973415322,204209.4064432784,24428,17507.66516146077
2022-10-23 20:52:06.705843,198349.07649968902,199631.04275723625,196905.9634468325,197815.87185793527,38041,16959.522621565095
2022-10-24 20:52:06.705843,203913.7675820221,205435.24563204826,201494.90732616195,203409.40705627424,20104,17439.07810839114
2022-10-25 20:52:06.705843,200886.29196637744,203709.21890828153,198021.0828264088,200441.82206748682,43781,17184.65552704791
2022-10-26 20:52:06.705843,199373.3928222376,201951.2643712173,198326.33085616847,200588.32405474724,32640,17197.21571114088
2022-10-27 20:52:06.705843,199846.02120820078,199862.15363135358,196853.03274766778,199013.74105436457,45027,17062.22059793935
2022-10-28 20:52:06.705843,201387.5167760854,201387.5167760854,198712.56580577683,200192.09686996386,47675,17163.245616423515
2022-10-29 20:52:06.705843,205640.45017186858,205799.59119082618,203544.6566043845,204729.6950878328,6657,17552.271526734636
2022-10-30 20:52:06.705843,199428.05238552165,201791.42584213035,198123.44245132137,199684.4680509578,12468,17119.72462713973
2022-10-31 20:52:06.705843,204821.16764280281,204821.16764280281,199189.60457302423,202766.47892788568,41914,17383.957384077992
2022-11-01 20:52:06.705843,200999.10858523962,202414.0276301221,200999.10858523962,201900.4154252843,48803,17309.70639791532
2022-11-02 20:52:06.705843,200529.64432637955,202972.04066704382,198893.7689876219,201213.5054871705,41770,17250.814942315716
2022-11-03 20:52:06.705843,203499.07275503062,204809.85552247008,203499.07275503062,203803.62042748535,19664,17472.875551053272
2022-11-04 20:52:06.705843,202360.65737007582,202360.65737007582,199014.25202925992,201555.35301071726,40868,17280.122857571783
2022-11-05 20:52:06.705843,197845.34006112895,199321.57099325882,197443.68210810222,198117.2453058422,26072,16985.360537194974
2022-11-06 20:52:06.705843,201911.8522944753,204584.5404714889,199242.40598599025,202399.00277999305,10581,17352.45222736566
2022-11-07 20:52:06.705843,203205.355313257,203596.13458658772,202068.6772456479,203526.67910656636,33200,17449.13229651632
2022-11-08 20:52:06.705843,205263.60609496647,205363.16799594217,204297.21744072772,204571.7638828542,17815,17538.731471438117
2022-11-09 20:52:06.705843,200446.71949058806,204904.82433209047,200238.22345710295,201796.94781736934,6121,17300.835718224396
2022-11-10 20:52:06.705843,201035.55660722515,201035.55660722515,198066.01367305033,200282.71568276797,30994,17171.014719030176
2022-11-11 20:52:06.705843,199696.97603763134,202088.2673374452,199696.97603763134,200345.26603697718,13004,17176.377403718896
2022-11-12 20:52:06.705843,198443.57895865073,200494.60634923793,197666.6482860693,199566.83893148138,47078,17109.639826087223
2022-11-13 20:52:06.705843,203616.2885015263,204335.9840763401,203345.00962739118,204055.87864979435,44819,17494.502627725855
2022-11-14 20:52:06.705843,206703.38886704124,210192.36017590194,206192.93088852213,208401.35970997135,7924,17867.057588303443
2022-11-15 20:52:06.705843,208221.7093630227,208221.7093630227,205650.9451473593,206585.03004696913,37906,17711.336595247696
2022-11-16 20:52:06.705843,206958.87905018247,207916.71350387702,206043.23330708913,206832.91731117692,26853,17732.588932714072
2022-11-17 20:52:06.705843,207627.71082420967,208827.71648790056,204459.02068037563,205709.546624002,9271,17636.278002743657
2022-11-18 20:52:06.705843,212341.10012829068,213732.85780829453,210565.40202032303,211810.29778385704,40451,18159.31908297814
2022-11-19 20:52:06.705843,205567.89247280706,209292.96350456408,205567.89247280706,207288.93151627513,28689,17771.684800778046
2022-11-20 20:52:06.705843,210866.20051741303,211438.97515477994,208628.3622966125,210677.66695690138,44415,18062.21424527618
2022-11-21 20:52:06.705843,209637.40931992413,211968.6180902233,207473.35733166873,209832.29897280203,32631,17989.73756625532
2022-11-22 20:52:06.705843,206706.28634187597,211468.05853598425,206706.28634187597,207698.1488642802,7826,17806.768592616616
2022-11-23 20:52:06.705843,208070.78470870957,209220.37429789212,207272.39165882207,207767.17569018147,46672,17812.686530365354
2022-11-24 20:52:06.705843,208538.49472839932,209323.33284170143,206686.45160364185,207728.08642096914,23538,17809.335255570055
2022-11-25 20:52:06.705843,211228.290524756,211228.290524756,207956.37650076838,209599.13491032933,43499,17969.747506029606
2022-11-26 20:52:06.705843,211983.77644271782,213808.77650057414,210621.160853415,211242.56138647537,21156,18110.644837660784
2022-11-27 20:52:06.705843,209146.00227952647,210406.94928004395,207786.24484979053,210063.69621000777,40074,18009.576149692024
2022-11-28 20:52:06.705843,211839.04806941256,212851.79150857864,209257.95357219875,211898.09299080103,19111,18166.846106893092
2022-11-29 20:52:06.705843,212825.59266004802,213458.8851952142,211815.27188747557,212841.8440623418,12081,18247.757549926424
2022-11-30 20:52:06.705843,210571.95193514152,213616.39297037997,210571.95193514152,212382.69479975378,14376,18208.392901213458
2022-12-01 20:52:06.705843,217622.59175583578,219268.2280147616,216621.02970668618,217708.83620649346,26856,18665.023680254926
2022-12-02 20:52:06.705843,213995.03400720964,214596.19076770393,211297.36612753433,213697.8924303692,6050,18321.149899723012
2022-12-03 20:52:06.705843,211922.80590542677,212569.29541717103,208618.03990108107,210264.45621757544,6842,18026.78808449721
2022-12-04 20:52:06.705843,215849.266741217,215849.266741217,212211.0375816603,214197.0823775263,10185,18363.947391763228
2022-12-05 20:52:06.705843,210955.71217991965,211833.44207141697,210455.6555350036,211560.01477229223,44811,18137.861348790488
2022-12-06 20:52:06.705843,216408.19734623507,216408.19734623507,213841.62379879132,214719.5283704514,34571,18408.738714887808
2022-12-07 20:52:06.705843,209799.5639389703,212308.4409335843,208634.55081368613,210604.41993647767,23474,18055.934493868113
2022-12-08 20:52:06.705843,209871.54653216014,213263.9286305892,208047.471895309,210775.16235742223,36488,18070.57290444292
2022-12-09 20:52:06.705843,209553.88546495794,212194.57245478014,209145.66402219655,209585.086071433,38434,17968.54304453301
2022-12-10 20:52:06.705843,209034.34918572856,211788.8405745338,207874.7899110971,210050.45898861066,18631,18008.441271314357
2022-12-11 20:52:06.705843,208192.94310705364,211055.41424384018,207069.94052019893,208657.61375861318,16474,17889.027242679458
2022-12-12 20:52:06.705843,210807.14936241874,212648.80206864112,209462.08119722232,210946.6911482919,12972,18085.27873356412
2022-12-13 20:52:06.705843,205534.19581604816,212136.99781415585,205534.19581604816,207875.6778146753,13388,17821.98883870673
2022-12-14 20:52:06.705843,210561.87300148487,210693.79401944665,208709.22003566325,210077.81014236645,41886,18010.786191903844
2022-12-15 20:52:06.705843,209393.51283366047,212635.22523249872,209393.51283366047,210507.20856535606,32872,18047.600185644384
2022-12-16 20:52:06.705843,209630.92982839316,210711.50718087013,208452.1454700927,209679.05206688918,36978,17976.599114102297
2022-12-17 20:52:06.705843,211751.24863871798,211751.24863871798,209147.62242833216,210158.60726429915,20776,18017.713242824
2022-12-18 20:52:06.705843,211185.0471192959,213247.5820594589,208971.01190478908,211294.86577864608,42744,18115.129096248806
2022-12-19 20:52:06.705843,214351.1194361027,215112.05428387897,211587.84160168443,213044.53381334216,36926,18265.134929127416
2022-12-20 20:52:06.705843,211384.36114578738,211384.36114578738,208439.8772545029,209958.56453684534,18655,18000.56280322748
2022-12-21 20:52:06.705843,211308.39272264042,213560.4924374931,209680.78070427233,212838.71543003013,12256,18247.4893201329
2022-12-22 20:52:06.705843,212661.0996831031,213685.80848072853,211361.80905966772,211671.00443956463,24432,18147.376923830987
2022-12-23 20:52:06.705843,216235.9559007194,216320.28149171636,211819.02750945938,214746.01040768088,47555,18411.00912274356
2022-12-24 20:52:06.705843,212822.57596991592,214467.0258223245,212542.07552901006,213575.85456443785,30322,18310.68711972204
2022-12-25 20:52:06.705843,215468.65429562426,217409.43487349612,213863.74621199243,215830.55490435392,16592,18503.991332677804
2022-12-26 20:52:06.705843,212992.87625904108,213378.72884467087,211583.26637124494,212538.98406605047,12298,18221.792186732724
2022-12-27 20:52:06.705843,216841.93786680966,217637.86926477982,213434.00871864773,215946.44598020834,33216,18513.927124503458
2022-12-28 20:52:06.705843,213292.83307854843,214399.22837356446,210291.48556069942,213253.4998117938,49866,18283.050395386985
2022-12-29 20:52:06.705843,214719.48578857805,214719.48578857805,213529.32828585568,213913.73734575853,18782,18339.655122235814
2022-12-30 20:52:06.705843,212413.69062192808,214002.7158108552,211098.83444344185,211872.65203083775,5093,18164.664954632866
2022-12-31 20:52:06.705843,214854.06622401075,215935.97713400205,213168.04621395652,215285.63047551722,29827,18457.27284598056
2023-01-01 20:52:06.705843,214280.87280850904,215726.18150324048,211930.03000132632,213726.8681706651,42822,18323.63410242328
2023-01-02 20:52:06.705843,214064.04300521218,214416.12171132202,211509.96345947083,213303.6382643835,29587,18287.348959566487
2023-01-03 20:52:06.705843,211076.5352077645,213562.67077219745,208634.52882136928,210901.51816221987,23060,18081.40587810527
2023-01-04 20:52:06.705843,208923.9472330309,211260.80012357255,206446.25691971398,209999.28024915938,45176,18004.053519303787
2023-01-05 20:52:06.705843,215622.8683167472,220044.8980414574,213871.75620824337,215910.96198083175,46971,18510.884943486948
2023-01-06 20:52:06.705843,211877.06686014374,214187.37540869502,210518.49773356805,212450.59402258391,16143,18214.21416517352
2023-01-07 20:52:06.705843,218926.77944057176,218926.77944057176,216481.42533627627,218191.32584981516,16570,18706.38939041625
2023-01-08 20:52:06.705843,214384.7097035688,215392.4846215082,213685.08254440333,214192.134840461,29525,18363.523220204133
2023-01-09 20:52:06.705843,213389.52272184435,217964.5369154207,212464.4541849766,213849.58263995542,24383,18334.15489025681
2023-01-10 20:52:06.705843,212472.71575375437,213723.94146133334,209933.19838574706,213056.86089823465,43442,18266.191777969365
2023-01-11 20:52:06.705843,207987.88881113922,212921.91106230897,207987.88881113922,210764.40096858123,11626,18069.650288801546
2023-01-12 20:52:06.705843,207150.67462412422,209713.3843592374,206352.5802885467,208345.22912785833,15629,17862.24529559828
2023-01-13 20:52:06.705843,210841.48038413102,211722.81006930827,209599.43987625474,211604.26869369313,18606,18141.655409267245
2023-01-14 20:52:06.705843,213714.10004841757,215064.73377335476,213714.10004841757,214986.1300304188,14270,18431.595510152503
2023-01-15 20:52:06.705843,209327.8593119528,211328.2903885841,207719.34322254456,209750.28636545365,23781,17982.706307051925
2023-01-16 20:52:06.705843,213968.88242024265,215277.58967769815,212142.28556045739,213819.71576467776,34146,18331.594287095144
2023-01-17 20:52:06.705843,212672.52504538224,212672.52504538224,209581.3295387698,212388.04466306337,39383,18208.85156576332
2023-01-18 20:52:06.705843,211996.45133800348,214434.14602092918,211996.45133800348,213915.03431507634,32829,18339.766316450303
2023-01-19 20:52:06.705843,209333.3513954278,212186.23062357743,208497.5833771745,210014.04680839807,7952,18005.31951375155
2023-01-20 20:52:06.705843,212490.63669685624,212490.63669685624,209973.5288029103,210476.869283709,35348,18044.99908125077
2023-01-21 20:52:06.705843,210763.27985710278,214701.27958727107,208279.78071076452,210105.75127172342,14819,18013.181693391925
2023-01-22 20:52:06.705843,209970.13439055462,211668.9746545168,209617.81058289748,211289.52255084147,40589,18114.671000586546
2023-01-23 20:52:06.705843,213381.03979147537,213381.03979147537,209879.1756117138,212639.0429690111,22560,18230.370624915216
2023-01-24 20:52:06.705843,211072.62198000803,211072.62198000803,207569.52050148408,208930.79494745695,8519,17912.448126496653
2023-01-25 20:52:06.705843,210276.94815221927,212273.87724035312,210275.20142584413,211794.9224849092,16290,18158.00089891197
2023-01-26 20:52:06.705843,207631.09068124008,208140.9054990762,206038.80811383046,207232.21085423764,28971,17766.82191823025
2023-01-27 20:52:06.705843,206103.2473270339,207276.11701286366,204595.46263749627,206407.9512611303,7045,17696.154943512545
2023-01-28 20:52:06.705843,212892.1034498786,214013.44040596462,211775.77376344157,212676.30199017216,39074,18233.56498544
2023-01-29 20:52:06.705843,211962.80119539803,212458.27325133132,208635.6292425825,211235.61183668431,18031,18110.049025778833
2023-01-30 20:52:06.705843,214236.0734616474,216082.60471272856,212591.89359289836,213411.42239266992,6803,18296.58971130572
2023-01-31 20:52:06.705843,213863.4636428075,215727.96268101217,210527.40089242463,212934.5075025264,33187,18255.70194637572
2023-02-01 20:52:06.705843,215402.63321249431,216941.88525840174,213564.86090343996,214554.30706460605,26935,18394.573650943592
2023-02-02 20:52:06.705843,216718.16601227864,220349.66955808844,216179.9232179853,218082.64879899388,11949,18697.072084961754
2023-02-03 20:52:06.705843,216492.00530231564,217522.02380632915,214252.01961754943,215828.38597620887,21694,18503.805382048085
2023-02-04 20:52:06.705843,218830.09538604046,219161.61560309492,214911.35139461228,217747.55824038302,18771,18668.34347054038
2023-02-05 20:52:06.705843,211063.60307320795,214576.57987660708,209576.4059619063,212413.67187181325,13877,18211.048685855047
2023-02-06 20:52:06.705843,210963.66856685127,212574.576357192,209835.24363760912,211421.09251600853,48558,18125.951004458893
2023-02-07 20:52:06.705843,219386.98757876534,219386.98757876534,216580.51564476895,217495.01040609396,19747,18646.69156430847
2023-02-08 20:52:06.705843,215841.15193624672,219575.73725932295,215435.86957285396,215888.73793339005,30678,18508.97958962535
2023-02-09 20:52:06.705843,218807.68966042847,219639.34726796258,217760.14454245332,219163.4964819869,21807,18789.737352708067
2023-02-10 20:52:06.705843,218079.0817942811,218079.0817942811,215868.3372770655,216148.7353908287,42748,18531.27018096954
2023-02-11 20:52:06.705843,220380.61138850878,223699.47157271067,219404.4055432283,221132.07656932445,43638,18958.51136568282
2023-02-12 20:52:06.705843,218899.5335910538,218899.5335910538,214977.02886505003,217285.43128509057,44892,18628.723532672375
2023-02-13 20:52:06.705843,220095.6401568063,220095.6401568063,219137.42839317882,219375.0532058019,42581,18807.874931910315
2023-02-14 20:52:06.705843,220524.02620785392,220524.02620785392,218435.7534957856,219171.6810606668,31703,18790.439048411077
2023-02-15 20:52:06.705843,221050.11672947387,221882.78883473467,219306.3433547982,220397.5861032244,42145,18895.540646709913
2023-02-16 20:52:06.705843,215072.52747151762,218134.93574744617,215072.52747151762,216175.775220794,27356,18533.5884105619
2023-02-17 20:52:06.705843,217812.3015335054,219450.27894092357,216390.14795105046,217052.65652698727,41928,18608.766849021544
2023-02-18 20:52:06.705843,223616.6325456862,227559.7748084701,221802.1977695628,223279.10255189275,13056,19142.584237988063
2023-02-19 20:52:06.705843,222562.38148996836,224127.3426549708,221159.33793674788,222694.06761150746,28227,19092.426921425536
2023-02-20 20:52:06.705843,216087.73025875818,216484.88628752294,214637.39165142045,214884.0903618102,37569,18422.847253241616
2023-02-21 20:52:06.705843,216690.20837185468,218091.14161229378,213154.72817015494,215787.70494419275,9526,18500.31763924835
2023-02-22 20:52:06.705843,217266.0293863835,219475.88912758415,216758.25876914116,218348.922270529,11894,18719.90074335811
2023-02-23 20:52:06.705843,216551.09805205,220409.65855930018,215118.05529149255,217491.1575639921,45961,18646.361245198226
2023-02-24 20:52:06.705843,218971.26335505926,218971.26335505926,216890.21758630307,218129.88649953637,41418,18701.121956407438
2023-02-25 20:52:06.705843,220154.56256442473,220936.07912799975,218971.28913412814,219343.41516756095,32721,18805.162480072097
2023-02-26 20:52:06.705843,217234.89699514385,218984.4856012445,215302.01851437724,217096.66135035604,25726,18612.539553357
2023-02-27 20:52:06.705843,217862.01261789113,220391.24287137145,217862.01261789113,219354.1195758644,19150,18806.08021055079
2023-02-28 20:52:06.705843,217647.76728184026,220885.97946580715,214953.5955453159,217692.15799066087,39741,18663.59379206626
2023-03-01 20:52:06.705843,221296.53408879263,221296.53408879263,218918.9636904537,219994.27641253677,7042,18860.96334126687
2023-03-02 20:52:06.705843,218359.86126682613,219273.2326533013,217039.91696639717,217739.01941284258,43333,18667.611403707353
2023-03-03 20:52:06.705843,219881.95135421207,220735.23977352382,216215.07749368664,217993.5103832528,39967,18689.42990254225
2023-03-04 20:52:06.705843,218821.17062164267,220016.21345886454,218286.59838665617,218607.965013299,43518,18742.109483307526
2023-03-05 20:52:06.705843,219883.3598999179,221407.1710945111,219883.3598999179,220460.12998942626,15906,18900.90277687125
2023-03-06 20:52:06.705843,224692.55539100914,225145.50017286793,222269.54179768148,224049.3248306885,13277,19208.618383975354
2023-03-07 20:52:06.705843,220684.45193801113,221746.40439453392,219706.4718023559,220980.06029716178,27191,18945.478420538562
2023-03-08 20:52:06.705843,220761.69561826577,223464.34324420616,216166.62310416205,220640.66109152487,32691,18916.38040908135
2023-03-09 20:52:06.705843,219572.85181207853,222389.33590884286,218070.59715584604,219639.03093793517,28689,18830.50676765562
2023-03-10 20:52:06.705843,223555.83777984302,224038.09367167664,223165.84395638178,223711.1168729943,17750,19179.62250282873
2023-03-11 20:52:06.705843,218706.24358297314,221326.55262762133,217748.92009593378,219541.13946995948,21657,18822.114152088434
2023-03-12 20:52:06.705843,220310.41505634176,222641.51595775303,220310.41505634176,220846.11600269796,43461,18933.994856198384
2023-03-13 20:52:06.705843,220534.47852036817,222940.42255181112,218480.11403689632,221732.48708305042,24834,19009.986889836284
2023-03-14 20:52:06.705843,221754.37705907048,222785.3737276856,219068.84269838454,221582.1911741524,48175,18997.101438113204
2023-03-15 20:52:06.705843,225072.92688443515,225300.6887458025,223876.7037281004,224091.47367218853,48622,19212.231967780222
2023-03-16 20:52:06.705843,215911.52039744722,217616.71608022004,213157.1000832406,215519.35335419624,18672,18477.31081568898
2023-03-17 20:52:06.705843,220552.13665590796,220552.13665590796,217447.85847880656,218647.83227953617,39037,18745.52745880797
2023-03-18 20:52:06.705843,221334.4903830991,221334.4903830991,220050.71360211732,220654.35161428837,16548,18917.554150744887
2023-03-19 20:52:06.705843,225162.37950426684,225162.37950426684,221915.71489123954,223011.56406388068,29703,19119.647124818304
2023-03-20 20:52:06.705843,219395.53245298006,224005.90771613875,219395.53245298006,221718.5330436034,7602,19008.79055586449
2023-03-21 20:52:06.705843,220156.31446883988,221839.65988527137,217367.98178734886,220343.06529576526,12591,18890.86636623502
2023-03-22 20:52:06.705843,221392.34987152455,224945.51267087812,219772.3150887972,221512.59863366908,36581,18991.134999457227
2023-03-23 20:52:06.705843,219224.00044523744,222985.89237716622,219224.00044523744,221705.18388033035,26302,19007.646080275237
2023-03-24 20:52:06.705843,224215.5275310506,224295.4327742152,221808.3085128513,223450.9066330782,22142,19157.313668816718
2023-03-25 20:52:06.705843,222068.1948467018,222570.99408893302,219657.61506425214,221439.34424951347,23253,18984.854616727836
2023-03-26 20:52:06.705843,223479.41989399324,226002.50288653234,221649.92273007522,224126.48610852796,34097,19215.233719866937
2023-03-27 20:52:06.705843,222206.65502316845,223527.3159516631,218726.11195580114,220982.73521792467,46232,18945.707751879687
2023-03-28 20:52:06.705843,217964.55321482592,220983.80211325947,215535.30209693845,217739.43068932788,24220,18667.646664037027
2023-03-29 20:52:06.705843,223098.72749176488,223098.72749176488,219995.0169470698,222394.31891155103,17750,19066.728301744773
2023-03-30 20:52:06.705843,230978.66246848187,230978.66246848187,226382.3571119612,227115.8813183448,13785,19471.526176126954
2023-03-31 20:52:06.705843,222170.8358074911,224191.65603743572,221839.7582746107,222558.54933730117,39012,19080.8084136918
2023-04-01 20:52:06.705843,220033.6798652295,222001.6232674304,218345.57055434765,219765.47530734856,34348,18841.34733430629
2023-04-02 20:52:06.705843,223578.29160627566,225165.3597907086,222557.93682248166,223337.66812383648,24935,19147.605291824115
2023-04-03 20:52:06.705843,220729.16146285046,223765.141945926,219619.16452573598,221255.17687567952,17528,18969.06523282575
2023-04-04 20:52:06.705843,221141.52257952074,222970.29544802164,220473.8815009976,220604.5716218838,34469,18913.28631874861
2023-04-05 20:52:06.705843,216026.04541460966,219525.86277074495,216026.04541460966,217607.60982111946,14612,18656.345149272933
2023-04-06 20:52:06.705843,219835.90727419948,222293.04971241023,219141.0131655238,220936.84787740727,17083,18941.77365204109
2023-04-07 20:52:06.705843,219951.5041083365,221146.2039860637,219632.24789982548,220285.74844077136,26857,18885.95236975063
2023-04-08 20:52:06.705843,219149.92707417544,219375.1351495732,215742.20653575636,217959.83457869047,12665,18686.542745086634
2023-04-09 20:52:06.705843,221351.7043617927,225912.1269314334,221351.7043617927,222362.29756620547,21669,19063.98298750047
2023-04-10 20:52:06.705843,219022.4147822938,220211.14260492576,216460.7415559179,219992.8776533644,26730,18860.843420212997
2023-04-11 20:52:06.705843,219924.48724376116,220950.54270306427,218049.82035489226,219833.6078914011,49508,18847.18860522986
2023-04-12 20:52:06.705843,223646.68035555707,225288.5782115596,219566.3903525066,222975.04496978637,15477,19116.516201113373
2023-04-13 20:52:06.705843,222204.7477487628,222204.7477487628,219067.58408435457,220718.08456225993,19204,18923.018223787716
2023-04-14 20:52:06.705843,222667.23639771726,225462.70185808005,221257.92910672614,222617.95754759718,35035,19085.901710184942
2023-04-15 20:52:06.705843,222700.10223467663,223722.90557314202,220101.66231588417,222927.7267806392,24888,19112.45942906715
2023-04-16 20:52:06.705843,224166.3800238156,225075.526467092,222577.57357645364,224605.95545341435,7096,19256.340488118516
2023-04-17 20:52:06.705843,223664.35058717764,224556.02679396584,221038.59035170876,222834.33973830828,34045,19104.4529953968
2023-04-18 20:52:06.705843,219508.91267093254,221371.4377536329,219508.91267093254,220210.41248595456,26533,18879.493525887738
2023-04-19 20:52:06.705843,223596.28939805776,224175.93004724226,223019.3413893073,223431.30146319396,42435,19155.63284149468
2023-04-20 20:52:06.705843,221263.41314518466,221263.41314518466,218838.33618196825,220421.4168577224,20260,18897.583749804733
2023-04-21 20:52:06.705843,218934.61210319074,221655.7228466199,218079.04504152597,220763.9002119245,38794,18926.946177291196
2023-04-22 20:52:06.705843,220098.21343436645,222789.51813299244,219125.6581411883,220697.29044692256,38823,18921.235463556462
2023-04-23 20:52:06.705843,222453.34207840907,223771.5554614004,220787.0369929357,222389.5943776434,35730,19066.32324911209
2023-04-24 20:52:06.705843,220038.39714671657,222873.85232013476,219186.79748231985,220935.81869968362,37811,18941.685416639542
2023-04-25 20:52:06.705843,217921.5279056475,219991.90816229963,217921.5279056475,218960.99448379848,20027,18772.376070284507
2023-04-26 20:52:06.705843,217477.5514654479,218205.06716933762,216136.75235842454,216867.45705153717,36045,18592.888979041254
2023-04-27 20:52:06.705843,220206.31252551574,221364.09245890396,217931.04791194774,219607.56330410554,49050,18827.808925249105
2023-04-28 20:52:06.705843,219510.77755424837,221044.4487126137,217532.27019236717,218818.51081941064,11813,18760.16039261065
2023-04-29 20:52:06.705843,221812.00651740903,221848.2537870916,218211.42636399972,220397.189459494,22592,18895.50664090312
2023-04-30 20:52:06.705843,217097.888803355,218406.15151640412,215277.10941210657,217467.06241539304,31939,18644.295474570736
2023-05-01 20:52:06.705843,219757.45726166794,219757.45726166794,219211.63949227685,219698.4815173379,31085,18835.603696616763
2023-05-02 20:52:06.705843,220835.2125730162,222016.9881498373,219364.85277839578,220749.44047898072,8302,18925.706488252807
2023-05-03 20:52:06.705843,218425.49723995395,219370.97964544818,216476.3304068599,219175.0920040473,34525,18790.731481828472
2023-05-04 20:52:06.705843,214560.29062690004,214972.79047489126,213254.50649720407,214812.1035516263,32916,18416.67554454958
2023-05-05 20:52:06.705843,219208.7515062905,219316.24920235074,217911.02252419875,218736.78517899726,40513,18753.15373619661
2023-05-06 20:52:06.705843,216152.29820683182,218626.88400793332,214030.02603159397,216536.71246151745,47823,18564.532961378383
2023-05-07 20:52:06.705843,214607.07667830016,214676.25028484722,213630.64983203122,214428.63219688553,17849,18383.799056660282
2023-05-08 20:52:06.705843,216159.14406700508,218808.21266016443,213291.27383140844,216397.6689171569,8960,18552.61221854912
2023-05-09 20:52:06.705843,215165.6085038265,215831.53167550795,213888.14388154162,215649.56122342683,20372,18488.474041788995
2023-05-10 20:52:06.705843,214408.11868690423,219336.6521405171,214408.11868690423,215166.04964744672,35035,18447.02071737369
2023-05-11 20:52:06.705843,215068.64711394906,217458.99995087943,212609.28436203647,216061.9731045111,23559,18523.83171334972
2023-05-12 20:52:06.705843,214211.4632725115,216930.95910353799,214211.4632725115,215334.2200553349,40736,18461.438619284545
2023-05-13 20:52:06.705843,220851.33864298137,222340.17471234532,218912.05025936558,219769.34973467747,40884,18841.67950400184
2023-05-14 20:52:06.705843,216537.04129896432,219755.48229316148,216537.04129896432,218679.87928611494,26068,18748.274973089417
2023-05-15 20:52:06.705843,215652.17401506248,217628.08885124407,214316.52049748204,216343.771669223,35697,18547.991398253
2023-05-16 20:52:06.705843,217686.14236179553,219924.74026072238,214888.6430258388,218116.71870584227,7073,18699.99303033627
2023-05-17 20:52:06.705843,218614.02842469374,221646.02530247511,215232.28292036513,217947.26948057918,28326,18685.465490447463
2023-05-18 20:52:06.705843,219628.3261400695,221929.40665387677,219044.1355108503,219671.53730824369,26857,18833.29366497288
2023-05-19 20:52:06.705843,219262.326381785,221437.96019188265,217546.67741468674,220101.3191581837,27810,18870.14053139435
2023-05-20 20:52:06.705843,216190.69147788084,219955.29755654334,215703.0666142221,216501.67408669187,18584,18561.528985484558
2023-05-21 20:52:06.705843,221066.19413214616,223624.313018687,217904.12865042684,219907.32830903653,31619,18853.508942818633
2023-05-22 20:52:06.705843,216979.0313126267,220046.5451084429,215466.98463189864,217284.1701692439,36367,18628.61541231515
2023-05-23 20:52:06.705843,217020.34134433256,218648.73229463195,215111.7993427697,217277.1882574455,29525,18628.01682591268
2023-05-24 20:52:06.705843,219430.7539486617,220149.1804726863,218635.30267840723,219609.6933739381,17211,18827.991544404842
2023-05-25 20:52:06.705843,221644.34720827578,222276.2634278429,217970.4709768758,221686.29174846824,44966,19006.02638447087
2023-05-26 20:52:06.705843,224205.3291502633,224205.3291502633,222390.49310140248,222776.8064937146,18733,19099.52044699199
2023-05-27 20:52:06.705843,220873.1797069347,223348.47657218098,220378.3858237356,223043.95877594565,40113,19122.424449240883
2023-05-28 20:52:06.705843,217289.97547326787,219527.1885837386,217054.38257449973,218070.1687963848,45173,18696.00212589033
2023-05-29 20:52:06.705843,224128.12212204444,224128.12212204444,221632.9013044621,222281.1175925239,41055,19057.02311321364
2023-05-30 20:52:06.705843,222735.0513483951,226085.88921574515,221009.19611956534,223298.4187622097,28702,19144.240291684648
2023-05-31 20:52:06.705843,220314.96540726704,221115.89553309834,218027.5080901669,219473.59432866907,41405,18816.32324491333
2023-06-01 20:52:06.705843,224827.2417315919,226996.23949819506,222330.35277399357,224430.1991136685,32597,19241.27221482069
2023-06-02 20:52:06.705843,222938.4754790574,222938.4754790574,217919.07618840394,220402.84416709715,42659,18895.991440937683
2023-06-03 20:52:06.705843,218090.92162513806,220746.17642048193,215466.12902173048,218116.72269194765,33671,18699.99337208056
2023-06-04 20:52:06.705843,214193.48934421534,214193.48934421534,213359.68118983318,213819.3735559276,16570,18331.56494821053
2023-06-05 20:52:06.705843,218843.72002935392,220360.66028716436,218352.13937693497,218686.63836340318,47436,18748.85445502428
2023-06-06 20:52:06.705843,216875.5152984144,217226.32609211953,215004.63125532863,215324.74635568762,5389,18460.626402236594
2023-06-07 20:52:06.705843,218722.13377422933,221588.92344671258,218722.13377422933,220297.38988034907,16269,18886.95043555805
2023-06-08 20:52:06.705843,211332.04277741382,213190.5938965647,211332.04277741382,212202.86501040257,17651,18192.97539526771
2023-06-09 20:52:06.705843,217801.5104361364,219531.76044769344,216351.44078384314,217916.79501237706,5294,18682.852795985687
2023-06-10 20:52:06.705843,218775.39386175317,220162.06960344812,215867.80277794675,217959.45990222323,24751,18686.51062261859
2023-06-11 20:52:06.705843,215682.02349828323,215682.02349828323,213881.29206406444,214698.8723913874,37717,18406.967797615518
2023-06-12 20:52:06.705843,215774.4387881567,215844.31681648825,214563.41098060677,215371.77850417228,15651,18464.658650906404
2023-06-13 20:52:06.705843,219016.04461298784,219016.04461298784,215409.07927721608,216741.93347619247,34273,18582.127355640645
2023-06-14 20:52:06.705843,217701.12228266426,219056.13574675267,215466.38325094178,217359.4901361972,48619,18635.07288547644
2023-06-15 20:52:06.705843,213809.9946968524,215780.2888657136,212465.85002589002,214406.91245435024,46344,18381.936938816038
2023-06-16 20:52:06.705843,213292.01898861566,216249.0538407569,213169.86009458065,215108.49237020392,39169,18442.086108556578
2023-06-17 20:52:06.705843,209773.41815810982,211815.15139838512,208927.80008581787,210959.46964425273,19798,18086.37428362935
2023-06-18 20:52:06.705843,212588.39917133775,213643.11664128365,210588.95705336053,212382.31795407739,27651,18208.360592770696
2023-06-19 20:52:06.705843,212981.2060441284,214535.65248878556,212981.2060441284,214083.1966776689,26105,18354.18352860673
2023-06-20 20:52:06.705843,214608.6515919843,215221.80583461357,212352.13972289895,214393.28503749854,47301,18380.768607467297
2023-06-21 20:52:06.705843,214693.2496586868,217128.26900754418,212237.51314036845,213924.83502323343,29850,18340.606569207255
2023-06-22 20:52:06.705843,210914.32013758525,213168.5726835357,210914.32013758525,211759.48414835328,8874,18154.962632746337
2023-06-23 20:52:06.705843,211969.01333466216,214346.78129445258,210785.4600992742,211646.44788342138,22559,18145.271594943533
2023-06-24 20:52:06.705843,211202.9455251134,211202.9455251134,209080.91964741517,209625.42544644163,27755,17972.00149575117
2023-06-25 20:52:06.705843,209245.52256472036,210267.65126453358,206630.06893577983,207602.06526873933,35334,17798.53097297148
2023-06-26 20:52:06.705843,211412.90643444922,211418.15782833172,209847.3058628165,209906.4446734763,43950,17996.094365009973
2023-06-27 20:52:06.705843,208617.461477074,209816.29218401623,207176.8833260253,208229.79458202893,46837,17852.348643863934
2023-06-28 20:52:06.705843,203935.18263837494,204563.3486709075,202573.22467021472,202888.01275708844,11304,17394.376951053535
2023-06-29 20:52:06.705843,206425.78258715244,208514.28613305496,204709.25248210333,206754.45613450347,5835,17725.8621514492
2023-06-30 20:52:06.705843,202607.68783841043,203061.82736717738,201224.94718296232,202287.35502515314,48211,17342.880231923282
2023-07-01 20:52:06.705843,201648.625757883,207198.6365107819,200160.23261970968,203006.4969108425,46525,17404.535057513935
2023-07-02 20:52:06.705843,208171.07346370097,209347.67135262286,205356.20412662838,208078.29843608168,44387,17839.360291159268
2023-07-03 20:52:06.705843,206326.4734892094,207270.39438993772,203696.54455401874,206311.37185254556,47065,17687.874815890395
2023-07-04 20:52:06.705843,203581.94655003102,206563.26540842315,203534.41620998198,205407.4466946799,17147,17610.37780304183
2023-07-05 20:52:06.705843,205476.87361814096,207337.69739181327,205476.87361814096,206010.45330011746,9724,17662.07590021583
2023-07-06 20:52:06.705843,206090.13241779528,207926.77589797304,205239.21168680344,207331.91629098094,12634,17775.370052381768
2023-07-07 20:52:06.705843,203992.5938962984,206692.43285913812,202347.0056551536,205010.36789509322,18780,17576.33469608138
2023-07-08 20:52:06.705843,205732.04548088432,205732.04548088432,203578.95133540142,205188.34803212038,48782,17591.59362415298
2023-07-09 20:52:06.705843,206399.41245947217,209378.51884766854,206399.41245947217,207951.51804234556,20464,17828.490915838953
2023-07-10 20:52:06.705843,207750.93275611036,208573.28586894105,205690.4872408908,207625.27122321224,10403,17800.520509534657
2023-07-11 20:52:06.705843,204278.06361797868,207747.1095221342,204278.06361797868,206169.4679601791,10486,17675.708844322628
2023-07-12 20:52:06.705843,204981.5212374021,207611.28824239582,203496.64090582528,204456.22315198855,7087,17528.825716048403
2023-07-13 20:52:06.705843,203078.2051958168,207558.11768303846,202021.26792736378,203454.70756680463,36197,17442.96189701686
2023-07-14 20:52:06.705843,200734.87945783854,203269.00215971097,200734.87945783854,200867.21349351387,12832,17221.12598538356
2023-07-15 20:52:06.705843,201735.31779848353,205640.2093891168,201363.06486380403,203689.54351618592,29089,17463.09529459756
2023-07-16 20:52:06.705843,205889.8861751464,206875.78067506253,204483.97466153654,205255.93350643595,18625,17597.387989234907
2023-07-17 20:52:06.705843,207038.1610348349,207705.88748513695,206714.23013528355,207313.96715102697,20958,17773.831202934412
2023-07-18 20:52:06.705843,202388.48287848468,204276.91686252726,201171.40084146656,202240.8409638847,14769,17338.89240088175
2023-07-19 20:52:06.705843,204091.4233766899,204443.96347944147,203307.28439101318,203493.4908883564,21253,17446.286941731516
2023-07-20 20:52:06.705843,204072.2329531335,206597.20161960094,203994.699667309,204740.37262444815,20179,17553.186953399192
2023-07-21 20:52:06.705843,209410.3118821947,210726.5359910433,206129.13089482134,208797.5602047486,49022,17901.025394782973
2023-07-22 20:52:06.705843,209400.84048261103,210861.7350791493,208252.5669471383,209141.10885998374,44993,17930.47915466253
2023-07-23 20:52:06.705843,205344.25285096886,206382.9962703496,204317.0393004527,205941.0947374134,30503,17656.12952138318
2023-07-24 20:52:06.705843,205830.10983275293,209563.43817458843,205820.99653140182,206143.0350216145,38062,17673.442645886014
2023-07-25 20:52:06.705843,203025.24578104675,203625.87383884354,201477.2654813194,201581.56551419705,28199,17282.370157252833
2023-07-26 20:52:06.705843,205285.37063113198,207549.96681977747,202946.00794843995,204779.28121590175,41541,17556.522737988835
2023-07-27 20:52:06.705843,206587.64081636962,206587.64081636962,202527.8532032238,205241.34081386327,46700,17596.136901051377
2023-07-28 20:52:06.705843,203465.663207243,206557.9881508918,203465.663207243,204151.3087811118,42637,17502.684223346347
2023-07-29 20:52:06.705843,204437.73411841356,207053.25403899577,204437.73411841356,205659.93359147295,6668,17632.02448486565
2023-07-30 20:52:06.705843,204682.74708247534,204920.59736962517,204002.06830343133,204911.2591851784,13903,17567.83772163738
2023-07-31 20:52:06.705843,207574.11890126232,208614.23363905182,206571.42634224563,208443.12873933738,14120,17870.638609339625
2023-08-01 20:52:06.705843,206189.31182027375,207796.3477442916,204467.41503002128,206041.87068351317,31649,17664.769434457576
2023-08-02 20:52:06.705843,202423.40986483416,206647.7883548077,202423.40986483416,204206.5130292525,32888,17507.41709784401
2023-08-03 20:52:06.705843,207143.20451081035,209117.8093634226,204284.13112263376,206763.02448266128,17345,17726.596749199354
2023-08-04 20:52:06.705843,213208.46519684637,214548.61913378525,213208.46519684637,213367.52383617876,39860,18292.826117642213
2023-08-05 20:52:06.705843,209132.56510152487,211784.90602128548,208618.18810610817,209371.85479202203,42009,17950.261899178844
2023-08-06 20:52:06.705843,207980.3550891986,210316.56892872628,206764.94581670413,209136.43224389604,23545,17930.078210210566
2023-08-07 20:52:06.705843,211548.70148381553,212535.281189613,210211.45855523393,211875.27669456493,36880,18164.889977243223
2023-08-08 20:52:06.705843,208130.13548387098,209063.3837560718,205648.8345733143,207343.55766171205,27185,17776.3681122867
2023-08-09 20:52:06.705843,210884.14106263133,212014.59600003558,209257.34132948657,210416.62498845352,46992,18039.83410394835
2023-08-10 20:52:06.705843,210476.82745004303,212570.3995724218,208459.2053717039,211389.43226935656,6385,18123.236648607388
2023-08-11 20:52:06.705843,211346.58935133013,214724.36686095665,211346.58935133013,212427.80807397247,33053,18212.26063734332
2023-08-12 20:52:06.705843,211686.2815288165,211954.8031905723,208279.1910907113,210631.37680078106,34483,18058.245610492202
2023-08-13 20:52:06.705843,215685.49709565114,216954.2200944021,213546.83921241364,215620.23557483952,40180,18485.959840092553
2023-08-14 20:52:06.705843,211856.95665754488,214167.45789582946,209864.9547764327,212281.95300152752,8480,18199.75591576882
2023-08-15 20:52:06.705843,212014.04224480738,212285.60341416768,210922.980177335,211383.6899122943,33505,18122.744334044437
2023-08-16 20:52:06.705843,207677.65686980868,209796.76528524797,207030.3269753627,208233.02273770372,9981,17852.62540618173
2023-08-17 20:52:06.705843,211621.41378636536,214238.97207925835,210755.817396529,212580.02322606323,11984,18225.310633235873
2023-08-18 20:52:06.705843,215980.58371626894,219307.0562653598,213709.0178412699,215596.8509044292,29422,18483.954981518276
2023-08-19 20:52:06.705843,212318.25411959927,214854.50991429784,211401.15101753303,212908.60798040812,31836,18253.481479801794
2023-08-20 20:52:06.705843,215147.7535583633,217973.3329735947,214215.5609907973,215182.30161726268,20235,18448.41406183665
2023-08-21 20:52:06.705843,214448.59963411206,215633.68489428092,213708.11857037156,214562.19173086295,26581,18395.24963399031
2023-08-22 20:52:06.705843,208700.40676473617,212637.1091403961,205878.78599226155,209744.26065401122,38376,17982.189699417973
2023-08-23 20:52:06.705843,211510.33511737557,215027.40983400916,210144.41876315785,210878.41442554077,44934,18079.425105070368
2023-08-24 20:52:06.705843,216402.45214869754,218705.97164627802,211229.76385901606,215599.86424544625,6947,18484.21332694155
2023-08-25 20:52:06.705843,213138.4864567481,215730.29363121523,212964.11237031865,214012.92921312232,15543,18348.159226090735
2023-08-26 20:52:06.705843,213647.33599507858,216957.13143833735,213030.6033438044,213684.78739977887,9267,18320.026354576377
2023-08-27 20:52:06.705843,216709.84404587446,218802.8351736885,215519.36081553044,216898.41842623847,32387,18595.543417887387
2023-08-28 20:52:06.705843,215801.30420533931,217072.18179300442,213787.84564196947,214465.46097234613,46258,18386.95653055094
2023-08-29 20:52:06.705843,210976.19932487005,211359.97015295757,208957.37965710866,211139.13382202858,37562,18101.777591051832
2023-08-30 20:52:06.705843,214817.7223603811,216054.22312873683,211833.28980332654,214397.4205234911,48734,18381.12315873552
2023-08-31 20:52:06.705843,212380.06079704314,214465.3434939614,212078.2204999569,213213.2558170568,33933,18279.60012148978
2023-09-01 20:52:06.705843,211403.1362727692,213091.3934166509,208671.91766067554,210960.32402180383,5854,18086.447532733524
2023-09-02 20:52:06.705843,212218.32830099732,215903.1469543518,211049.27796846195,212785.76571867493,6153,18242.94973582604
2023-09-03 20:52:06.705843,218948.46014772757,218948.46014772757,218136.5304133075,218269.72547467332,27554,18713.11089460505
2023-09-04 20:52:06.705843,213124.33801479504,214762.44918655482,213124.33801479504,214321.72031438153,8737,18374.63308593806
2023-09-05 20:52:06.705843,214975.47152164727,216929.48050952688,212793.93625431455,213953.45554259775,46485,18343.060317438078
2023-09-06 20:52:06.705843,209376.96012813775,212870.82667427816,208237.62717047177,209949.94872895183,14943,17999.824136569943
2023-09-07 20:52:06.705843,210666.91585098757,213872.35386390568,208186.4681335674,211596.08464246226,44708,18140.953758784486
2023-09-08 20:52:06.705843,208537.93307049735,208739.909608956,207966.83266647748,208254.36038377075,9094,17854.454765412444
2023-09-09 20:52:06.705843,211112.99284017488,212126.5032496026,211112.99284017488,211553.5437032191,46899,18137.30655891796
2023-09-10 20:52:06.705843,214335.61343908968,214335.61343908968,211462.8580150231,212134.9792645978,46900,18187.155286745354
2023-09-11 20:52:06.705843,206047.6809535529,210251.0094100508,206047.6809535529,208460.1020483348,21878,17872.09379701087
2023-09-12 20:52:06.705843,209870.89693156385,211216.40380478723,207251.487264404,210072.30004849605,12808,18010.313790165987
2023-09-13 20:52:06.705843,206657.39275942626,210847.87514467377,206657.39275942626,209063.22392705365,5297,17923.801777010773
2023-09-14 20:52:06.705843,211725.19789818453,213593.77048404232,211541.4318619316,212597.26518838448,26601,18226.788853599493
2023-09-15 20:52:06.705843,206442.44319843085,211203.86658147388,206442.44319843085,208949.76307688945,5452,17914.07433786775
2023-09-16 20:52:06.705843,209522.7265298801,211712.4444109844,209522.7265298801,211043.8698921971,48926,18093.61024452993
2023-09-17 20:52:06.705843,202847.3536993193,205498.92744890833,200059.71502020195,203249.1735985868,43516,17425.34067203248
2023-09-18 20:52:06.705843,206319.3257253074,208320.83672322007,206319.3257253074,206603.71804504786,37675,17712.93878987036
2023-09-19 20:52:06.705843,206124.14238655244,209072.7565741457,205900.57376270852,206398.7001120012,32936,17695.361806584468
2023-09-20 20:52:06.705843,205098.3863478904,208129.21316379297,205098.3863478904,205837.06558487593,31503,17647.210698291834
2023-09-21 20:52:06.705843,206410.34611240728,206462.47775068867,205354.08294257114,205429.87024410002,41026,17612.300260982513
2023-09-22 20:52:06.705843,207511.04878242334,211684.89420151716,207511.04878242334,209172.23800950244,38589,17933.147977495064
2023-09-23 20:52:06.705843,207120.87313157402,209830.6405825878,206475.4377377518,207966.60581309217,17255,17829.784448996244
2023-09-24 20:52:06.705843,209333.28960033943,211418.6814789746,207581.72591697567,210117.0393022468,27475,18014.14946006917
2023-09-25 20:52:06.705843,205523.96466730093,206860.78851177025,203913.12087231514,205313.07612700708,35896,17602.28704792585
2023-09-26 20:52:06.705843,206935.6001887244,208331.88914583027,206935.6001887244,207482.02701281128,44466,17788.239627298633
2023-09-27 20:52:06.705843,203811.62959128563,206928.82301149075,203811.62959128563,205761.67057729178,22080,17640.746791605947
2023-09-28 20:52:06.705843,201087.87632060048,203434.2799531454,199899.70850280544,202538.48205691058,39376,17364.410327238562
2023-09-29 20:52:06.705843,203251.89325723305,203876.18095610995,200053.78523017152,202458.6555558377,13573,17357.566491412697
2023-09-30 20:52:06.705843,199796.27297501135,203447.7446194447,199796.27297501135,200984.7702862975,41821,17231.204585587922
2023-10-01 20:52:06.705843,204645.08590644173,204842.25434437385,201885.33185841117,203887.84350847467,18733,17480.09632274303
2023-10-02 20:52:06.705843,204301.0360722518,206012.5812987002,202808.9836529794,204115.5473968659,37035,17499.618261048174
2023-10-03 20:52:06.705843,205263.33697595057,206399.19161311514,202118.86317041717,204241.3312079385,12895,17510.402195467977
2023-10-04 20:52:06.705843,205039.58482499688,206313.5023994069,203740.08726605677,204613.35196602356,9546,17542.29697925442
2023-10-05 20:52:06.705843,205816.30425442924,206217.38919549476,202963.77420737193,204963.1746401331,28237,17572.28863512801
2023-10-06 20:52:06.705843,207320.23011500319,209653.4529544875,205562.9715679321,206846.2160894325,23261,17733.72908860018
2023-10-07 20:52:06.705843,203443.02091029583,205104.47499791524,202376.38155325767,204595.4268821936,12820,17540.760192231963
2023-10-08 20:52:06.705843,206989.09557142263,209360.7776415087,204587.85224446797,206054.27305890204,24372,17665.83273824606
2023-10-09 20:52:06.705843,204321.21879407755,206972.5018738285,202918.60411250946,206111.04473910228,16862,17670.699994779003
2023-10-10 20:52:06.705843,208095.80469393494,208095.80469393494,205507.6779951516,205936.7998101893,23075,17655.76130059922
2023-10-11 20:52:06.705843,207800.96951988502,208371.02647217188,206092.4565881239,207338.46873879118,31193,17775.931819169342
2023-10-12 20:52:06.705843,208848.44842623148,211657.02520240188,207212.40374308635,208030.41128404913,39119,17835.254739716147
2023-10-13 20:52:06.705843,209627.13053040984,211647.54264433906,208638.9536803333,210599.68632118937,23884,18055.52866265341
2023-10-14 20:52:06.705843,209531.45395403606,209531.45395403606,206881.09285368872,208965.79995890675,44572,17915.449242018756
2023-10-15 20:52:06.705843,209312.3366480061,210352.1029254479,206868.54818705627,208512.92836915152,8363,17876.62280256786
2023-10-16 20:52:06.705843,202365.5019850976,204176.8115713736,201020.59521268314,202800.7837681254,33024,17386.898471204167
2023-10-17 20:52:06.705843,210151.9585726123,211320.42224880512,207346.03124220567,210114.94270098367,18019,18013.969710303812
2023-10-18 20:52:06.705843,211159.34331686675,211791.65834893507,210675.93775650792,211204.9935562133,45493,18107.424001732965
2023-10-19 20:52:06.705843,213773.87189780094,215284.15808655997,210932.6395333425,213630.8055857616,32491,18315.398284101648
2023-10-20 20:52:06.705843,214179.54620087158,217520.30434316845,213248.46891089942,215302.2843075987,39920,18458.700643655582
2023-10-21 20:52:06.705843,210064.7145835711,211771.3690768292,208977.52926533166,209683.05533109992,12685,17976.942329483874
2023-10-22 20:52:06.705843,206855.62234778723,207790.33229706847,205637.99377271408,207040.14822008152,43286,17750.355643011106
2023-10-23 20:52:06.705843,209765.2497235359,211818.54562136673,207652.47925530627,209276.90459410698,45189,17942.121450112052
2023-10-24 20:52:06.705843,208378.44733285322,209561.8201215139,206609.47363941584,207941.73619750357,19316,17827.652280307233
2023-10-25 20:52:06.705843,211601.975689615,211601.975689615,209378.45655993946,209477.87129416593,9625,17959.3511054669
2023-10-26 20:52:06.705843,213504.43035164336,213504.43035164336,209253.80537255653,211567.07768238022,24892,18138.46687949076
2023-10-27 20:52:06.705843,212584.52014685114,215148.77379066814,212584.52014685114,213614.49320624585,10221,18313.999760480612
2023-10-28 20:52:06.705843,210471.77999727946,210975.9358584919,208484.28434018375,209397.50247122213,46182,17952.460774281735
2023-10-29 20:52:06.705843,212341.73968582222,213519.45771442106,210162.26725669665,212335.9977356842,34200,18204.389380631364
2023-10-30 20:52:06.705843,214036.74105894208,214036.74105894208,210277.40567757215,211250.6866046874,23456,18111.341444160444
2023-10-31 20:52:06.705843,208335.30949138643,209739.35601942014,206971.7654246291,209117.5708165956,29016,17928.46114682747
2023-11-01 20:52:06.705843,210068.36112997597,212124.09262102266,208728.82730061776,209505.40740511232,27120,17961.71188315435
2023-11-02 20:52:06.705843,212416.9610943058,212416.9610943058,209957.47074555987,210966.35860613416,46146,18086.964901074603
2023-11-03 20:52:06.705843,206737.63967324415,212150.15357309242,206737.63967324415,208667.49039632123,42491,17889.874005171572
2023-11-04 20:52:06.705843,210735.36799663777,215948.1688255233,210735.36799663777,212779.52316967087,5667,18242.41453786616
2023-11-05 20:52:06.705843,209937.90276786158,210201.30266134138,208674.0938790036,209400.25873363414,42205,17952.697079358208
2023-11-06 20:52:06.705843,207241.41361962017,211569.90043248294,207206.95370797694,209278.74038298536,14505,17942.278839419185
2023-11-07 20:52:06.705843,215560.0277791913,215560.0277791913,212055.42965037553,214013.74522003694,34341,18348.229185531287
2023-11-08 20:52:06.705843,215539.76019802337,215607.92045515435,213043.69743776676,215428.84293365074,5525,18469.55100597143
2023-11-09 20:52:06.705843,214391.70920849752,215269.79206755786,213173.62344423038,215026.36937110513,8321,18435.045385039877
2023-11-10 20:52:06.705843,215656.20784364754,219025.5133445158,215656.20784364754,216755.40101202863,29928,18583.281979769257
2023-11-11 20:52:06.705843,214755.6473296482,217229.68084951185,210703.7999356929,213894.79784995978,22205,18338.031365737294
2023-11-12 20:52:06.705843,216905.27454747682,217356.65632356165,214111.22907237557,215474.58446441143,22432,18473.472604973544
2023-11-13 20:52:06.705843,213788.0778210203,214691.2672936217,211538.49069311036,213658.39393634995,37960,18317.763540496395
2023-11-14 20:52:06.705843,214571.57481688904,216005.12743373218,212237.87183127875,214065.77790612576,8859,18352.69014970214
2023-11-15 20:52:06.705843,217401.31735002942,218525.91353602157,216079.67866930517,217277.65722470556,49355,18628.05703229643
2023-11-16 20:52:06.705843,221361.1185461655,221361.1185461655,219216.10704071468,220222.25788784266,5209,18880.50907817581
2023-11-17 20:52:06.705843,210635.52840550747,214010.08546020894,210635.52840550747,212368.28941305593,48563,18207.157871489708
2023-11-18 20:52:06.705843,216645.90578088368,218677.89259730442,216303.96528181387,217612.58944206513,42906,18656.772071507643
2023-11-19 20:52:06.705843,217295.85534350446,217295.85534350446,214352.00491963435,215738.55330945464,36920,18496.103678794123
2023-11-20 20:52:06.705843,216381.1138062962,219762.54317029708,215720.67227954904,218044.04697120367,22501,18693.76260041184
2023-11-21 20:52:06.705843,219840.51125666112,221881.43564086757,217065.90542761338,219969.06322132825,7502,18858.801716506194
2023-11-22 20:52:06.705843,221584.6487320738,221584.6487320738,219055.404570497,220835.00836870668,11536,18933.042555616143
2023-11-23 20:52:06.705843,218212.85732131446,221106.10242572753,217578.50377245588,218944.36349059135,18573,18770.950230674844
2023-11-24 20:52:06.705843,219029.46720797013,219042.7690668213,216307.56736099586,218791.7322949042,9762,18757.864565749675
2023-11-25 20:52:06.705843,218722.50077335717,219886.22226726526,218115.3559431469,218276.42085574122,34067,18713.684915615675
2023-11-26 20:52:06.705843,221987.25594908922,223703.60625716142,219883.1370299282,222375.33060723467,17503,19065.100360702563
2023-11-27 20:52:06.705843,222112.06259399056,222330.88267159855,219720.85505367245,222040.8086972173,7508,19036.420498732623
2023-11-28 20:52:06.705843,220405.29383641804,222458.56898157927,218391.50503080632,220629.49269094653,5238,18915.4228987437
2023-11-29 20:52:06.705843,222929.44159824745,222929.44159824745,220800.39473159242,222611.55756228176,24414,19085.353014598917
2023-11-30 20:52:06.705843,221581.00700919807,224307.22996584538,220790.54054659797,221819.7866137546,7528,19017.471417502966
2023-12-01 20:52:06.705843,216594.54430933596,218586.52585797937,214942.8915267347,217070.35260342466,11304,18610.28400235122
2023-12-02 20:52:06.705843,217042.12768277334,218079.78520487846,215681.8802302143,217164.03562932494,7691,18618.31581184199
2023-12-03 20:52:06.705843,221273.8176667369,223142.8452552482,219687.38995410394,221390.68178001637,30728,18980.682594308673
2023-12-04 20:52:06.705843,225422.303554626,225424.7287189963,222947.06570208323,224676.80871895648,40265,19262.415013627957
2023-12-05 20:52:06.705843,221686.46099562504,221686.46099562504,219312.70760235397,219611.5330771483,20419,18828.149269302838
2023-12-06 20:52:06.705843,225919.56126186502,228266.29150950676,225919.56126186502,227024.95333621642,24646,19463.730567233917
2023-12-07 20:52:06.705843,225653.94764690546,226437.47890333502,223255.45975318074,225358.38623024162,19453,19320.8492995749
2023-12-08 20:52:06.705843,225298.5509898323,226503.32673300715,224240.85465628898,224617.14341502945,38996,19257.29967549978
2023-12-09 20:52:06.705843,230022.54259740037,230022.54259740037,227126.32742830267,228006.07745057295,33249,19547.846146311123
2023-12-10 20:52:06.705843,226433.0275106087,228915.1599236282,225927.46103109015,227022.1984265893,14311,19463.494378136944
2023-12-11 20:52:06.705843,226118.14244024077,228243.79372588772,225265.77945312788,226401.75437684363,44560,19410.301301169722
2023-12-12 20:52:06.705843,227623.22109400434,228754.49070745806,224850.41989463696,227368.57816145272,26319,19493.190857463367
2023-12-13 20:52:06.705843,226366.7080904076,228656.79872481318,224848.35654727792,227076.20843687124,28060,19468.124865986905
2023-12-14 20:52:06.705843,229805.36521609363,229805.36521609363,227867.99345831136,228724.48102502484,9598,19609.43767361324
2023-12-15 20:52:06.705843,226598.74082495423,227666.10814373495,223960.40288824678,226336.58154566205,43809,19404.713781349627
2023-12-16 20:52:06.705843,228785.09503195484,231267.7308077235,227557.45346408477,229842.04837570587,26822,19705.25106101731
2023-12-17 20:52:06.705843,227984.2756836678,228568.49836500044,226335.3858646298,227944.19272796003,22724,19542.540528803158
2023-12-18 20:52:06.705843,229438.17488698752,230503.39390920318,227831.89739131115,229267.2851265872,48261,19655.974376422084
2023-12-19 20:52:06.705843,232994.91334513394,235304.82784421096,232327.31681973237,233389.97670094788,10212,20009.428729505133
2023-12-20 20:52:06.705843,232461.49387005012,232461.49387005012,228101.09107908554,230289.9353812737,16536,19743.650152715512
2023-12-21 20:52:06.705843,239466.2496321697,240283.16961119068,236120.1234023267,239289.43811158565,28637,20515.21245812634
2023-12-22 20:52:06.705843,234748.8263183324,234872.89534982972,233078.46976635559,233421.84389809813,41497,20012.160828026244
2023-12-23 20:52:06.705843,235664.84371959968,235664.84371959968,232088.3076809634,234267.5079076056,11894,20084.662886454527
2023-12-24 20:52:06.705843,232502.7943583919,234885.1538700434,231085.28675038822,232786.72965949972,9353,19957.710018818565
2023-12-25 20:52:06.705843,235563.08824310484,237332.20359030488,235563.08824310484,236859.84288496064,35556,20306.91382758579
2023-12-26 20:52:06.705843,235635.0719106568,237758.7429318414,232902.7707083546,235598.2041090662,37335,20198.748637608558
2023-12-27 20:52:06.705843,237964.88835628272,237964.88835628272,233911.3831950849,236779.9431213141,41192,20300.06371067508
2023-12-28 20:52:06.705843,236622.4510856116,236751.7726714461,234625.9477850004,236225.29219061747,45843,20252.511333214803
2023-12-29 20:52:06.705843,239620.0094477746,239661.80071351386,237809.734529599,237819.87976229496,23827,20389.221515971793
2023-12-30 20:52:06.705843,238833.4532630203,240161.42258385348,237478.00276912906,238911.9032723039,22750,20482.84493075308
2023-12-31 20:52:06.705843,237095.72435519996,239504.65914858962,235502.84989209968,239274.4770012403,7993,20513.929784056952
2024-01-01 20:52:06.705843,236921.46914871875,236921.46914871875,235978.8649564532,236715.41993686956,46185,20294.531887591696
2024-01-02 20:52:06.705843,240792.30106466453,242625.1413665782,240467.243168056,241589.47661362405,6575,20712.40368772497
2024-01-03 20:52:06.705843,240515.52369007937,240613.04825877288,239145.01155406694,240198.70957062373,25572,20593.16783012892
2024-01-04 20:52:06.705843,240952.05457730318,242632.45201100246,239594.1607197614,240978.93624982418,23698,20660.05969220029
2024-01-05 20:52:06.705843,245461.3950620553,246681.6248310604,242898.9695251436,245216.41997009344,23444,21023.355621578656
2024-01-06 20:52:06.705843,240093.38900544267,244339.20702895935,239714.85978404223,241520.85367523597,28352,20706.52037682064
2024-01-07 20:52:06.705843,237938.2580452127,237938.2580452127,235005.44904101224,235988.52921567904,30817,20232.21272425232
2024-01-08 20:52:06.705843,239536.71848199042,240931.85836478518,238891.9170568454,240492.10414551085,34061,20618.32168600059
2024-01-09 20:52:06.705843,237041.74877816704,238910.9157775492,236830.07979338785,237636.5864383896,18505,20373.50706776317
2024-01-10 20:52:06.705843,239897.1488600057,240281.92001744028,239212.3119825131,239756.50442185352,30288,20555.25586607112
2024-01-11 20:52:06.705843,241200.96739377503,243898.97486773753,241200.96739377503,241944.10676978593,17416,20742.807507697697
2024-01-12 20:52:06.705843,243962.1263570345,243962.1263570345,241893.58949318423,242698.13708707507,31680,20807.45345396734
2024-01-13 20:52:06.705843,238304.8706822154,240422.32038825782,235831.12470528425,237989.4898227886,47647,20403.762844889283
2024-01-14 20:52:06.705843,238693.4370888794,241097.78314987128,236474.3533918112,238283.1114693205,9615,20428.936168494554
2024-01-15 20:52:06.705843,239587.87468638807,240270.4299411976,239017.25672537682,239275.24371782114,25085,20513.995517645846
2024-01-16 20:52:06.705843,240065.17106901924,240995.9973136382,237843.21103028796,240247.3081364101,32798,20597.334373834885
2024-01-17 20:52:06.705843,243721.95094638545,244797.24984700652,243052.54227233387,243078.72363578176,34180,20840.082616236436
2024-01-18 20:52:06.705843,239580.05349372138,241442.77079690466,238189.4348241467,240100.7419244189,29077,20584.76868350642
2024-01-19 20:52:06.705843,240888.25598534438,241811.07704297148,237591.86038331912,240784.10857591568,32140,20643.356359389207
2024-01-20 20:52:06.705843,245737.6033041275,248038.5661047546,245136.18106190665,247101.4935677977,23688,21184.970299022436
2024-01-21 20:52:06.705843,241874.8761902998,244160.09817171047,241874.8761902998,242796.1774313966,21795,20815.8588332816
2024-01-22 20:52:06.705843,242384.3327276615,244164.91207165207,241127.3054012883,242800.72643863125,30916,20816.24883733121
2024-01-23 20:52:06.705843,241200.18212185273,243205.81640589365,239231.3349492015,241516.6928544633,15322,20706.16365350337
2024-01-24 20:52:06.705843,243054.70345216207,245275.6294192099,242816.4715466207,244407.7004804372,34760,20954.020960256963
2024-01-25 20:52:06.705843,242992.85657774232,245735.33658210398,241112.30071328153,242947.61044802453,17742,20828.841773664655
2024-01-26 20:52:06.705843,244168.5597428575,245652.1410309229,241464.19298691011,243278.7236675829,13016,20857.229395368904
2024-01-27 20:52:06.705843,239969.57918004124,239969.57918004124,236265.1659205479,238974.6517056315,43401,20488.224597533565
2024-01-28 20:52:06.705843,235338.94251363596,236392.8233843438,235338.94251363596,235799.5916709572,34102,20216.014375082064
2024-01-29 20:52:06.705843,238157.69692845896,240764.76523620498,237901.1056889638,238875.173114258,33150,20479.695911716222
2024-01-30 20:52:06.705843,241856.59800790844,241856.59800790844,239457.23226919124,240684.77421602714,31276,20634.840039096976
2024-01-31 20:52:06.705843,239298.94672548177,240624.8866747908,238103.56701815588,238921.02131852697,29329,20483.626656252312
2024-02-01 20:52:06.705843,240592.63981844342,241503.2576718505,238520.8886290598,240046.68581914296,16074,20580.134243753684
2024-02-02 20:52:06.705843,239307.21061475636,240554.66790809756,237891.4803790181,240468.6215424852,28057,20616.308431283025
2024-02-03 20:52:06.705843,238724.58623779143,240911.84722207073,237774.99050622276,239571.77684373004,25515,20539.41845368056
2024-02-04 20:52:06.705843,240321.7760960942,240532.5678956988,236518.92693186467,239849.142835398,11645,20563.198116889405
2024-02-05 20:52:06.705843,243745.5156330396,244241.0296104272,242226.48292373013,243870.04773993517,33627,20907.92590362956
2024-02-06 20:52:06.705843,241106.3045373499,243717.86180354666,240065.49942008065,241809.07995074385,31102,20731.231134323032
2024-02-07 20:52:06.705843,238859.5809285922,240314.8846872951,237843.41440299974,239615.14574670634,18577,20543.13663809211
2024-02-08 20:52:06.705843,240694.61017079873,244840.45223835003,240435.7044288784,242324.3374542799,45384,20775.40616034636
2024-02-09 20:52:06.705843,240284.96976513835,240338.9410573396,240029.16985906358,240039.6497179864,47430,20579.531011487175
2024-02-10 20:52:06.705843,240206.93846435862,245530.07726967905,240206.93846435862,240823.95440719105,15111,20646.77249718716
2024-02-11 20:52:06.705843,235702.30403974254,240941.0157907682,235702.30403974254,237828.99252495432,16760,20390.002788490598
2024-02-12 20:52:06.705843,236446.75479242767,238817.6393388663,233504.87509948201,236513.68376180372,21958,20277.236262157385
2024-02-13 20:52:06.705843,239102.21094449956,239102.21094449956,236545.25380474195,237938.15066683883,27074,20399.361339749557
2024-02-14 20:52:06.705843,236354.03690637962,237144.12735574265,234554.1418998649,235767.43016702446,15786,20213.257044497983
2024-02-15 20:52:06.705843,233619.2638797907,235022.65648066066,233343.63904582086,233790.11765997336,15449,20043.734367281668
2024-02-16 20:52:06.705843,234294.27210580034,234461.84921694594,231457.35639779884,233668.66072274838,35659,20033.321392553873
2024-02-17 20:52:06.705843,241327.60137236936,242735.94334013804,240001.24365883027,241185.48292485691,24934,20677.767740471274
2024-02-18 20:52:06.705843,235587.59951430198,237817.55387347928,234675.84057539952,236217.86847743348,25611,20251.874869464464
2024-02-19 20:52:06.705843,236346.49492959023,238381.1296102484,235685.068130059,235742.75568295142,36829,20211.141605191307
2024-02-20 20:52:06.705843,234257.14505936866,234833.047105251,232652.32996217834,232978.03733880314,21048,19974.11156882743
2024-02-21 20:52:06.705843,239159.8667800973,239159.8667800973,234621.7268796782,237836.86035293975,12712,20390.677327926933
2024-02-22 20:52:06.705843,237142.81675013178,238855.95153536994,236796.84533172802,237589.06058229474,5669,20369.43249162335
2024-02-23 20:52:06.705843,237463.4795294766,238928.16911511015,237360.45416515102,237463.42052434132,31830,20358.660881716507
2024-02-24 20:52:06.705843,238073.92167289267,238073.92167289267,234479.22647917568,237086.92635664332,45010,20326.382575158037
2024-02-25 20:52:06.705843,238228.2705747638,238455.9351164665,234201.3659796799,236306.4267796556,29784,20259.467316499966
2024-02-26 20:52:06.705843,238379.02845576944,242369.14661394246,238379.02845576944,240312.25450718132,27271,20602.902478324875
2024-02-27 20:52:06.705843,240072.47693811366,240407.0337190149,237495.13000047853,238947.58554913802,49180,20485.904110865744
2024-02-28 20:52:06.705843,235127.46414649338,235595.27842408212,231348.55962715938,233742.2464838103,15192,20039.630185511858
2024-02-29 20:52:06.705843,235988.04049550346,236062.99808186298,232532.97809257655,234194.1403311963,25810,20078.372799313813
2024-03-01 20:52:06.705843,239353.8099320698,242111.9996130248,239353.8099320698,240191.88188695285,15569,20592.58246630254
2024-03-02 20:52:06.705843,239949.21398377596,241139.64960767946,237909.78000395285,239201.0286276741,13446,20507.63276986232
2024-03-03 20:52:06.705843,240456.10171595833,240700.86031803588,237729.14448434536,239514.17030108653,25821,20534.479621149396
2024-03-04 20:52:06.705843,237831.33122236517,237923.98894925852,234538.1139039819,236616.56607446042,31349,20286.056762213684
2024-03-05 20:52:06.705843,242213.73866504777,243431.59680611044,242213.73866504777,242436.07881368807,13566,20784.98618087175
2024-03-06 20:52:06.705843,239091.80702045193,241275.36644810726,237073.86333735418,239005.83213849235,42358,20490.89781708611
2024-03-07 20:52:06.705843,242336.8131589423,243523.89406456548,239542.91259870454,241346.68504615227,11714,20691.588224121424
2024-03-08 20:52:06.705843,240206.62523401363,240206.62523401363,239021.5127633079,239475.8812276326,34603,20531.19695024285
2024-03-09 20:52:06.705843,242789.42442776865,244551.02410101067,241231.98166343375,241724.92792515428,7708,20724.016454488537
2024-03-10 20:52:06.705843,239362.75421361648,241891.91330524857,237061.4587180772,238778.06845528216,39415,20471.370752339008
2024-03-11 20:52:06.705843,241080.70939325858,242386.77130043684,238523.0328854571,240702.12548980964,44428,20636.32763115652
2024-03-12 20:52:06.705843,242682.3899301183,242733.4300733619,239898.16131379767,241611.30559256955,39592,20714.275170830722
2024-03-13 20:52:06.705843,240741.97549924607,241106.92619460702,239031.26118081162,240682.5035281878,45845,20634.645364213633
2024-03-14 20:52:06.705843,241683.34870122006,241683.34870122006,237525.47809342152,239241.93629011564,7614,20511.139942568214
2024-03-15 20:52:06.705843,239255.2451008814,240963.56835098652,239255.2451008814,240044.0440019238,8239,20579.90775050787
2024-03-16 20:52:06.705843,241302.76664181193,243476.78826031432,239226.35980451858,240009.26637425105,34144,20576.926129479685
2024-03-17 20:52:06.705843,241386.0314254944,243544.20881300283,238714.98445903652,240715.52084869656,11412,20637.47606727508
2024-03-18 20:52:06.705843,235716.23927957038,239511.994523162,235503.48479876205,237220.29152876665,14364,20337.81648909179
2024-03-19 20:52:06.705843,239271.69073491794,242382.27405336854,238015.60399118697,240507.12248754533,7329,20619.609266764863
2024-03-20 20:52:06.705843,239659.63196204865,241464.79074369074,236814.32852480837,238841.55267199,44745,20476.813500685013
2024-03-21 20:52:06.705843,238366.6637428001,238962.14535497985,235157.00444652155,236887.3945576368,36268,20309.275939440744
2024-03-22 20:52:06.705843,234441.26734535655,236630.43350464205,233311.34859958146,234544.79656479217,45832,20108.435919478066
2024-03-23 20:52:06.705843,239732.90258350366,239732.90258350366,237069.77142411622,239099.1070049027,7249,20498.894633479315
2024-03-24 20:52:06.705843,236462.84835152767,237658.44030132706,235476.7709991343,236037.17732058404,36256,20236.383515139238
2024-03-25 20:52:06.705843,238589.39356240255,240314.42520821656,234129.77289984177,236956.43751636503,30427,20315.19526031936
2024-03-26 20:52:06.705843,238981.01474225847,241046.35932658866,238078.6412499327,238433.46432974073,24206,20441.826502892724
2024-03-27 20:52:06.705843,233997.41188806386,236643.2631107325,233298.633969908,235222.4351694595,42347,20166.53250766971
2024-03-28 20:52:06.705843,235693.60643540497,238141.4694932876,234077.22708451876,235988.47991748038,11185,20232.20849772637
2024-03-29 20:52:06.705843,238294.37173885963,239601.8568191646,234299.9498008596,238011.76905142894,43690,20405.67292964926
2024-03-30 20:52:06.705843,234647.92467377664,236843.0914623518,232635.4955957885,234640.40030336648,8487,20116.63239912264
2024-03-31 20:52:06.705843,237351.89603241842,240621.7477573544,236438.73059384845,237434.38157043373,29494,20356.171259467912
2024-04-01 20:52:06.705843,233723.77854246215,235500.881058412,233562.01612196205,234640.39359546106,10547,20116.63182402787
2024-04-02 20:52:06.705843,232377.21531226573,236918.90064501436,230674.39612939136,233003.31703020778,12205,19976.278894908075
2024-04-03 20:52:06.705843,232356.36194147705,233787.24565066263,230662.37189914723,232236.90662883723,7746,19910.57155597027
2024-04-04 20:52:06.705843,230689.1205012126,232720.72926549436,230689.1205012126,231333.2243727703,13337,19833.09536803586
2024-04-05 20:52:06.705843,235579.42404959732,236619.88372082426,234382.96335467123,235844.83741011,30372,20219.89346794496
2024-04-06 20:52:06.705843,226869.7520764922,227425.6854911192,225737.78141167152,227263.7779253495,22452,19484.205926384562
2024-04-07 20:52:06.705843,232977.3977026765,233250.55309930674,230333.90176804457,231920.89799980994,29608,19883.478909448728
2024-04-08 20:52:06.705843,233760.45069371996,233760.45069371996,229241.2727370857,232684.3399081927,26214,19948.931747958908
2024-04-09 20:52:06.705843,230660.01914428943,232035.0737629881,230638.00423337225,231248.07431812584,18069,19825.795123296113
2024-04-10 20:52:06.705843,232167.51908529058,232167.51908529058,229825.48285100446,231036.02648589626,13438,19807.615439462985
2024-04-11 20:52:06.705843,231931.98879082967,231931.98879082967,227802.34063125477,231362.76601513923,20960,19835.628087717698
2024-04-12 20:52:06.705843,228524.85804478577,228524.85804478577,226041.27867109506,227596.91965736105,5830,19512.767460336167
2024-04-13 20:52:06.705843,226116.17937860492,226131.45624058993,224355.35857886123,226083.21008969913,31988,19382.99126283429
2024-04-14 20:52:06.705843,226302.9167165591,229023.67882729787,226302.9167165591,228416.59007339505,49650,19583.040987088054
2024-04-15 20:52:06.705843,224665.82448191752,228318.15657961724,224665.82448191752,226061.04366657516,8219,19381.090849329146
2024-04-16 20:52:06.705843,230769.2455712817,232831.54941085223,230769.2455712817,231438.4175291479,33324,19842.113985695123
2024-04-17 20:52:06.705843,228220.7290197683,228489.05879826462,223320.5653131602,226453.55647761427,47152,19414.742496366107
2024-04-18 20:52:06.705843,230629.04851816033,230629.04851816033,228171.1742353892,229532.28055955545,22971,19678.69346361072
2024-04-19 20:52:06.705843,230733.202580535,231639.70825646372,228114.48029632238,229483.42077641224,13676,19674.5045247267
2024-04-20 20:52:06.705843,228712.68787015436,230914.79261507874,228424.0080024432,229048.95134544032,14755,19637.255773786037
2024-04-21 20:52:06.705843,230254.92826458032,230804.28216865647,229186.746332983,229496.60132526493,13353,19675.63454434713
2024-04-22 20:52:06.705843,228303.0856694524,230938.57529756398,226818.92097331275,229168.85070346738,41193,19647.535211202623
2024-04-23 20:52:06.705843,226466.1233521789,226905.78358999238,224337.0529673313,226431.75761515996,13666,19412.873595264056
2024-04-24 20:52:06.705843,230565.67464919257,231476.4557111295,226736.77825180793,228968.15309746182,25101,19630.3286263256
2024-04-25 20:52:06.705843,229006.8634009732,229594.7347108254,227457.38335439522,229010.7578778156,40475,19633.981299538376
2024-04-26 20:52:06.705843,228100.82995712888,231379.38492562817,226943.22371964235,227942.85818442356,32440,19542.426113205038
2024-04-27 20:52:06.705843,228466.13628263955,230565.20541895417,227154.02497418263,229416.80092338752,32258,19668.792946106612
2024-04-28 20:52:06.705843,230194.07174942957,230710.69953925404,227251.51733395757,228273.00765479397,24978,19570.7311089501
2024-04-29 20:52:06.705843,232196.25577442386,232196.25577442386,228556.1454926082,229776.6964569805,33417,19699.64818732686
2024-04-30 20:52:06.705843,229681.43843414425,230726.21611243067,227370.85161985768,230337.24018420637,20259,19747.7057771096
2024-05-01 20:52:06.705843,233675.63901568172,233675.63901568172,229939.964673824,231247.50003837518,20459,19825.745888063717
2024-05-02 20:52:06.705843,226265.63268675818,228134.6559647817,224741.68403267086,227201.17716747525,11292,19478.83892039397
2024-05-03 20:52:06.705843,230920.69276408385,231939.6493713188,228142.3522434367,229402.18992284907,22842,19667.540288310105
2024-05-04 20:52:06.705843,227823.8523856777,231150.1466836746,227823.8523856777,228808.97207850678,45461,19616.681419625067
2024-05-05 20:52:06.705843,227889.49727398396,230529.6206516445,225956.92933623187,228046.4100269089,18620,19551.304014652684
2024-05-06 20:52:06.705843,229889.44374216453,230885.57542129786,228848.36228753053,230159.25823927653,26775,19732.446694039485
2024-05-07 20:52:06.705843,228974.37124144146,230360.77434511864,227238.28143258567,228719.39700062433,16237,19609.00180046505
2024-05-08 20:52:06.705843,229618.6289935614,231444.1941678671,226938.54984629856,229800.66809108126,42352,19701.703368576927
2024-05-09 20:52:06.705843,232621.57115284516,233516.2344056414,229398.6253624928,232417.72077066443,41431,19926.073454275072
2024-05-10 20:52:06.705843,234522.6541278051,236519.61220161832,233324.34916350566,234063.28604247424,31892,20067.154153161373
2024-05-11 20:52:06.705843,228846.617002137,232185.0509319227,228846.617002137,230930.45363693606,44766,19798.56426928464
2024-05-12 20:52:06.705843,231365.52469966182,231365.52469966182,229331.77792548592,231186.19387985312,24075,19820.48987310126
2024-05-13 20:52:06.705843,233151.3959998667,235121.30292788276,230438.7385905387,233887.66432686546,22660,20052.09742171343
2024-05-14 20:52:06.705843,233027.4466095339,233453.365324224,228532.02638356533,231903.10128548258,33958,19881.95312804206
2024-05-15 20:52:06.705843,232810.34074864115,233971.68236776214,232062.37072365766,233486.56275454554,40050,20017.709426830035
2024-05-16 20:52:06.705843,230677.04589118468,234411.63226047455,229984.33879796544,232178.13327652038,20094,19905.53268831622
2024-05-17 20:52:06.705843,236672.05797471298,236672.05797471298,233794.88361089927,234990.6388498768,48891,20146.659709351577
2024-05-18 20:52:06.705843,237433.8410900057,237433.8410900057,233726.30031057057,235772.83455341833,31420,20213.72038352352
2024-05-19 20:52:06.705843,232299.72792960535,234847.52112335025,229794.62819081993,232666.68595038605,24133,19947.418205622947
2024-05-20 20:52:06.705843,232540.21607813743,233488.12424064876,232050.9721696296,232350.74842928487,44034,19920.33165545995
2024-05-21 20:52:06.705843,235878.7419065582,237395.40913395095,233492.99348321347,234859.56938075408,49733,20135.422614948053
2024-05-22 20:52:06.705843,231963.83466480044,232375.97094935592,231877.59866987003,232272.5424103722,47292,19913.626749860443
2024-05-23 20:52:06.705843,229142.63586728924,230107.01957928846,228295.22423204943,229443.08180308697,37144,19671.046107946415
2024-05-24 20:52:06.705843,230552.9078439155,230940.71954849162,227415.13451173744,230417.2424956353,40142,19754.56468583979
2024-05-25 20:52:06.705843,227816.7539142358,229026.67144311627,224259.16851417636,227511.12755943407,46797,19505.412170733372
2024-05-26 20:52:06.705843,231040.44679204805,231612.11818516182,228368.65449080168,229608.0568766558,40005,19685.190061441685
2024-05-27 20:52:06.705843,229829.26342933797,231181.41275442482,229186.55505088312,230342.6587948912,13906,19748.17033563882
2024-05-28 20:52:06.705843,230665.55129874393,232411.42245389975,229513.4694483968,230034.23596509424,24070,19721.728049133595
2024-05-29 20:52:06.705843,229291.0680270061,231130.12205790493,227411.68769116545,229721.13959317736,20626,19694.885081719596
2024-05-30 20:52:06.705843,229025.69493777037,232202.876647251,229025.69493777037,230571.25234174446,7672,19767.7685478176
2024-05-31 20:52:06.705843,226903.99999527945,228109.72223115372,223223.6922321137,225975.09481464556,41567,19373.722120597184
2024-06-01 20:52:06.705843,219489.5463091544,221169.79085053905,218621.7624192405,219768.64229186063,21985,18841.618852182837
2024-06-02 20:52:06.705843,223874.54322243726,225828.04324977362,223829.12966162938,224835.95652665404,31571,19276.05937299846
2024-06-03 20:52:06.705843,223739.03273603943,226082.4923224609,223283.72694601188,223965.38928789704,35500,19201.42226405153
2024-06-04 20:52:06.705843,229371.1581657826,229371.1581657826,228524.0371219287,228666.21120516883,20357,19604.441975751786
2024-06-05 20:52:06.705843,228927.87081537713,229598.4760380979,228387.181601374,229525.64823179983,26345,19678.124848405336
2024-06-06 20:52:06.705843,226084.13333363377,229199.2346060709,226084.13333363377,227141.58908621228,20268,19473.730202864564
2024-06-07 20:52:06.705843,223384.57497090314,225137.23681092117,223130.0123728105,224342.4547614615,45362,19233.74955087976
2024-06-08 20:52:06.705843,223322.01958812473,224702.68556058712,223024.90495786208,223762.85485131288,46384,19184.058200558375
2024-06-09 20:52:06.705843,222647.0205751715,224820.55370759536,222595.81845465774,224162.2030887469,12603,19218.295875235504
2024-06-10 20:52:06.705843,222881.74413554382,225046.15563064185,221681.25388902734,223090.93532328907,22387,19126.451931009007
2024-06-11 20:52:06.705843,223152.16180015053,225078.6708100094,221635.56762328316,222960.59102436385,9268,19115.277008261648
2024-06-12 20:52:06.705843,221150.61986368397,224604.3207937212,221150.61986368397,222379.5986057683,19333,19065.466272785347
2024-06-13 20:52:06.705843,223756.65414778842,224745.63234175762,222692.5161175644,223955.3888752128,18187,19200.564889850208
2024-06-14 20:52:06.705843,224760.0494761665,226369.7307821757,222155.0164524382,224756.65374154385,5425,19269.26043737516
2024-06-15 20:52:06.705843,227087.04282376333,227431.0280508754,225868.89016290402,226959.43781392227,12558,19458.113667174406
2024-06-16 20:52:06.705843,227432.9909475763,227470.5313605929,224456.182754754,225370.04953711657,30563,19321.849240150597
2024-06-17 20:52:06.705843,224644.3728403082,228206.73663182586,224173.59670971264,226320.97804504086,45512,19403.37603266811
2024-06-18 20:52:06.705843,224863.4367094886,226726.19486376885,224125.26099127906,224637.12622312777,30489,19259.012879211914
2024-06-19 20:52:06.705843,225903.53787742808,225903.53787742808,222670.38558129597,225171.17917395174,32180,19304.799311895724
2024-06-20 20:52:06.705843,223556.29032569934,227950.7545012944,222998.8509313502,225054.48475028365,14720,19294.794645943384
2024-06-21 20:52:06.705843,223599.4043677008,225864.39534822636,221806.98372548315,223812.2462327976,28957,19188.292715431893
2024-06-22 20:52:06.705843,222973.94493802203,224989.73581381165,221755.70027996987,223843.4537580929,46852,19190.968257724013
2024-06-23 20:52:06.705843,224066.01233257845,224426.31008268867,222553.6108278854,223216.715848417,16640,19137.23558371202
2024-06-24 20:52:06.705843,228530.07300814995,230554.65052708768,226826.1148426143,228491.32505455252,15984,19589.448307146136
2024-06-25 20:52:06.705843,224011.588643685,225122.18355458975,222017.532128667,222882.52322489157,42764,19108.583952751334
2024-06-26 20:52:06.705843,224836.62934640743,226694.68520821765,222159.8610334177,224510.4463890417,6097,19248.152125260778
2024-06-27 20:52:06.705843,221026.55636312705,223436.17621812242,221026.55636312705,222870.70293298038,47727,19107.57055323906
2024-06-28 20:52:06.705843,225995.68111062987,226891.73128456098,224608.54096483457,226026.07497393287,20604,19378.092847559405
2024-06-29 20:52:06.705843,225731.30868953865,228201.3642789797,224629.9789625643,225395.58533785952,26578,19324.03852347904
2024-06-30 20:52:06.705843,222978.65449580192,224541.89792668144,219380.627980667,223042.3707393528,47936,19122.288300698972
2024-07-01 20:52:06.705843,224084.17635706338,227302.74849568596,222767.9870535119,225675.21176583553,21719,19348.011982667656
2024-07-02 20:52:06.705843,225890.48336090439,225890.48336090439,220866.8328040036,224925.84706844913,27963,19283.76603810435
2024-07-03 20:52:06.705843,224801.1353316258,225283.44550249045,222655.3607881927,224713.1537983319,34427,19265.531018375506
2024-07-04 20:52:06.705843,221080.30628964945,222968.29569577472,221080.30628964945,222712.87922251754,36961,19094.039713864673
2024-07-05 20:52:06.705843,224835.15028720608,226603.30982582277,222226.42583208994,223596.13818368578,38203,19169.76493344357
2024-07-06 20:52:06.705843,215085.53966020676,217389.02640566518,213071.64657372193,216293.25989488605,29383,18543.660827750864
2024-07-07 20:52:06.705843,223520.02500906275,224920.67363069422,220772.7544997279,221576.80368406887,15083,18996.639547673945
2024-07-08 20:52:06.705843,217832.59595166537,220616.88822672033,215546.9814292752,218104.4573162905,31208,18698.941813810914
2024-07-09 20:52:06.705843,219038.64996336913,220261.1418902819,217047.02263473882,218552.8882116831,36503,18737.38753529519
2024-07-10 20:52:06.705843,218663.17621470368,219595.13078366776,216739.9935355666,218653.33814665416,42160,18745.99949816994
2024-07-11 20:52:06.705843,222880.91739759792,223796.0283236207,219975.70189142332,223185.7311120892,11108,19134.57914198296
2024-07-12 20:52:06.705843,218773.58899492247,219624.47705676052,217710.1280572465,219368.87044545152,27707,18807.344859863813
2024-07-13 20:52:06.705843,218926.38720320896,218926.38720320896,217391.98099814256,218835.42110339119,11947,18761.610176902537
2024-07-14 20:52:06.705843,215287.1903147323,216365.6619734585,214638.38695004475,216331.76277812655,18857,18546.961829400425
2024-07-15 20:52:06.705843,221042.09111995023,223711.44926785617,218902.68568576174,221543.62003827697,10987,18993.79458490029
2024-07-16 20:52:06.705843,219280.9434576957,220318.94544717722,217033.6812769476,218245.60997665767,33270,18711.04337934308
2024-07-17 20:52:06.705843,220457.66527566235,222568.928893472,220161.88128101942,221091.28359154044,14769,18955.01402533783
2024-07-18 20:52:06.705843,212150.14248461393,213322.86023611366,211719.13499393305,212918.6943704279,34237,18254.34622517386
2024-07-19 20:52:06.705843,216516.99000096758,217713.68650888192,216119.8615657501,216963.22601578658,39976,18601.099624124363
2024-07-20 20:52:06.705843,211927.60872843172,213749.85218320924,211561.98415040283,213114.41406791817,16201,18271.126034629473
2024-07-21 20:52:06.705843,215263.35068699796,217003.8428609264,214548.48411750386,215810.96444919746,39954,18502.311766906503
2024-07-22 20:52:06.705843,213757.31154583106,214260.02802290136,210674.65689107936,212370.59941757494,47171,18207.35591714463
2024-07-23 20:52:06.705843,215568.98063207866,218346.0118060084,214326.65249125083,216614.47560470406,26083,18571.199897522638
2024-07-24 20:52:06.705843,220268.44948030318,222444.18012197368,219803.28198599772,220817.12291234123,28507,18931.50916601005
2024-07-25 20:52:06.705843,222320.77226478056,222512.3562398278,218274.9236008688,221325.6895981593,46683,18975.110562256457
2024-07-26 20:52:06.705843,217853.93132651626,219164.87174152443,216439.54626927953,217896.39990227905,36327,18681.104244022554
2024-07-27 20:52:06.705843,217342.62453345023,219336.8270989873,215858.98506681924,218117.9097250664,7711,18700.095141037928
2024-07-28 20:52:06.705843,217689.20627850693,220269.51190661557,217689.20627850693,218308.53930447568,44496,18716.438554910466
2024-07-29 20:52:06.705843,220038.37743008372,220038.37743008372,218786.84768647814,219772.56699257044,11798,18841.955332010497
2024-07-30 20:52:06.705843,215480.7253940364,218533.15983141845,214920.59405758794,216773.76762470586,47979,18584.856620773822
2024-07-31 20:52:06.705843,220324.87489297817,221657.78567058596,218931.04721420148,220470.68572639092,49241,18901.80776117892
2024-08-01 20:52:06.705843,217243.84077507936,220099.959882842,217243.84077507936,217635.44536786052,34435,18658.731598753475
2024-08-02 20:52:06.705843,222731.6752530045,224696.53064457196,221492.18224218552,221982.83286740852,42964,19031.450005779196
2024-08-03 20:52:06.705843,217678.7644607958,219178.34815132304,217077.87145478211,219106.0502054094,21059,18784.8122604089
2024-08-04 20:52:06.705843,215826.93158979682,217209.41305494358,214646.02124091168,216863.486650675,13320,18592.548581162126
2024-08-05 20:52:06.705843,220612.6607898108,221082.67373748834,218324.31723868588,220513.13885935777,27480,18905.447433072513
2024-08-06 20:52:06.705843,217720.1256067397,220158.14638035855,216839.13728933292,217456.86078767013,18923,18643.420849423022
2024-08-07 20:52:06.705843,216710.5140765771,218249.5744915713,215020.2852176831,217633.54870687998,49388,18658.56899064472
2024-08-08 20:52:06.705843,213114.95493611836,213114.95493611836,211259.30384931105,212512.7465147191,27538,18219.54273960212
2024-08-09 20:52:06.705843,215945.51779452653,218576.48391871547,215274.27508795046,216662.42454748004,23398,18575.310746526065
2024-08-10 20:52:06.705843,215490.18324861224,215693.8220575881,214423.03603928236,215106.2802342681,18982,18441.896453555222
2024-08-11 20:52:06.705843,215530.875455671,217991.91457786647,214625.10312737446,216468.84701831656,39211,18558.71459347707
2024-08-12 20:52:06.705843,215626.86755070323,218887.43900285283,215626.86755070323,216750.66934322397,35511,18582.876315434154
2024-08-13 20:52:06.705843,213178.8777512678,213893.55872427888,210642.32174447944,212104.47296108498,27843,18184.53986291881
2024-08-14 20:52:06.705843,217826.42111747604,217826.42111747604,217128.81033601254,217716.66347951593,31973,18665.694742756852
2024-08-15 20:52:06.705843,216886.16172462344,219129.10361482413,215301.4269405352,216940.8876743356,47977,18599.184471393655
2024-08-16 20:52:06.705843,218392.65719370887,219160.2157779615,216321.34258100684,217274.6894424632,18403,18627.80259280377
2024-08-17 20:52:06.705843,208900.4265021311,212001.47190529306,207410.6085187805,209232.5378971899,23813,17938.317720952495
2024-08-18 20:52:06.705843,217755.2870768309,221461.80657814298,217002.6600818612,218610.000497173,22739,18742.283993241854
2024-08-19 20:52:06.705843,214113.40598160672,215399.42748236062,212436.6645332889,213997.49476705387,32641,18346.8359711123
2024-08-20 20:52:06.705843,219436.74907308747,220766.68481376555,217752.67165987988,218123.2711168113,22484,18700.554793965304
2024-08-21 20:52:06.705843,216367.08332417218,217079.16408032074,216138.0510021767,216358.19645887802,30865,18549.228091467594
2024-08-22 20:52:06.705843,220050.81980815998,223627.43558108388,218772.06555688474,221139.5416320944,18570,18959.15137449369
2024-08-23 20:52:06.705843,212584.45852893963,213578.7099052978,211142.38446656644,213381.9366915303,11558,18294.06178768264
2024-08-24 20:52:06.705843,219322.25057902985,219859.8538341044,218014.60453466672,218034.3173615959,8144,18692.928443209526
2024-08-25 20:52:06.705843,216795.067570719,219553.06740046036,216690.94789293857,217515.95563091402,29777,18648.487279742287
2024-08-26 20:52:06.705843,225310.41764066461,225310.41764066461,220656.5516766772,223467.82407937443,28779,19158.76406716173
2024-08-27 20:52:06.705843,215875.11926833208,218881.04178232313,214961.65750733178,216740.0597829003,21166,18581.96671664097
2024-08-28 20:52:06.705843,218420.1706184895,218420.1706184895,217994.59302278925,218035.91310429992,30911,18693.065252426262
2024-08-29 20:52:06.705843,222949.65149893335,222949.65149893335,220546.69708742882,222414.3851117099,13417,19068.44865498199
2024-08-30 20:52:06.705843,219447.63051094636,220962.70235010888,218231.31524515507,220397.9035595513,6613,18895.567863473192
2024-08-31 20:52:06.705843,217407.73096173967,220803.23532218803,215422.7313119181,217323.46952352737,47616,18631.98469851915
2024-09-01 20:52:06.705843,222451.0574610878,223400.95299129744,220975.95704613734,222399.20082623183,9907,19067.146847242097
2024-09-02 20:52:06.705843,221393.0193816896,222428.73337392218,219210.83176208148,221375.20665904775,19151,18979.35585211315
2024-09-03 20:52:06.705843,220471.4383436348,220703.23407521934,217368.78092340045,220660.94141443784,44449,18918.119119893505
2024-09-04 20:52:06.705843,221396.28770856844,221966.24418764873,217372.73656053268,220844.71053720597,46204,18933.8743601857
2024-09-05 20:52:06.705843,223539.94846948693,224228.07052411808,222256.17601840704,223572.33520214006,30305,19167.724211431763
2024-09-06 20:52:06.705843,229828.5486173273,229893.80251107426,227334.6936017151,228862.2720759284,33399,19621.25103531622
2024-09-07 20:52:06.705843,220058.26777736124,221964.15258528636,219756.84369080001,220135.24133582498,9231,18873.048811370456
2024-09-08 20:52:06.705843,223535.60182166437,223535.60182166437,222675.6670960725,223124.45305954572,38839,19129.325536655153
2024-09-09 20:52:06.705843,223762.79109182625,223762.79109182625,220138.87085537726,222725.06062548008,46141,19095.084072829224
2024-09-10 20:52:06.705843,221126.22257119697,223048.49297819458,218645.39388163754,221081.664416917,24700,18954.189336155436
2024-09-11 20:52:06.705843,222282.4539696639,224883.36826920797,221237.29790648675,222674.27005654515,23900,19090.729600183913
2024-09-12 20:52:06.705843,227855.83450919302,231336.93517774006,225180.37826385588,228300.24072704974,26604,19573.065905954198
2024-09-13 20:52:06.705843,225719.5458240663,225719.5458240663,224721.03023528802,225538.60622558894,11889,19336.300259395484
2024-09-14 20:52:06.705843,221704.24742249225,224693.15014781308,221036.70150846656,222334.5281545931,22200,19061.602208041248
2024-09-15 20:52:06.705843,223316.70193486023,224629.28930106713,222497.766199668,223642.57326839498,13922,19173.74599351809
2024-09-16 20:52:06.705843,220463.2387472927,224624.48638475937,220435.59563599172,222384.55537810377,48205,19065.89123612001
2024-09-17 20:52:06.705843,225866.53725819296,227499.8811035305,223195.9932252576,226375.9556083379,32856,19408.08947259413
2024-09-18 20:52:06.705843,227273.5163613751,227993.643998598,225398.0267208091,227452.22784210395,5615,19500.362469316184
2024-09-19 20:52:06.705843,228406.5250732307,228406.5250732307,225296.75380679744,227060.29107201626,9004,19466.760208506195
2024-09-20 20:52:06.705843,225450.83529439114,228607.09618589102,222643.2939128728,225337.4202731817,16627,19319.051806685675
2024-09-21 20:52:06.705843,222796.7462963079,224297.94321519518,219774.15135835795,222455.53881917652,25106,19071.976922083035
2024-09-22 20:52:06.705843,226535.2716586052,229582.98770157594,226054.43976330428,228247.29773543513,17624,19568.526897756783
2024-09-23 20:52:06.705843,231023.9123734335,231142.07020391143,228336.70963643692,229851.54179411958,11522,19706.06496863165
2024-09-24 20:52:06.705843,226359.38265420825,226851.97461001933,225347.72068865763,225837.21155057242,46539,19361.900853101204
2024-09-25 20:52:06.705843,228381.06586715154,228381.06586715154,225836.4946767499,228083.79400996925,30306,19554.5090886462
2024-09-26 20:52:06.705843,225717.9230750377,228623.72645101917,224445.72004536743,226793.66006744426,26918,19443.90089741463
2024-09-27 20:52:06.705843,225302.73409156944,226125.21847538534,224362.8083628342,225724.01178577048,27100,19352.19579781983
2024-09-28 20:52:06.705843,227556.3128616162,229681.87724456447,227556.3128616162,229307.11758470212,24819,19659.389367687083
2024-09-29 20:52:06.705843,225351.97033502214,227390.6796058052,224795.00082000412,225760.20765327057,12268,19355.299010054063
2024-09-30 20:52:06.705843,228005.49506074854,229844.40311617416,225503.54414830205,227556.20313194054,16559,19509.276674549084
2024-10-01 20:52:06.705843,228155.46757512435,229444.94844028616,224982.69348113178,229256.88702419167,40463,19655.08290673797
2024-10-02 20:52:06.705843,229684.76253922205,231643.22967376348,229098.6634791489,230203.97901777297,28654,19736.280779987395
2024-10-03 20:52:06.705843,232737.6977480209,232737.6977480209,229481.90452623833,231813.38962198995,19253,19874.26179886745
2024-10-04 20:52:06.705843,231110.97977704857,233202.75760449163,230337.52512040202,231449.62445082696,30593,19843.074798596277
2024-10-05 20:52:06.705843,229568.32995299177,232015.17643708267,227847.24126748534,229490.3384829029,38225,19675.09760655889
2024-10-06 20:52:06.705843,230360.47435453674,231434.14668322136,229414.18902116202,229760.64408745297,22066,19698.27195537148
2024-10-07 20:52:06.705843,228021.26677903402,230017.45024882635,225167.8074169262,227886.05436551993,44084,19537.55610129629
2024-10-08 20:52:06.705843,229380.5193574142,229988.5812948827,227597.3230373324,229236.1170176371,45932,19653.30221344625
2024-10-09 20:52:06.705843,225322.5138168221,228341.7830386935,225322.5138168221,228048.00233451524,7823,19551.44052936516
2024-10-10 20:52:06.705843,230017.9023083045,230017.9023083045,227370.43776877964,229646.99674258666,47098,19688.528527313672
2024-10-11 20:52:06.705843,230865.88406583967,231275.6578286079,227251.56626010864,230258.91709272182,40990,19740.990834424025
2024-10-12 20:52:06.705843,233731.9434698646,236809.53122435804,233519.25451404578,234626.0878544907,16318,20115.405337319164
2024-10-13 20:52:06.705843,237670.88531267163,237726.1829134566,235954.46433078888,237270.03941643838,30849,20342.08156862469
2024-10-14 20:52:06.705843,234912.0385344788,238635.2094006967,233840.88133229647,235495.6506513986,21379,20189.956331567097
2024-10-15 20:52:06.705843,239303.60503702582,240205.9536385382,237447.7988347671,239307.87233773066,15651,20516.792895895975
2024-10-16 20:52:06.705843,237816.28936030052,238975.94895389455,236565.39146419562,238326.8139635455,8030,20432.682952978867
2024-10-17 20:52:06.705843,248064.87614346753,248064.87614346753,244446.74263763128,246725.33240127214,6030,21152.7205419472
2024-10-18 20:52:06.705843,245149.44364799414,245149.44364799414,241506.82246172053,243452.96855087846,39062,20872.168085637728
2024-10-19 20:52:06.705843,242639.8782098853,244027.93682188934,241665.988273859,243412.774238668,13783,20868.722071216394
2024-10-20 20:52:06.705843,239577.6361677164,239577.6361677164,237737.81398514006,239339.7934279242,8327,20519.5296148769
2024-10-21 20:52:06.705843,246663.25950439012,247423.61903770792,243960.8872146621,245105.18301436352,44712,21013.81884553871
2024-10-22 20:52:06.705843,242230.5923983751,244291.3619694686,240484.27256448168,241376.10815269186,19721,20694.11078126645
2024-10-23 20:52:06.705843,236624.78640632422,242376.49885528258,236624.78640632422,239661.63580182378,28943,20547.122410993125
2024-10-24 20:52:06.705843,246728.4257498147,248421.265005511,245687.38088735528,247198.54509291632,46576,21193.290903027806
2024-10-25 20:52:06.705843,240744.20635235243,243915.42210687295,240744.20635235243,242984.58327488406,18720,20832.01159764095
2024-10-26 20:52:06.705843,244782.49857224626,244782.49857224626,243226.57363253782,244385.03629617326,22359,20952.077871756966
2024-10-27 20:52:06.705843,245347.38752719905,245347.38752719905,242314.78651108724,244095.7709964969,8653,20927.27803467909
2024-10-28 20:52:06.705843,242930.8976547622,243537.80620593939,239761.8970785683,241419.2223236875,16638,20697.807126516418
2024-10-29 20:52:06.705843,247529.214793359,249060.4709308573,244156.39262346426,247052.2408307984,17932,21180.747670678877
2024-10-30 20:52:06.705843,245423.8785346381,246338.2492705834,241629.24615971578,244598.82099118482,8764,20970.406463578947
2024-10-31 20:52:06.705843,243061.72646940014,244637.32540714685,242217.49801738598,243804.43975786152,47094,20902.30107663422
2024-11-01 20:52:06.705843,245660.8008594209,245660.8008594209,241576.72359808662,244823.26674006725,19829,20989.649068935807
2024-11-02 20:52:06.705843,243309.81483801935,244552.87255928095,243084.59553833847,244390.16011027954,42978,20952.5171562311
2024-11-03 20:52:06.705843,245268.7669870704,248041.63666103245,243546.74139442254,244361.3875693669,26939,20950.050374602786
2024-11-04 20:52:06.705843,240808.0732476621,242157.6859738771,237116.9313806694,239952.28202744678,14941,20572.040640213203
2024-11-05 20:52:06.705843,244979.12733867177,244979.12733867177,241296.7501755092,242924.07995064015,20263,20826.82441277779
2024-11-06 20:52:06.705843,241123.9703340139,242296.46690668672,239501.17391375793,240899.40535136787,43208,20653.24119953428
2024-11-07 20:52:06.705843,238426.34837359926,241146.0361635682,237972.13693635707,239290.8001795357,37076,20515.329233499288
2024-11-08 20:52:06.705843,243628.17204400405,245101.72932148105,242516.83884300268,243191.84150095808,10287,20849.780649944965
2024-11-09 20:52:06.705843,242686.32137124435,242686.32137124435,239392.012142117,240901.2729465224,7373,20653.401315716943
2024-11-10 20:52:06.705843,241630.09258406152,244139.6486950376,240540.64736365975,242285.2176467434,43396,20772.05226738198
2024-11-11 20:52:06.705843,241264.13862379795,243063.06492055472,239568.19573629674,240748.58714868876,23155,20640.31096953779
2024-11-12 20:52:06.705843,238661.0622318794,240215.5344482923,237456.9156733418,238850.17013453486,32028,20477.552309202234
2024-11-13 20:52:06.705843,237259.78451521666,239814.12056983082,235489.93228332375,238284.07327477334,49873,20429.018627809786
2024-11-14 20:52:06.705843,241007.9558048059,241865.22192629133,239895.13448480327,240832.4571163407,30945,20647.501467450333
2024-11-15 20:52:06.705843,242393.56688859794,244082.87353584068,242153.4886673377,242818.42333184145,47358,20817.766060685997
2024-11-16 20:52:06.705843,239919.640371557,240945.15975047942,238545.98411620816,239914.18645187403,10657,20568.774558631176
2024-11-17 20:52:06.705843,244361.00199828038,244361.00199828038,242727.5493779132,243051.83782613216,13153,20837.77759140365
2024-11-18 20:52:06.705843,240807.43815170124,243394.33935277726,240807.43815170124,241428.38012552704,20133,20698.592260418984
2024-11-19 20:52:06.705843,244822.8248249772,247159.75620799322,243371.71114463182,244412.6127432208,31786,20954.442107614952
2024-11-20 20:52:06.705843,247100.44441489733,248494.6340992425,243417.54666436577,245139.85302290932,8615,21016.791239961363
2024-11-21 20:52:06.705843,241889.7221852149,243809.56807691825,241245.34845289285,242313.1282263948,22455,20774.445149725205
2024-11-22 20:52:06.705843,248007.9870877329,248283.93105072106,243826.47792417163,246586.41336292875,24358,21140.810473502122
2024-11-23 20:52:06.705843,246361.4971905952,247418.32146202607,243981.6723672248,245310.5591995115,8708,21031.426543167996
2024-11-24 20:52:06.705843,242482.8595627657,245888.71732367852,239630.45089511704,241906.60524220212,6295,20739.592356155874
2024-11-25 20:52:06.705843,242659.46530548937,245038.8005595886,242547.57953562972,243214.74620805396,25815,20851.74435940106
2024-11-26 20:52:06.705843,239417.2648037174,240820.45375583807,238652.819914765,240179.8232433502,22211,20591.54863197447
2024-11-27 20:52:06.705843,240387.0760535762,243024.69115866863,239794.79897058266,241521.37309974278,32973,20706.564909100034
2024-11-28 20:52:06.705843,245396.5311642554,247456.06218155278,243466.0579689596,244702.97949775084,39271,20979.336376693318
2024-11-29 20:52:06.705843,241882.8055893369,242945.63267988316,238020.2977781551,241390.91970246844,13234,20695.380632927678
2024-11-30 20:52:06.705843,249164.11426605325,250922.75662709368,247225.39840906946,249551.49227750098,45684,21395.018199374226
2024-12-01 20:52:06.705843,246659.7528985123,248092.08446835005,243821.55074451692,245475.98149103762,25448,21045.60883839486
2024-12-02 20:52:06.705843,242081.81150891888,243569.5468683971,241355.85662422064,242034.02553166825,38023,20750.516592221215
2024-12-03 20:52:06.705843,249790.4905865326,252774.9718517652,248616.58061658472,250442.82397630654,5117,21471.435526089383
2024-12-04 20:52:06.705843,248994.0130994066,248994.0130994066,244245.40445723382,246958.14507969457,47648,21172.6804766542
2024-12-05 20:52:06.705843,246475.77101411487,250566.12101969903,246475.77101411487,248389.03060495996,38305,21295.355847475992
2024-12-06 20:52:06.705843,246078.4516296055,247383.0945615056,245810.83910216994,246966.64142677834,48931,21173.408901472765
2024-12-07 20:52:06.705843,255017.17257540047,255017.17257540047,252766.86543872222,253573.92954188914,38281,21739.877361273077
2024-12-08 20:52:06.705843,246234.5679327757,246665.3876693061,244328.60424799685,246312.50863677243,30389,21117.327558022327
2024-12-09 20:52:06.705843,248108.81818598765,249322.9577526562,245175.07590401545,248546.13131083394,31372,21308.82470086025
2024-12-10 20:52:06.705843,248960.2660254784,248960.2660254784,244779.10792032853,247580.35272881278,48596,21226.024753841975
2024-12-11 20:52:06.705843,249894.55928529912,252217.96840912025,247706.3317604554,250036.3557468566,11662,21436.587426856706
2024-12-12 20:52:06.705843,250281.95029996254,252205.24568591846,247602.55991326083,249391.92775425303,11719,21381.338113361886
2024-12-13 20:52:06.705843,244484.295964484,245022.9163919023,242611.12666759445,244466.2983810101,24291,20959.044785751896
2024-12-14 20:52:06.705843,248072.6945957485,250973.97682798273,247706.6672565288,249515.4877680569,40131,21391.931393008992
2024-12-15 20:52:06.705843,249782.449643926,249782.449643926,244376.02133092706,247469.84493591165,34987,21216.550491761973
2024-12-16 20:52:06.705843,246107.0882311809,247932.69034330556,246107.0882311809,247313.95538800478,38194,21203.185475651986
2024-12-17 20:52:06.705843,250137.41536625076,250601.89826159095,249649.53094173947,249658.78025513375,35340,21404.21641419185
2024-12-18 20:52:06.705843,249036.04746801106,250697.7291250692,248241.32967355227,249084.7149657014,45944,21354.999568390038
2024-12-19 20:52:06.705843,254471.0196361287,255105.45988587043,251906.59806949276,254345.8554644239,16709,21806.057567251704
2024-12-20 20:52:06.705843,252441.41704470853,252441.41704470853,248921.98162742238,251250.94022882546,22846,21540.71846954951
2024-12-21 20:52:06.705843,255047.53535946168,257052.0635657913,252710.02053295975,255762.54932770028,37266,21927.516231798723
2024-12-22 20:52:06.705843,256768.25922160485,259318.86448054493,256768.25922160485,258363.5678722669,44426,22150.5116488569
2024-12-23 20:52:06.705843,252500.3392698208,255679.06349868182,252500.3392698208,253880.4369268082,39986,21766.155429253104
2024-12-24 20:52:06.705843,254644.9837567856,257770.5127230889,254617.33201251767,254835.3196917316,24414,21848.0212355737
2024-12-25 20:52:06.705843,254279.16166698115,255490.7025971891,252510.93185030148,255451.4420702528,38874,21900.843798889986
2024-12-26 20:52:06.705843,255360.80434042757,257493.577385196,252745.53113077968,255469.86039180277,26338,21902.422873096944
2024-12-27 20:52:06.705843,260343.39257651457,263348.7799067121,258328.98039845348,261419.46212470628,11330,22412.50532619224
2024-12-28 20:52:06.705843,256926.30585791043,257259.00102650496,254018.60691790105,256517.9166284001,18412,21992.276802846372
2024-12-29 20:52:06.705843,259776.60141349683,261502.9259770881,257904.95999601018,259633.38139605583,13775,22259.377691705748
2024-12-30 20:52:06.705843,258842.5514212705,260675.6841872797,257379.4257794391,258949.30659366277,49912,22200.72930329756
2024-12-31 20:52:06.705843,258187.19292703786,259981.14713970813,256430.76509084535,257739.55909913257,37836,22097.012954315207
2025-01-01 20:52:06.705843,263238.849062021,263238.849062021,258236.51482631723,260191.49520024552,19405,22307.22695475356
2025-01-02 20:52:06.705843,258585.110227181,258585.110227181,255428.37244689476,258095.58763795623,47080,22127.536663062092
2025-01-03 20:52:06.705843,256402.25135227275,258279.77689299532,255238.91701184458,256270.3815323296,25446,21971.05465812154
2025-01-04 20:52:06.705843,259614.41138896742,263492.74280314276,258450.59293617777,259518.71752535677,13320,22249.54711294211
2025-01-05 20:52:06.705843,256867.70748889475,257424.79132906123,255496.29070969363,256527.041614293,37162,21993.059123310442
2025-01-06 20:52:06.705843,258526.6415758429,259372.51981849948,257203.60634836974,257953.97900279536,20960,22115.396005040755
2025-01-07 20:52:06.705843,257119.4640136051,259238.4396146629,252993.63438053572,255976.76761599653,35258,21945.88199725622
2025-01-08 20:52:06.705843,257123.4536353525,258519.3587902556,256601.1742549211,256909.57028239252,26710,22025.854791014448
2025-01-09 20:52:06.705843,256822.6419182293,256822.6419182293,254526.6602182285,255513.1159218393,46956,21906.13133760625
2025-01-10 20:52:06.705843,252432.8526858332,255224.7863803023,250253.43773749738,253214.77957094542,49487,21709.086040033046
2025-01-11 20:52:06.705843,258156.39880727133,258310.01232159132,256365.86296094765,256783.96639216357,45046,22015.086281907028
2025-01-12 20:52:06.705843,256618.0988010599,257767.95863777373,252243.9034982141,256893.23930500005,6618,22024.454672925247
2025-01-13 20:52:06.705843,258023.3564551087,260155.58896048597,254218.178649735,257570.96588050495,47338,22082.5588031983
2025-01-14 20:52:06.705843,257120.50128606032,259342.31121710115,255259.54675486087,259024.8618998888,5284,22207.2069530083
2025-01-15 20:52:06.705843,260404.1006107506,262402.8969820416,258562.8194997202,259059.4360807132,33376,22210.17113174839
2025-01-16 20:52:06.705843,257552.05076563673,257552.05076563673,254115.378558642,255505.56332151944,6463,21905.483823861407
2025-01-17 20:52:06.705843,255317.5538003697,255317.5538003697,252505.25460322876,254321.34239090476,19313,21803.955966298417
2025-01-18 20:52:06.705843,256262.68048509952,256262.68048509952,254764.5171961261,254931.4324559762,8561,21856.261355965038
2025-01-19 20:52:06.705843,254898.7688062954,257876.03066675496,254106.0400287747,254150.77770407344,8411,21789.332793559108
2025-01-20 20:52:06.705843,251513.83097338703,253950.71974538866,251513.83097338703,253221.54108575743,42082,21709.665730946283
2025-01-21 20:52:06.705843,254190.05340944504,254845.01399581932,251917.3576414473,253546.1206273062,20328,21737.493195070834
2025-01-22 20:52:06.705843,253657.56876968828,254476.84131205746,250202.18923198603,252029.99168062594,30427,21607.509574813612
2025-01-23 20:52:06.705843,251227.18049136177,254968.2883732513,251227.18049136177,252960.5059689914,37356,21687.28617703973
2025-01-24 20:52:06.705843,249857.32101693237,250709.31083082146,249540.10107150767,249870.68510619397,26146,21422.38383969427
2025-01-25 20:52:06.705843,252698.57108655,253832.4821330017,252030.68634835814,253209.89258689707,21541,21708.66705991916
2025-01-26 20:52:06.705843,257841.0641126221,259363.97511744135,256784.74036833554,257131.19816063103,49220,22044.85580938195
2025-01-27 20:52:06.705843,253828.06593695216,254029.81598168935,252591.16995314576,253667.0696766845,41562,21747.862626601895
2025-01-28 20:52:06.705843,256462.7793754941,259427.7712914473,256462.7793754941,257162.7956351217,22993,22047.564783532383
2025-01-29 20:52:06.705843,252129.77848448884,253395.61446185756,250997.28837226436,251857.58975600117,34447,21592.728888546055
2025-01-30 20:52:06.705843,257056.3861576395,257056.3861576395,252618.80388730342,255336.8623341772,38578,21891.020433314232
2025-01-31 20:52:06.705843,253052.7198221141,255787.16544677297,253052.7198221141,255120.30451681616,14892,21872.45409094789
2025-02-01 20:52:06.705843,255050.55551725632,255050.55551725632,250829.53020999584,253175.70967501897,42478,21705.736426184754
2025-02-02 20:52:06.705843,251193.7764674759,252597.5189107526,250091.4500554763,251653.6019773501,13534,21575.240224395584
2025-02-03 20:52:06.705843,254291.90431554313,254746.11473734357,253147.27720795458,254478.9227956395,40988,21817.465946128214
2025-02-04 20:52:06.705843,253305.25141779645,253305.25141779645,249686.0786286272,251454.57168355517,9110,21558.17658466694
2025-02-05 20:52:06.705843,254074.5856539835,255749.8067583224,251830.89251510656,253984.5655765941,19774,21775.08278262981
2025-02-06 20:52:06.705843,252598.7641905352,254618.7278275647,252276.54198708705,253157.03195966186,26344,21704.135113139735
2025-02-07 20:52:06.705843,256263.65110289148,257289.7918386752,254939.13256635636,255589.5981782405,28052,21912.688458353954
2025-02-08 20:52:06.705843,253867.43202332425,256217.19457154925,252913.88260656584,253525.83030224114,46401,21735.753626735353
2025-02-09 20:52:06.705843,256694.50567732667,259125.3602043079,256145.5430360355,257678.08765896593,27421,22091.742769115735
2025-02-10 20:52:06.705843,255723.72169432923,258200.07267847547,253703.75749931752,255602.98814218765,47708,21913.836431943386
2025-02-11 20:52:06.705843,258360.52840389902,259827.46837884557,255067.23301682918,256858.1110352479,40354,22021.442989990388
2025-02-12 20:52:06.705843,255792.61063778857,258941.9004840119,255304.69520105261,256074.4717310174,43454,21954.258550327282
2025-02-13 20:52:06.705843,255471.99004993294,260053.03611005784,255471.99004993294,256960.47985263017,34805,22030.219466103412
2025-02-14 20:52:06.705843,257171.25249570844,260765.65542930746,257171.25249570844,257761.1495770101,9578,22098.863989798534
2025-02-15 20:52:06.705843,254918.9308346822,259453.57209078135,254372.50659243582,256310.1194657457,20844,21974.461545417154
2025-02-16 20:52:06.705843,259906.67579789492,260998.34361391055,257017.27353330556,259907.93852795038,48576,22282.916540462138
2025-02-17 20:52:06.705843,257922.7815161835,260106.91050413263,256611.44486870593,258188.32132575192,48556,22135.48708211179
2025-02-18 20:52:06.705843,257963.56535358093,257963.56535358093,253813.21204060566,256300.67135361567,29103,21973.65152208639
2025-02-19 20:52:06.705843,257098.04150668913,258964.46371515078,255529.87076131333,257596.75721192107,12323,22084.76999416333
2025-02-20 20:52:06.705843,257388.81296147872,258632.62583169006,255850.47151368475,257995.51986682732,28597,22118.957464577103
2025-02-21 20:52:06.705843,258769.7340919223,258934.9572300538,256392.89153216567,257591.32392752758,30341,22084.3041776001
2025-02-22 20:52:06.705843,257708.54743235893,260643.2631287696,257410.7875299253,258272.35173576017,40949,22142.691335370386
2025-02-23 20:52:06.705843,256710.59050352615,258266.99749847024,256120.4713085495,257231.49282158553,26128,22053.45446001248
2025-02-24 20:52:06.705843,255146.62843484688,255146.62843484688,252523.44770675915,253628.2823617983,42765,21744.537239523175
2025-02-25 20:52:06.705843,252885.4834952364,255316.9867323703,252885.4834952364,254532.143487477,27110,21822.02876264378
2025-02-26 20:52:06.705843,253349.9437208432,253912.93961954306,250542.88298918633,252855.74402370263,21908,21678.30452878109
2025-02-27 20:52:06.705843,252356.45514364817,253286.80790397708,250446.64958752645,251823.55931125456,18381,21589.811326410712
2025-02-28 20:52:06.705843,255267.40533186164,255566.33664518397,251373.55333896968,253321.2221597082,9414,21718.21177638102
2025-03-01 20:52:06.705843,251928.61586509942,254753.4201755768,250640.94950305214,251608.73421332205,47340,21571.393536807445
2025-03-02 20:52:06.705843,252020.59830361878,253369.4351026094,249800.90544973343,250955.03316674355,28888,21515.34920839708
2025-03-03 20:52:06.705843,255725.34836116698,257105.87780041283,253504.5525408071,255090.14483000163,21172,21869.868383916466
2025-03-04 20:52:06.705843,250505.17408184143,250505.17408184143,248255.06621305534,248695.41528645743,23924,21321.62339561535
2025-03-05 20:52:06.705843,246885.3503846969,249485.38465241608,246829.02516443568,247559.56208306612,49151,21224.242291072198
2025-03-06 20:52:06.705843,244716.74405093965,247745.02864519635,244716.74405093965,247053.67155433423,30803,21180.870332161714
2025-03-07 20:52:06.705843,246095.99086348893,249215.3237264054,246095.99086348893,247519.06652893804,39250,21220.770450011834
2025-03-08 20:52:06.705843,245913.04871990607,249985.5983156921,245913.04871990607,247033.14384984647,33042,21179.110412366812
2025-03-09 20:52:06.705843,253782.34702171956,253804.60923663664,250273.24219628965,251417.06403538113,9048,21554.960908383156
2025-03-10 20:52:06.705843,252853.69123770655,253218.8103766606,250598.66007954726,251004.19992117948,30526,21519.564465121697
2025-03-11 20:52:06.705843,248108.76011409855,249978.9246787295,248108.76011409855,248492.21667015547,31392,21304.202389416623
2025-03-12 20:52:06.705843,250600.87846217427,251626.00877111967,247897.14442058792,249820.34611233225,43982,21418.06808233301
2025-03-13 20:52:06.705843,248010.39044758063,252883.27515017526,248010.39044758063,249761.24683723593,30635,21413.001272053836
2025-03-14 20:52:06.705843,248906.80036120446,249140.78301052822,246458.72904818633,247557.90373518388,20015,21224.100114470497
2025-03-15 20:52:06.705843,249414.12299307025,249414.12299307025,247549.33061608396,248499.88774797152,41155,21304.86006069715
2025-03-16 20:52:06.705843,246281.91695873847,246925.89307392723,244763.35878373205,246537.34527569328,42816,21136.60367589963
2025-03-17 20:52:06.705843,249209.98437158403,251577.80633007266,249079.3087979509,250009.36375092418,18417,21434.273298261676
2025-03-18 20:52:06.705843,253283.18023051202,255674.90100487164,250640.81906500182,254162.04406129025,10149,21790.298702099644
2025-03-19 20:52:06.705843,251167.31498118062,253979.38277138656,249581.77476728268,251792.72420297825,30264,21587.167712875365
2025-03-20 20:52:06.705843,246224.9258655888,249718.9711885622,245564.42582655908,246940.84859637948,32348,21171.197581994125
2025-03-21 20:52:06.705843,250683.40094720808,251703.85439103632,248746.72284248687,250474.4170021412,37124,21474.144118839267
2025-03-22 20:52:06.705843,251619.49793905116,251931.00660534942,250566.08629012635,251733.41983691897,27668,21582.083319351765
2025-03-23 20:52:06.705843,249720.7733234429,251610.43612448213,249006.21194694817,249429.95384224478,33702,21384.59823750384
2025-03-24 20:52:06.705843,251414.63506456578,252271.97413886874,250362.60376585895,251642.44464442434,8546,21574.283662930757
2025-03-25 20:52:06.705843,249204.0389584606,250287.33297033192,247713.2444023969,247738.03948660527,6978,21239.543851732276
2025-03-26 20:52:06.705843,249515.6917816576,252147.48959341834,248779.90873636462,249585.80055457415,37178,21397.95958115348
2025-03-27 20:52:06.705843,247620.91881258707,247903.99886093306,245601.15281506462,247343.0422451846,39643,21205.679204834072
2025-03-28 20:52:06.705843,250031.22607411767,251611.9664087448,249867.0256365848,250329.794419191,24484,21461.745063373713
2025-03-29 20:52:06.705843,248959.4383178484,250448.80012408353,248572.57323805804,249863.98690150207,36593,21421.809576603402
2025-03-30 20:52:06.705843,247853.15976421014,248276.71214812566,246565.2104344381,247408.11077564952,41125,21211.257782548826
2025-03-31 20:52:06.705843,251447.18224089872,254223.87668862139,251228.56494801317,251827.18883961506,32494,21590.122499966998
2025-04-01 20:52:06.705843,256319.59751817083,257293.7896492484,254246.98991536186,256329.22076672598,31740,21976.099174102023
2025-04-02 20:52:06.705843,250911.25997319867,251400.57435136882,249079.1023369857,250321.38016641268,34086,21461.023676818648
2025-04-03 20:52:06.705843,251691.62227907704,255671.3195739782,251145.6789560686,252964.63961521507,34079,21687.640570577423
2025-04-04 20:52:06.705843,255253.7304722508,257797.40237868577,254632.5333750681,256278.6998117475,24963,21971.767816507847
2025-04-05 20:52:06.705843,254793.62110005232,257774.31571687857,254793.62110005232,255643.99744362762,38360,21917.352318555182
2025-04-06 20:52:06.705843,256678.45206417973,257572.9414381953,253532.81276714886,255686.59477471112,36692,21921.004353113094
2025-04-07 20:52:06.705843,254444.62552121264,254698.10811798603,251929.60206865284,252473.8701063946,49002,21645.564995404202
2025-04-08 20:52:06.705843,255271.81610241678,255271.81610241678,251955.5713432278,253155.99228219758,27722,21704.045977554662
2025-04-09 20:52:06.705843,252603.41686141488,253612.36694878712,251822.52584633074,252759.43609196294,13559,21670.04767592275
2025-04-10 20:52:06.705843,249188.79852602206,252827.69734276456,249188.79852602206,251900.97005715795,37806,21596.448050167863
2025-04-11 20:52:06.705843,252691.7049308506,254328.74074456384,252691.7049308506,253533.67308812292,30615,21736.426019214927
2025-04-12 20:52:06.705843,251889.16676068338,255379.2638815768,251889.16676068338,253148.34494759375,26538,21703.390341871895
2025-04-13 20:52:06.705843,250182.5242173091,252614.51807186764,248349.78110529424,250389.7846357718,8012,21466.888257525017
2025-04-14 20:52:06.705843,246812.4118005902,249240.95314530513,244619.36304056188,246039.01526287774,12663,21093.879909368807
2025-04-15 20:52:06.705843,241760.728300078,245726.91372871175,241760.728300078,243997.81456389444,23685,20918.879849442255
2025-04-16 20:52:06.705843,249453.27209431765,249847.2914902176,246862.84589440172,248589.97860819608,40661,21312.583899879635
2025-04-17 20:52:06.705843,251167.82822133988,251915.77640267898,248272.04425226897,250003.14009042742,7250,21433.73971968685
2025-04-18 20:52:06.705843,250728.435711805,254013.02549772966,250320.26005299453,251005.90673765424,33512,21519.710797123993
2025-04-19 20:52:06.705843,245636.91984247498,245636.91984247498,242919.75769971503,244668.9770177893,24014,20976.42121208756
2025-04-20 20:52:06.705843,247462.94936598826,247462.94936598826,244067.59671037193,246267.622465793,24936,21113.479292334792
2025-04-21 20:52:06.705843,244936.0935181288,247971.70205330872,244936.0935181288,247119.6094729387,14164,21186.523445896666
2025-04-22 20:52:06.705843,247238.92069016397,247238.92069016397,243574.82646012327,245975.93637507636,20211,21088.47191144345
2025-04-23 20:52:06.705843,243510.5698223041,245951.9487298866,242841.27298115255,244517.31203096136,13888,20963.418383998745
2025-04-24 20:52:06.705843,240849.18150224822,244073.03846971065,240849.18150224822,242862.62031830417,17685,20821.55523990948
2025-04-25 20:52:06.705843,249242.15837199125,250475.954308943,247494.6214637168,248524.44785064275,10009,21306.96569364221
2025-04-26 20:52:06.705843,245669.80850789955,246007.57326218783,243245.6044189985,245907.52670331698,26074,21082.606884715104
2025-04-27 20:52:06.705843,243897.6950176792,245617.64824144615,240614.49618385156,243662.3456362457,42490,20890.118795974427
2025-04-28 20:52:06.705843,244626.85128758845,245563.54989333465,243802.18874758683,245023.7703659054,41182,21006.839023140037
2025-04-29 20:52:06.705843,246525.06740882405,247121.26668869852,243881.1652117053,245645.59253592012,28304,21060.15025170783
2025-04-30 20:52:06.705843,248370.25207716995,249901.4589892356,247129.50086625986,247982.10170505365,15966,21260.468253176754
2025-05-01 20:52:06.705843,244902.85508853424,246611.3909222684,242309.51423698032,245008.8235641116,30342,21005.55757579832
2025-05-02 20:52:06.705843,245522.22786477578,246913.0573076933,243899.53263496447,246170.38334701787,8753,21105.142605197005
2025-05-03 20:52:06.705843,247867.43406158133,248065.21549041098,245900.65053328642,246302.67089503637,46148,21116.484130232886
2025-05-04 20:52:06.705843,245362.5494345958,247404.5577122414,245362.5494345958,247339.52930024313,22425,21205.37802642688
2025-05-05 20:52:06.705843,244709.65543808494,244842.59105522712,240822.20435706017,242950.44268464332,22971,20829.08459230481
2025-05-06 20:52:06.705843,242636.03073708096,244110.80771983508,241271.5255112873,241973.11548363228,6521,20745.294537348447
2025-05-07 20:52:06.705843,240762.22506916896,243734.71145979897,240762.22506916896,241419.30536909058,42522,20697.81424632121
2025-05-08 20:52:06.705843,238437.05339839333,242490.0812462326,237622.90855874642,240352.01298729447,23668,20606.311127168592
2025-05-09 20:52:06.705843,239751.81662778364,242079.37741416102,237398.20132102811,239503.0145454112,43639,20533.523194908368
2025-05-10 20:52:06.705843,237045.88699198843,239328.84922509608,236206.37903607238,237524.34267362722,40346,20363.88397407641
2025-05-11 20:52:06.705843,238225.31670722202,239598.56790696573,236630.55098706915,237387.20865062837,24372,20352.1269419263
2025-05-12 20:52:06.705843,239093.43483828555,240172.49933048914,235867.1565253845,239119.48769029853,14629,20500.641948756733
2025-05-13 20:52:06.705843,241494.93776381854,241494.93776381854,237100.21640393735,239737.95200004563,19753,20553.665294928465
2025-05-14 20:52:06.705843,240004.16733749514,242580.448698076,239345.94435143875,239781.54524680026,23963,20557.402713203042
2025-05-15 20:52:06.705843,237925.6165399859,239539.29411371902,236951.59736357696,237653.47576223986,7105,20374.955055061717
2025-05-16 20:52:06.705843,234924.05484326225,238035.5743104427,234924.05484326225,237701.6333507292,32280,20379.083792072117
2025-05-17 20:52:06.705843,242342.77178313685,242622.8815240395,241162.47897800774,242563.76440485098,7962,20795.933162281464
2025-05-18 20:52:06.705843,240794.5752251584,242393.05818989372,238365.95791164096,240406.2441481607,26277,20610.96057511666
2025-05-19 20:52:06.705843,240765.98386161277,243267.06015477498,238364.57819236108,240194.8716802512,49356,20592.838792888477
2025-05-20 20:52:06.705843,236602.95653098452,238019.88063488997,234979.5561791252,237316.86792804423,19490,20346.096358714356
2025-05-21 20:52:06.705843,241192.71333254053,243254.71563087922,237392.6645099399,240840.96003794944,24602,20648.23045592845
2025-05-22 20:52:06.705843,234485.90960038174,236329.942007435,232774.56673028626,234632.4744991051,32857,20115.9528891551
2025-05-23 20:52:06.705843,236179.98287595142,237644.74347229794,233886.06725039272,237038.02627534285,11935,20322.190181356556
2025-05-24 20:52:06.705843,239543.95650117216,240456.48545936932,235095.58232543536,238691.3021196861,46597,20463.93193755882
2025-05-25 20:52:06.705843,235085.68780709975,237592.29508258146,233898.12501135597,235739.18357402654,49607,20210.835354426144
2025-05-26 20:52:06.705843,232248.91289722742,234563.81462968115,229316.61409182183,232539.78113874467,44247,19936.53816347262
2025-05-27 20:52:06.705843,230593.58629717797,233062.3120464629,230593.58629717797,231937.88928728178,48289,19884.935638484378
2025-05-28 20:52:06.705843,234353.8293564507,234353.8293564507,231780.0608487721,233035.020853312,9832,19978.996986737995
2025-05-29 20:52:06.705843,237151.30284250813,238130.6434833921,233920.582472024,235628.47195465604,43939,20201.343617511662
2025-05-30 20:52:06.705843,234456.04838326902,238297.76417219493,233084.4697581981,235349.61546516974,8976,20177.436168138694
2025-05-31 20:52:06.705843,235721.81559230224,238370.8619490244,234118.43028305724,235318.46173210812,19114,20174.765237663592
2025-06-01 20:52:06.705843,235607.3318984117,238067.2453984952,233387.95714935273,234720.1098593618,46545,20123.466208793023
2025-06-02 20:52:06.705843,234549.56929123044,235113.5456447316,233979.815589004,234917.40785081394,42054,20140.381331516972
2025-06-03 20:52:06.705843,235397.87235831007,235684.18798992815,233653.85755668482,235477.30482001265,44811,20188.383472223308
2025-06-04 20:52:06.705843,239062.74146292114,239982.7315099753,237211.88732099818,239700.35623611574,7304,20550.442064138868
2025-06-05 20:52:06.705843,237863.21778763126,238698.84818904786,236698.31823592528,237560.1182796475,30344,20366.951155662508
2025-06-06 20:52:06.705843,237632.18604444253,239406.22158515602,236473.5814376813,237660.03965013527,13193,20375.5178026522
2025-06-07 20:52:06.705843,240519.0005421232,240519.0005421232,238487.53452317533,239240.2062805832,38568,20510.991622135047
2025-06-08 20:52:06.705843,243889.75015070988,246263.38229907604,243018.70037985325,244263.46418303985,24091,20941.65502255143
2025-06-09 20:52:06.705843,240276.3078943735,242432.07645787724,240053.27138065247,241925.138545278,17040,20741.181288175412
2025-06-10 20:52:06.705843,236232.43312567557,240124.8309015,234874.0280304081,237478.47377189985,20130,20359.95145506686
2025-06-11 20:52:06.705843,232792.01589969738,235824.66366718253,232469.1408468149,234387.51202033844,42505,20094.951304898703
2025-06-12 20:52:06.705843,236546.06782916392,237269.69551530463,235967.28187155203,237185.12274468798,28794,20334.801332706447
2025-06-13 20:52:06.705843,235587.16429384472,236105.15292940347,234801.26109383377,235157.93566688345,26312,20161.00271492485
2025-06-14 20:52:06.705843,236003.89161844025,238629.49156387744,235877.998298424,237129.34293508655,45221,20330.01911309041
2025-06-15 20:52:06.705843,234874.34059088034,236668.21033850836,234175.42419546595,234805.518518302,40353,20130.78862468296
2025-06-16 20:52:06.705843,235824.79256783912,236479.52743741503,232260.95272363842,235176.8577378794,23882,20162.624977527386
2025-06-17 20:52:06.705843,235296.13991986425,238531.26685883873,233784.5456811513,234717.18261311052,37514,20123.21524460824
2025-06-18 20:52:06.705843,233200.71964066502,235162.61032291333,233200.71964066502,234124.95911607417,9255,20072.441625177828
2025-06-19 20:52:06.705843,234684.40975169334,235869.73330501717,233052.30846798394,234545.2559022922,41775,20108.47530026511
2025-06-20 20:52:06.705843,236165.52956487375,236521.42383591257,235690.46150847423,236148.73493576236,6767,20245.9477825585
2025-06-21 20:52:06.705843,236587.05389700946,239793.72177101034,236587.05389700946,237212.04803074145,10058,20337.109742004584
2025-06-22 20:52:06.705843,231395.6070957566,233885.07245894097,228807.60102587173,232030.3569291563,7328,19892.863248384456
2025-06-23 20:52:06.705843,238691.7351876588,239578.99563522983,237206.02969712557,238632.6929362831,30477,20458.907144743065
2025-06-24 20:52:06.705843,233453.58730565352,234888.19869493856,231750.56049773825,234148.91586751858,9666,20074.495530479988
2025-06-25 20:52:06.705843,236051.12047226736,238197.23966085768,233483.08589584907,235761.8018232235,23890,20212.774504734527
2025-06-26 20:52:06.705843,237944.00684006547,242385.18401373934,236745.94466572304,238784.03433958488,10607,20471.88223076002
2025-06-27 20:52:06.705843,233317.01570769036,237484.53143889995,232809.56018629274,234945.09090000959,29562,20142.754706790947
2025-06-28 20:52:06.705843,235965.6964897223,235965.6964897223,233688.12577155058,234811.43833996725,32285,20131.296153975243
2025-06-29 20:52:06.705843,240688.38773172064,243751.8082656712,240688.38773172064,241136.47008039412,13774,20673.565679046136
2025-06-30 20:52:06.705843,238970.52943570388,241410.64609930938,236565.72294425583,238475.12585304145,24616,20445.398307016585
2025-07-01 20:52:06.705843,237033.82014134116,238293.2915879031,233809.0448068146,236374.7857209381,37881,20265.327993907587
2025-07-02 20:52:06.705843,233745.25278366814,236672.71172640874,233444.5732240106,234677.64124801714,22147,20119.825209878014
2025-07-03 20:52:06.705843,235436.620914427,236505.4482250901,234004.27874005015,234777.98247715295,42839,20128.427852979505
2025-07-04 20:52:06.705843,235121.5640969062,238136.78414110895,234776.06529779697,236132.6298047312,49227,20244.567027154597
2025-07-05 20:52:06.705843,235470.59803529715,236339.21532492072,232134.8827617417,233966.30292689631,47405,20058.839414171496
2025-07-06 20:52:06.705843,234342.34714882774,236135.9214537101,231640.09561238962,233985.7484030037,15014,20060.506550326107
2025-07-07 20:52:06.705843,229803.80912153394,231739.7670776059,228907.70818606458,230785.36819299514,33712,19786.125530949514
2025-07-08 20:52:06.705843,232111.861275206,232765.15089025025,230478.7065825873,232187.50109134134,27474,19906.33582744696
2025-07-09 20:52:06.705843,235226.65956977595,235731.76131347692,233575.4235606413,233823.03519842995,33504,20046.55651564043
2025-07-10 20:52:06.705843,228145.41533248182,231627.2866940689,227046.71552116633,229510.40577996182,17015,19676.818053837604
2025-07-11 20:52:06.705843,231919.06510309924,232459.5857992705,230096.80897940675,231251.8912890665,18412,19826.12236703245
2025-07-12 20:52:06.705843,233944.1336673621,235163.053978303,231402.23092930953,232607.41686916602,24618,19942.336837205592
2025-07-13 20:52:06.705843,233885.19664046014,236866.14647107047,232692.53129756075,234511.95776124598,36956,20105.620521368826
2025-07-14 20:52:06.705843,229697.37557989455,230765.95065692498,228835.40771585907,229851.70806332148,21780,19706.07922353579
2025-07-15 20:52:06.705843,230672.8736788099,232749.4820069824,227514.21476678795,229341.29082902876,10102,19662.319172584772
2025-07-16 20:52:06.705843,226811.160470785,227897.21862052492,223976.07149128517,225858.1846619854,42504,19363.69895936089
2025-07-17 20:52:06.705843,228122.0528755012,231210.8876584361,227354.08750777078,228502.67426077827,43776,19590.42131865383
2025-07-18 20:52:06.705843,229269.4096772915,231211.64800117517,228894.32876805722,229203.98700069543,38474,19650.54758236415
2025-07-19 20:52:06.705843,225723.36558721014,225723.36558721014,224943.1028561469,225264.23616099491,36838,19312.77744864497
2025-07-20 20:52:06.705843,223392.6923366916,226131.4745502147,223392.6923366916,224245.76538111034,16137,19225.45999495116
2025-07-21 20:52:06.705843,223911.9466880339,224696.85041096178,222034.4714466625,223683.7912489728,10190,19177.279771002468
2025-07-22 20:52:06.705843,224370.63800204187,225397.6001633859,223021.6629918579,224717.27917195545,23212,19265.88470267108
2025-07-23 20:52:06.705843,221128.80344126193,223071.90968262713,218126.19187796063,220763.0222562804,14893,18926.87090674558
2025-07-24 20:52:06.705843,221847.2000762062,223178.27616441206,220603.2557805304,222589.57349131763,13848,19083.468234852335
2025-07-25 20:52:06.705843,225746.53453121686,228018.44615198122,225746.53453121686,225914.9821586311,8782,19368.56842923792
2025-07-26 20:52:06.705843,225734.94728451956,228602.97757948798,225734.94728451956,227421.95021210265,36797,19497.766650557496
2025-07-27 20:52:06.705843,223426.81175148024,225322.14596969754,223426.81175148024,224403.54728803172,25822,19238.987250345657
2025-07-28 20:52:06.705843,227898.86776856234,230028.8650258968,225309.65751560926,227471.33684301583,35108,19502.000758146078
2025-07-29 20:52:06.705843,225500.155401444,228061.1761445131,223876.7805293578,225984.90665526592,15418,19374.56332778343
2025-07-30 20:52:06.705843,225899.71984314657,227059.2379378761,225605.4899851667,226851.8899987479,20420,19448.893175475645
2025-07-31 20:52:06.705843,225923.71092691002,227685.45181340232,225332.8549068164,226220.09851632183,44294,19394.727239053656
2025-08-01 20:52:06.705843,222236.39193477933,223005.1727871984,219504.0263538504,221658.90280291348,28813,19003.678223843748
2025-08-02 20:52:06.705843,225752.7693616003,228953.02779997385,223647.47287842954,226017.82967588605,19873,19377.385946149352
2025-08-03 20:52:06.705843,225253.63754197318,225539.15151814034,222658.36788802207,223710.95251564158,15126,19179.60841183484
2025-08-04 20:52:06.705843,222550.24594053594,224037.1482037859,218883.20560924025,222300.7833377207,18915,19058.70913389238
2025-08-05 20:52:06.705843,224737.67497818434,227695.78215967037,223381.9124905482,225232.99498481935,49911,19310.099021332248
2025-08-06 20:52:06.705843,223059.760306043,223857.51431502058,222034.18417350686,222470.00513728257,42246,19073.21717569295
2025-08-07 20:52:06.705843,221004.77138202466,222853.83502841915,220578.68990861173,222017.73298777128,49099,19034.442128581213
2025-08-08 20:52:06.705843,220058.41411788468,220058.41411788468,216133.32617587817,218711.8711411178,24626,18751.017759012157
2025-08-09 20:52:06.705843,223921.67832595148,227019.42959130535,222195.58800959395,224988.09074228394,20359,19289.10242989403
2025-08-10 20:52:06.705843,218208.18895956854,221149.31256371224,217643.27824520125,219694.22015795804,14287,18835.2383537344
2025-08-11 20:52:06.705843,223116.35896181353,224000.3975438389,220247.70708980836,222218.84092175594,33954,19051.683892468787
2025-08-12 20:52:06.705843,219314.48366486814,220338.05054542053,218250.6596407217,219432.25337922008,9809,18812.778924830254
2025-08-13 20:52:06.705843,216359.48342974883,216540.54889126463,213176.64067150708,215682.84334312577,28006,18491.327447112977
2025-08-14 20:52:06.705843,220498.2782705808,221995.10398491708,218543.23268497566,219665.9547607665,18453,18832.815051506044
2025-08-15 20:52:06.705843,221554.01156476044,223247.09234281568,220746.4293517614,221215.21131074056,8299,18965.638829796
2025-08-16 20:52:06.705843,222695.89474998447,223885.05587412557,221832.51722600113,222400.1814026524,23869,19067.23091586526
2025-08-17 20:52:06.705843,218016.92317017404,219652.66443005914,215714.9482763488,217921.1560193434,48087,18683.226682042474
2025-08-18 20:52:06.705843,219531.36773197874,222934.27466753387,217712.45056709056,220483.85730528148,28599,18902.937011769674
2025-08-19 20:52:06.705843,219428.05339546254,220064.31201187414,218332.52138267254,218817.50463215777,41969,18760.074128271415
2025-08-20 20:52:06.705843,219450.36696930064,221073.37421984694,219058.424369588,219562.60825118303,28973,18823.954754045186
2025-08-21 20:52:06.705843,219497.01142272653,221869.83791185735,215439.89815761478,218208.40421628702,41080,18707.85358507262
2025-08-22 20:52:06.705843,222534.58147705765,224323.1689425747,220680.03257409052,222906.0277493965,32123,19110.59908688242
2025-08-23 20:52:06.705843,218917.47010408287,221656.0902328432,215605.23720411875,219661.42736236154,33322,18832.42690006529
2025-08-24 20:52:06.705843,221684.50519778993,223948.50304334777,221024.9852979665,221556.2978068162,13719,18994.88149921264
2025-08-25 20:52:06.705843,218640.6982364877,223210.2679301586,218640.6982364877,220110.15875817105,17593,18870.89838461686
2025-08-26 20:52:06.705843,217722.16733839537,218905.0436158747,215414.30173952872,217335.69643852956,37098,18633.03295940754
2025-08-27 20:52:06.705843,222020.04190890084,222359.94870923727,220850.37158129684,220863.03268764305,5432,18935.44518926981
2025-08-28 20:52:06.705843,221017.7617147913,221739.5053923354,218984.37264005365,220579.90330667535,32446,18911.171408322647
2025-08-29 20:52:06.705843,219047.9450415783,220066.64138327754,216854.24111001324,219482.3612144978,24004,18817.07486406874
2025-08-30 20:52:06.705843,221767.32562519034,222139.43170804286,220164.27536222214,222086.96268716262,27095,19040.377459461815
2025-08-31 20:52:06.705843,216460.24598274374,218628.66600383646,215142.84265242598,216463.32592575534,19135,18558.24124877875
2025-09-01 20:52:06.705843,217469.5425321567,218731.02551864335,214890.23924293285,217026.04125563326,31007,18606.485018487077
2025-09-02 20:52:06.705843,217255.3667534513,220523.12580386808,216358.36897676898,219314.40120663182,6191,18802.67500056857
2025-09-03 20:52:06.705843,221248.49237977687,221432.14349546804,219529.05239291617,219774.4968475898,46551,18842.120785973064
2025-09-04 20:52:06.705843,216664.89814478412,220141.32612362687,216664.89814478412,217929.7934578163,38081,18683.96720317355
2025-09-05 20:52:06.705843,219621.41499521962,221242.70940705488,218829.48162790173,220076.47224668364,22028,18868.01030921499
2025-09-06 20:52:06.705843,221845.26334847463,224156.09868577027,221845.26334847463,223365.30489876217,47874,19149.97469982529
2025-09-07 20:52:06.705843,220855.338256758,221645.35456442065,220147.69194623118,220687.70427989686,49617,18920.41360424356
2025-09-08 20:52:06.705843,224701.5482297883,226283.834440222,223015.33502064162,224179.8715999582,9946,19219.81066529134
2025-09-09 20:52:06.705843,217372.5027569057,219609.38235591192,216217.1392751305,217574.18250187993,16508,18653.479295428664
2025-09-10 20:52:06.705843,217673.9152433186,217985.22154276195,213434.16980726353,217198.26929139288,15396,18621.25079658718
2025-09-11 20:52:06.705843,220807.06954423536,222418.40806906988,218829.417782733,220755.26152541052,11281,18926.20554916071
2025-09-12 20:52:06.705843,221035.51219709107,222678.61953906994,219116.39132435885,220828.60835968336,5180,18932.493857997546
2025-09-13 20:52:06.705843,224665.3332749955,225791.2798883958,221982.81877714256,224380.87724406415,45318,19237.04365947052
2025-09-14 20:52:06.705843,223850.92908809657,223850.92908809657,220544.3882149599,222936.25446221192,46152,19113.190540313095
2025-09-15 20:52:06.705843,223078.39500302073,225523.54549200213,221833.8024218525,223281.09742829864,42667,19142.75526648651
2025-09-16 20:52:06.705843,225636.524704816,225636.524704816,221769.12651012247,223347.48042478366,28105,19148.446538475964
2025-09-17 20:52:06.705843,227901.04033689358,227901.04033689358,226100.14373287844,227292.19706724794,29039,19486.64240974348
2025-09-18 20:52:06.705843,227157.5007536813,227157.5007536813,225728.21681958265,226309.99704425043,13693,19402.434588841774
2025-09-19 20:52:06.705843,222104.25986428646,223972.0062966796,219735.01464461646,222956.35934870742,46766,19114.91421028013
2025-09-20 20:52:06.705843,229981.92736840146,229981.92736840146,226223.89432480422,229280.9261653102,38112,19657.14387562673
2025-09-21 20:52:06.705843,226089.5072073345,227160.498283213,223152.6638058447,225223.6660521035,10404,19309.29921571532
2025-09-22 20:52:06.705843,224921.10560051954,225201.8031375759,221286.04528640796,223889.19283725807,33742,19194.88964654133
2025-09-23 20:52:06.705843,222947.15226201972,224514.19564318005,222375.925930897,224025.97022306043,28850,19206.616102800104
2025-09-24 20:52:06.705843,231140.7089589698,233924.88187205017,228578.90325888956,230220.70975870974,37101,19737.715171357144
2025-09-25 20:52:06.705843,224084.09295430133,227282.73810826553,222789.9227629812,225432.77860914078,24253,19327.227247011382
2025-09-26 20:52:06.705843,223636.0168868525,225592.8093317738,223433.82617640498,223876.17366002605,24714,19193.77346193639
2025-09-27 20:52:06.705843,227141.75416118454,230378.90504550788,226724.93128922887,228145.132509479,37200,19559.767876327074
2025-09-28 20:52:06.705843,224773.2817922262,226800.89274442167,224729.34727292767,225316.01102590296,11631,19317.216308805124
2025-09-29 20:52:06.705843,228175.37723955768,230068.11523451758,227326.34093018487,229060.2452685827,41269,19638.224045660383
2025-09-30 20:52:06.705843,232164.64113139885,232475.1978933456,229689.23175474346,231579.6738746819,32293,19854.22444055915
2025-10-01 20:52:06.705843,228964.551173585,230579.13784342608,228964.551173585,229131.33654471947,43992,19644.318976742066
2025-10-02 20:52:06.705843,232130.15036626905,234869.49560038044,231704.9203627024,232762.58944828453,42162,19955.64038479806
2025-10-03 20:52:06.705843,231854.01108748198,233257.86202171867,231433.0920734885,231821.0248963456,33457,19874.916400578328
2025-10-04 20:52:06.705843,233161.4302445414,233581.34330257922,229650.70911373742,231494.7487988386,9298,19846.943484125397
2025-10-05 20:52:06.705843,235088.069312385,235388.91703801238,234618.95942020344,235018.27882808144,26116,20149.02939198229
2025-10-06 20:52:06.705843,235484.02414356024,237109.29868611423,234704.6863170435,235513.84258754007,6601,20191.51599687415
2025-10-07 20:52:06.705843,227368.31121095776,230603.2338615499,226964.76815304486,228671.72511318963,43312,19604.914704491566
2025-10-08 20:52:06.705843,232116.99781295544,233692.48239472948,229378.12348484536,231547.37275134883,24070,19851.455139861868
2025-10-09 20:52:06.705843,229739.81692956894,231816.65477425617,227843.80526883242,230391.99970340513,6153,19752.400523268618
2025-10-10 20:52:06.705843,231767.19860198893,233751.7323446236,231260.1239461618,231402.37537381778,7860,19839.023951801937
2025-10-11 20:52:06.705843,225740.85861485006,228226.73400894433,225740.85861485006,227561.603760344,16196,19509.739691387516
2025-10-12 20:52:06.705843,234544.79817282903,236257.0583721568,231431.0490287375,232671.63735262543,32539,19947.842708558423
2025-10-13 20:52:06.705843,227844.16391749607,230188.0395145241,227844.16391749607,229873.65155037632,21770,19707.960523866284
2025-10-14 20:52:06.705843,229721.06699553502,231715.02399643415,228236.05500637388,229394.1170887824,42039,19666.848172906586
2025-10-15 20:52:06.705843,232463.67479102872,232463.67479102872,230838.29982046125,230846.30483806707,30072,19791.349866089426
2025-10-16 20:52:06.705843,233787.83171029345,233787.83171029345,230562.36799481613,231957.62731341334,12065,19886.62785608825
2025-10-17 20:52:06.705843,234968.1350458281,236050.71837045436,232163.4886331711,234085.16069893521,26193,20069.029552377848
2025-10-18 20:52:06.705843,231328.74839645234,234853.96126297602,231328.74839645234,234067.3919987894,24261,20067.506172735717
2025-10-19 20:52:06.705843,234984.11431372561,236837.08218181532,234669.21535344838,235136.1589962455,32290,20159.135716413366
2025-10-20 20:52:06.705843,239245.84596560182,239245.84596560182,233959.60946405696,235822.78267272876,30309,20218.00262969211
2025-10-21 20:52:06.705843,230228.63831794108,232568.80856622983,229937.1193285892,231473.91137761774,30824,19845.15701111263
2025-10-22 20:52:06.705843,233767.03602125795,234520.8610717536,232532.69178822867,233960.11602759518,26800,20058.30898727668
2025-10-23 20:52:06.705843,237484.93875751423,238407.33211231712,234630.3355273478,237044.67463087896,5999,20322.760170685782
2025-10-24 20:52:06.705843,236131.54571747672,237837.8521869706,233559.23699919018,236040.63473298826,27176,20236.67993252643
2025-10-25 20:52:06.705843,231169.83756146414,233050.8175567183,229586.24963213922,232227.72404476188,5965,19909.784297390423
2025-10-26 20:52:06.705843,233415.2548264896,235348.88315519658,232056.15667847852,232375.67242673392,20298,19922.46848651697
2025-10-27 20:52:06.705843,235977.9137127531,237925.67754167737,234591.57826908355,236315.18105677317,48709,20260.217854661623
2025-10-28 20:52:06.705843,235236.4282055822,237651.87614199318,232302.73021554772,235955.6494116185,28097,20229.393811009817
2025-10-29 20:52:06.705843,238615.1945712775,240335.15768152828,235698.71846133118,237383.3821093784,26970,20351.798877690195
2025-10-30 20:52:06.705843,237199.2146729293,238613.92397703163,233897.26962941172,236596.65516311864,32741,20284.349722489595
2025-10-31 20:52:06.705843,238290.7665305577,240860.4460922572,237334.0658316516,238111.25970686172,16794,20414.202649765237
2025-11-01 20:52:06.705843,237851.91640319236,241367.6614297681,237851.91640319236,238548.30057385465,16386,20451.671859898375
2025-11-02 20:52:06.705843,241918.39663650564,244240.89072874648,240344.10020692772,242081.2458485611,44948,20754.564973299137
2025-11-03 20:52:06.705843,236098.92950033606,238695.0047764998,235618.56762568763,238084.96564528748,30045,20411.94835779214
2025-11-04 20:52:06.705843,242564.27258256363,242821.38819062628,241278.25251437875,241983.97942425386,26414,20746.22594515208
2025-11-05 20:52:06.705843,239946.03891044788,242340.91818255876,237533.87569111364,240142.05236202144,17020,20588.310387690453
2025-11-06 20:52:06.705843,242202.83471989573,243488.67672680333,239548.79235586087,242427.60219698233,41472,20784.259447615084
2025-11-07 20:52:06.705843,241229.2100879241,242593.63955892398,240961.32746393452,241218.4588386568,13720,20680.59489357483
2025-11-08 20:52:06.705843,241827.85205417403,243243.20790098805,240567.4606539499,241821.48286860812,23684,20732.294484620037
2025-11-09 20:52:06.705843,246622.5429816751,247507.35383577857,243316.00995707445,245321.17744313518,46312,21032.336886414196
2025-11-10 20:52:06.705843,245801.2428063716,246575.8259356521,242121.42068360036,244679.19626661288,17084,20977.297347960637
2025-11-11 20:52:06.705843,243498.94075550314,245016.4986259685,242488.13220688334,243855.71163354305,31822,20906.696813575363
2025-11-12 20:52:06.705843,248741.65469010474,251397.33654216037,248741.65469010474,249689.45777612773,13018,21406.846517157726
2025-11-13 20:52:06.705843,248976.3106298588,250103.58385548452,248483.07688653687,248937.5156643121,32870,21342.379600849803
2025-11-14 20:52:06.705843,250036.89790079198,252578.95233454177,248814.76410653398,250308.92806072158,37419,21459.956109458297
2025-11-15 20:52:06.705843,247780.0402184218,251289.0694292588,245310.00650274887,247783.39915657116,25108,21243.43271232606
2025-11-16 20:52:06.705843,245133.0218749526,246484.66182376232,244374.27677540845,244800.2898828949,20661,20987.67917377357
2025-11-17 20:52:06.705843,249637.33138634285,251278.3705002814,248780.9884119517,249550.62037969136,41593,21394.943448190275
2025-11-18 20:52:06.705843,247343.71400968492,250814.15143759016,246943.0600539792,248603.80736779748,28778,21313.769493123928
2025-11-19 20:52:06.705843,249831.39910640512,252180.47946923203,248468.96685533965,249897.31096251291,6264,21424.666577718872
2025-11-20 20:52:06.705843,250935.11296921512,252241.76248060114,247493.58131756238,250077.36935884354,23671,21440.103683028425
2025-11-21 20:52:06.705843,248267.10246073586,250209.51980833756,246169.93823492283,247467.52549556192,11471,21216.351637136653
2025-11-22 20:52:06.705843,245051.69374416757,248357.44768154787,245051.69374416757,246611.2360187756,42632,21142.93861615017
2025-11-23 20:52:06.705843,246801.6198386901,249105.78002901922,246403.40736443675,247794.74037562704,43671,21244.405039062676
2025-11-24 20:52:06.705843,246493.98588714798,249554.9521756458,243690.31049258678,247398.11934902947,35596,21210.40117875767
2025-11-25 20:52:06.705843,252697.48085289655,254922.4942052856,252234.9038502346,252894.9906939344,12950,21681.669298176817
2025-11-26 20:52:06.705843,250219.5234950913,255188.47253416566,249675.98028869403,250965.7584050494,27957,21516.26872471274
2025-11-27 20:52:06.705843,248430.46965776948,248696.15513452966,245522.9545770112,248116.58969162844,24264,21271.998430352232
2025-11-28 20:52:06.705843,252347.49345842842,252924.17452674115,250536.93494129137,250732.28417779494,11657,21496.25207285622
